{
  "type": "FeatureCollection",
  "crs": {
    "type": "name",
    "properties": {
      "name": "EPSG:6342"
    }
  },
  "features": [
    {
      "type": "Feature",
      "geometry": {
        "type": "Polygon",
        "coordinates": [
          [
            [
              424463.1940398866,
              4389174.298290729
            ],
            [
              424463.2037537547,
              4389174.320400282
            ],
            [
              424515.19319982064,
              4389278.2509796
            ],
            [
              424515.2049306142,
              4389278.271831808
            ],
            [
              424515.2262066672,
              4389278.282775112
            ],
            [
              424526.18415441114,
              4389283.261346129
            ],
            [
              424526.2067244054,
              4389283.270292049
            ],
            [
              424526.2309998167,
              4389283.269920315
            ],
            [
              424557.1894739607,
              4389281.273527438
            ],
            [
              424557.2123184824,
              4389281.270952726
            ],
            [
              424557.2150517535,
              4389281.248126625
            ],
            [
              424558.1315664757,
              4389268.422882413
            ],
            [
              424558.14377076435,
              4389268.323053138
            ],
            [
              424558.16594070866,
              4389268.224954605
            ],
            [
              424558.1978520635,
              4389268.1295790635
            ],
            [
              424558.239182051,
              4389268.037891219
            ],
            [
              424558.2895126254,
              4389267.95081848
            ],
            [
              424558.3483347015,
              4389267.869241572
            ],
            [
              424558.41505330417,
              4389267.79398563
            ],
            [
              424558.4889935861,
              4389267.725811858
            ],
            [
              424558.5694076541,
              4389267.665409818
            ],
            [
              424558.6554821336,
              4389267.61339047
            ],
            [
              424558.746346396,
              4389267.570279979
            ],
            [
              424558.8410813649,
              4389267.5365144005
            ],
            [
              424558.9387288122,
              4389267.512435268
            ],
            [
              424559.03830105084,
              4389267.498286136
            ],
            [
              424559.1387909246,
              4389267.494210123
            ],
            [
              424559.23918199574,
              4389267.500248456
            ],
            [
              424559.33845882566,
              4389267.516340058
            ],
            [
              424571.6581512506,
              4389270.155047529
            ],
            [
              424571.74934551725,
              4389270.179129124
            ],
            [
              424571.83786528156,
              4389270.211695499
            ],
            [
              424571.9229230436,
              4389270.252456934
            ],
            [
              424572.0037621025,
              4389270.301050802
            ],
            [
              424572.07966328843,
              4389270.357044796
            ],
            [
              424572.14995136025,
              4389270.419940778
            ],
            [
              424572.21400101297,
              4389270.489179202
            ],
            [
              424572.2712424405,
              4389270.564144104
            ],
            [
              424572.3211664051,
              4389270.64416857
            ],
            [
              424572.3633287671,
              4389270.7285406785
            ],
            [
              424572.397354437,
              4389270.816509828
            ],
            [
              424574.20952644444,
              4389276.250499824
            ],
            [
              424574.2180662889,
              4389276.272533441
            ],
            [
              424574.23579483904,
              4389276.2881574
            ],
            [
              424579.19962098676,
              4389280.257373202
            ],
            [
              424579.21854994213,
              4389280.27108602
            ],
            [
              424579.2419060932,
              4389280.270171804
            ],
            [
              424625.2039084961,
              4389276.275332971
            ],
            [
              424625.2267420862,
              4389276.272213641
            ],
            [
              424625.21923955233,
              4389276.25042338
            ],
            [
              424623.5036634955,
              4389271.963476054
            ],
            [
              424623.4717023299,
              4389271.870636203
            ],
            [
              424623.44899993564,
              4389271.775109477
            ],
            [
              424623.4357751807,
              4389271.677816826
            ],
            [
              424623.4321555618,
              4389271.579696225
            ],
            [
              424623.4381759747,
              4389271.481693629
            ],
            [
              424623.4537783781,
              4389271.384753859
            ],
            [
              424623.4788123531,
              4389271.289811486
            ],
            [
              424623.5130365533,
              4389271.197781826
            ],
            [
              424623.5561210315,
              4389271.109552116
            ],
            [
              424623.60765042104,
              4389271.025972956
            ],
            [
              424623.6671279396,
              4389270.947850111
            ],
            [
              424623.733980179,
              4389270.875936746
            ],
            [
              424623.8075626336,
              4389270.810926158
            ],
            [
              424627.95515562437,
              4389267.494393477
            ],
            [
              424628.03319384746,
              4389267.43793159
            ],
            [
              424628.11630226055,
              4389267.389239694
            ],
            [
              424628.2037097911,
              4389267.348769548
            ],
            [
              424628.29460548004,
              4389267.316896632
            ],
            [
              424628.3881460054,
              4389267.293916659
            ],
            [
              424628.4834635067,
              4389267.2800428355
            ],
            [
              424628.5796736368,
              4389267.275403881
            ],
            [
              424633.2061015715,
              4389267.275403881
            ],
            [
              424633.22931928595,
              4389267.274287763
            ],
            [
              424633.23772323696,
              4389267.252615624
            ],
            [
              424634.0023584584,
              4389264.959775802
            ],
            [
              424634.03707866516,
              4389264.870239208
            ],
            [
              424634.0802273017,
              4389264.784445914
            ],
            [
              424634.1314064386,
              4389264.7031871285
            ],
            [
              424634.19014408684,
              4389264.627212245
            ],
            [
              424634.2558985505,
              4389264.557221926
            ],
            [
              424634.3280634225,
              4389264.493861643
            ],
            [
              424634.40597317735,
              4389264.437715722
            ],
            [
              424634.4889093082,
              4389264.389301959
            ],
            [
              424634.5761069537,
              4389264.34906684
            ],
            [
              424634.6667619515,
              4389264.317381423
            ],
            [
              424634.76003825455,
              4389264.294537922
            ],
            [
              424634.85507564136,
              4389264.280747007
            ],
            [
              424634.9509976491,
              4389264.276135859
            ],
            [
              424636.64273608575,
              4389264.276135859
            ],
            [
              424636.7392673993,
              4389264.280805911
            ],
            [
              424636.83489710034,
              4389264.294772448
            ],
            [
              424636.92873199756,
              4389264.317905021
            ],
            [
              424637.01989566325,
              4389264.34998757
            ],
            [
              424637.1075366193,
              4389264.39072044
            ],
            [
              424637.1908362901,
              4389264.4397231825
            ],
            [
              424637.269016648,
              4389264.496538105
            ],
            [
              424637.3413474804,
              4389264.5606345525
            ],
            [
              424637.40715320985,
              4389264.6314138565
            ],
            [
              424637.46581920394,
              4389264.708214931
            ],
            [
              424637.51679751626,
              4389264.790320446
            ],
            [
              424642.22036570305,
              4389273.252809339
            ],
            [
              424642.2327793549,
              4389273.272802728
            ],
            [
              424642.2562855513,
              4389273.273939926
            ],
            [
              424644.2080032585,
              4389273.273939926
            ],
            [
              424644.23140235234,
              4389273.272790402
            ],
            [
              424644.23255187634,
              4389273.249391304
            ],
            [
              424644.23255187634,
              4389267.48047099
            ],
            [
              424644.2373069721,
              4389267.383066778
            ],
            [
              424644.2515270375,
              4389267.286588898
            ],
            [
              424644.2750768369,
              4389267.191954874
            ],
            [
              424644.3077324073,
              4389267.100064694
            ],
            [
              424644.34918318794,
              4389267.011792251
            ],
            [
              424644.39903497393,
              4389266.927977032
            ],
            [
              424644.45681366534,
              4389266.849416137
            ],
            [
              424644.52196977567,
              4389266.776856693
            ],
            [
              424644.5938836578,
              4389266.710988757
            ],
            [
              424644.671871397,
              4389266.652438744
            ],
            [
              424644.75519131497,
              4389266.601763477
            ],
            [
              424644.84305102326,
              4389266.559444885
            ],
            [
              424644.93461495923,
              4389266.525885428
            ],
            [
              424645.0290123323,
              4389266.501404264
            ],
            [
              424645.1253454055,
              4389266.48623421
            ],
            [
              424645.2226980327,
              4389266.48051954
            ],
            [
              424645.3201443719,
              4389266.484314599
            ],
            [
              424645.4167576896,
              4389266.497583296
            ],
            [
              424660.21034463,
              4389269.270092028
            ],
            [
              424660.2360503244,
              4389269.273528598
            ],
            [
              424660.26155976084,
              4389269.26885303
            ],
            [
              424681.206129778,
              4389264.284367716
            ],
            [
              424681.27379422955,
              4389264.263086169
            ],
            [
              424757.2328419119,
              4389234.293183264
            ],
            [
              424757.25684520917,
              4389234.282209728
            ],
            [
              424757.2795528588,
              4389234.268758356
            ],
            [
              424760.2377040992,
              4389232.297573847
            ],
            [
              424760.2569808636,
              4389232.283312974
            ],
            [
              424760.25815894036,
              4389232.259363469
            ],
            [
              424760.25815894036,
              4389228.19019299
            ],
            [
              424760.2629647572,
              4389228.092271911
            ],
            [
              424760.27733601595,
              4389227.995292013
            ],
            [
              424760.3011345854,
              4389227.900185431
            ],
            [
              424760.33413172234,
              4389227.807866297
            ],
            [
              424760.37601027044,
              4389227.719221946
            ],
            [
              424760.42636770837,
              4389227.635104396
            ],
            [
              424760.484720019,
              4389227.5563221555
            ],
            [
              424760.55050634115,
              4389227.483632448
            ],
            [
              424760.62309436087,
              4389227.417733943
            ],
            [
              424760.7017863887,
              4389227.35926003
            ],
            [
              424760.78582606564,
              4389227.308772741
            ],
            [
              424760.8744056332,
              4389227.26675734
            ],
            [
              424760.966673697,
              4389227.233617664
            ],
            [
              424761.06174341013,
              4389227.209672241
            ],
            [
              424761.15870099736,
              4389227.195151223
            ],
            [
              424770.2359441162,
              4389226.287848677
            ],
            [
              424770.2589976006,
              4389226.284395112
            ],
            [
              424770.2555508154,
              4389226.2613406135
            ],
            [
              424769.3915851323,
              4389221.943519366
            ],
            [
              424769.3770557014,
              4389221.846263919
            ],
            [
              424769.37214854336,
              4389221.748051668
            ],
            [
              424769.37691110914,
              4389221.649832299
            ],
            [
              424769.39129734604,
              4389221.552555567
            ],
            [
              424769.415168143,
              4389221.457162111
            ],
            [
              424769.44829267595,
              4389221.36457436
            ],
            [
              424769.4903506398,
              4389221.275687611
            ],
            [
              424769.5409353455,
              4389221.191361376
            ],
            [
              424769.59955765284,
              4389221.112411065
            ],
            [
              424769.66565070004,
              4389221.039600108
            ],
            [
              424769.7385753855,
              4389220.973632566
            ],
            [
              424769.8176265472,
              4389220.915146326
            ],
            [
              424772.0089447928,
              4389219.454946279
            ],
            [
              424772.0929964254,
              4389219.404699586
            ],
            [
              424772.1815595871,
              4389219.362914738
            ],
            [
              424772.27378500975,
              4389219.329992429
            ],
            [
              424772.3687883063,
              4389219.306248362
            ],
            [
              424772.4656584515,
              4389219.29191023
            ],
            [
              424772.56346651807,
              4389219.287115526
            ],
            [
              424773.6430998173,
              4389219.287115526
            ],
            [
              424773.7398354428,
              4389219.2918054145
            ],
            [
              424773.83566370985,
              4389219.305831089
            ],
            [
              424773.92968577065,
              4389219.329060991
            ],
            [
              424774.0210197193,
              4389219.361277232
            ],
            [
              424774.1088088638,
              4389219.402177628
            ],
            [
              424774.1922297616,
              4389219.451378544
            ],
            [
              424774.2704999434,
              4389219.5084184855
            ],
            [
              424774.3428852524,
              4389219.572762431
            ],
            [
              424774.4087067305,
              4389219.643806849
            ],
            [
              424774.46734698705,
              4389219.720885359
            ],
            [
              424774.51825598953,
              4389219.80327498
            ],
            [
              424774.5609562229,
              4389219.890202918
            ],
            [
              424774.59504716843,
              4389219.980853807
            ],
            [
              424774.62020906084,
              4389220.074377363
            ],
            [
              424774.6362058871,
              4389220.169896355
            ],
            [
              424774.6428876005,
              4389220.266514837
            ],
            [
              424774.64019152825,
              4389220.363326549
            ],
            [
              424774.6281429588,
              4389220.459423417
            ],
            [
              424774.60685490497,
              4389220.553904077
            ],
            [
              424774.57652704406,
              4389220.645882321
            ],
            [
              424774.5374438445,
              4389220.734495411
            ],
            [
              424773.2717804803,
              4389223.2646459825
            ],
            [
              424773.2623881132,
              4389223.285918921
            ],
            [
              424773.2780263889,
              4389223.30312935
            ],
            [
              424775.2441128104,
              4389225.268302248
            ],
            [
              424775.26195933175,
              4389225.284470311
            ],
            [
              424775.2860115575,
              4389225.285651571
            ],
            [
              424779.23857708287,
              4389225.285651571
            ],
            [
              424779.26213741075,
              4389225.284530592
            ],
            [
              424779.28443018865,
              4389225.276824879
            ],
            [
              424794.2437152855,
              4389219.295891116
            ],
            [
              424794.26474077534,
              4389219.286309031
            ],
            [
              424794.27140013507,
              4389219.264183482
            ],
            [
              424794.9634955996,
              4389216.497087928
            ],
            [
              424794.9923625311,
              4389216.40201639
            ],
            [
              424795.0305213762,
              4389216.310278723
            ],
            [
              424795.0775954347,
              4389216.222780551
            ],
            [
              424795.13311999623,
              4389216.140385647
            ],
            [
              424795.19654692814,
              4389216.063907406
            ],
            [
              424795.2672500863,
              4389215.994100814
            ],
            [
              424795.34453149635,
              4389215.931654992
            ],
            [
              424795.4276282442,
              4389215.877186399
            ],
            [
              424795.51572000736,
              4389215.831232745
            ],
            [
              424795.6079371529,
              4389215.794247679
            ],
            [
              424795.70336932276,
              4389215.7665963145
            ],
            [
              424795.8010744203,
              4389215.748551622
            ],
            [
              424795.90008791094,
              4389215.740291736
            ],
            [
              424795.99943234364,
              4389215.7418982
            ],
            [
              424796.0981270004,
              4389215.753355152
            ],
            [
              424796.1951975777,
              4389215.774549492
            ],
            [
              424796.28968580486,
              4389215.805271991
            ],
            [
              424796.38065890386,
              4389215.84521936
            ],
            [
              424799.24453542754,
              4389217.276492285
            ],
            [
              424799.2659909018,
              4389217.285913639
            ],
            [
              424799.27279899863,
              4389217.263491573
            ],
            [
              424800.0481916037,
              4389214.163362268
            ],
            [
              424800.0765320696,
              4389214.06976167
            ],
            [
              424800.1138799157,
              4389213.979376978
            ],
            [
              424800.15987793764,
              4389213.893072656
            ],
            [
              424800.2140861987,
              4389213.811674139
            ],
            [
              424800.2759862373,
              4389213.735959944
            ],
            [
              424800.3449860257,
              4389213.666654222
            ],
            [
              424800.4204256325,
              4389213.604419827
            ],
            [
              424800.501583534,
              4389213.549851988
            ],
            [
              424800.58768351545,
              4389213.503472604
            ],
            [
              424800.67790209485,
              4389213.46572526
            ],
            [
              424800.7713763986,
              4389213.43697098
            ],
            [
              424800.8672124149,
              4389213.417484779
            ],
            [
              424800.96449354367,
              4389213.407453026
            ],
            [
              424801.0622893634,
              4389213.406971669
            ],
            [
              424801.1596645302,
              4389213.41604531
            ],
            [
              424807.2459858398,
              4389214.285115791
            ],
            [
              424807.26839468867,
              4389214.287280135
            ],
            [
              424807.289471174,
              4389214.279366678
            ],
            [
              424821.2469354213,
              4389208.300375659
            ],
            [
              424821.2707045679,
              4389208.288645733
            ],
            [
              424821.28742736473,
              4389208.268080911
            ],
            [
              424829.2602818137,
              4389197.310499747
            ],
            [
              424829.2724894543,
              4389197.2920471085
            ],
            [
              424829.27938917564,
              4389197.2710252125
            ],
            [
              424848.27146851114,
              4389129.330955242
            ],
            [
              424848.2765691379,
              4389129.3088882
            ],
            [
              424848.2775849889,
              4389129.286355652
            ],
            [
              424848.2775849889,
              4389122.335116207
            ],
            [
              424848.2764719072,
              4389122.312258267
            ],
            [
              424848.2541870296,
              4389122.317464835
            ],
            [
              424841.5334036408,
              4389124.236796446
            ],
            [
              424841.4314980371,
              4389124.260213696
            ],
            [
              424841.3277043109,
              4389124.272862097
            ],
            [
              424841.22315725137,
              4389124.274603363
            ],
            [
              424841.1189998842,
              4389124.265418457
            ],
            [
              424841.0163709742,
              4389124.245407797
            ],
            [
              424834.03184417286,
              4389122.50008742
            ],
            [
              424833.9411841297,
              4389122.472813589
            ],
            [
              424833.85350960377,
              4389122.437088488
            ],
            [
              424833.769606431,
              4389122.393232325
            ],
            [
              424833.69022664445,
              4389122.34163819
            ],
            [
              424833.61608173343,
              4389122.282768524
            ],
            [
              424833.54783626663,
              4389122.217150984
            ],
            [
              424833.4861019353,
              4389122.145373706
            ],
            [
              424833.43143207085,
              4389122.068080037
            ],
            [
              424833.38431668497,
              4389121.985962768
            ],
            [
              424833.34517807787,
              4389121.899757926
            ],
            [
              424833.3143670529,
              4389121.810238174
            ],
            [
              424833.2921597727,
              4389121.718205886
            ],
            [
              424833.27875528333,
              4389121.624485957
            ],
            [
              424833.27427373064,
              4389121.52991841
            ],
            [
              424833.27427373064,
              4389120.311514787
            ],
            [
              424833.279089004,
              4389120.213497647
            ],
            [
              424833.29348845023,
              4389120.116424466
            ],
            [
              424833.3173333949,
              4389120.02123011
            ],
            [
              424833.35039419815,
              4389119.928831355
            ],
            [
              424833.3923524663,
              4389119.840118051
            ],
            [
              424833.4428041183,
              4389119.755944555
            ],
            [
              424833.50126327726,
              4389119.677121503
            ],
            [
              424833.56716694945,
              4389119.604408006
            ],
            [
              424833.6398804465,
              4389119.538504334
            ],
            [
              424833.7187034976,
              4389119.480045175
            ],
            [
              424833.80287699384,
              4389119.429593523
            ],
            [
              424833.89159029827,
              4389119.387635255
            ],
            [
              424833.9839890534,
              4389119.354574451
            ],
            [
              424834.07918340864,
              4389119.330729507
            ],
            [
              424834.1762565903,
              4389119.31633006
            ],
            [
              424834.27427373064,
              4389119.311514787
            ],
            [
              424848.2530363711,
              4389119.311514787
            ],
            [
              424848.2764354649,
              4389119.310365263
            ],
            [
              424848.2775849889,
              4389119.2869661655
            ],
            [
              424848.2775849889,
              4389114.337639996
            ],
            [
              424848.27642395184,
              4389114.314345366
            ],
            [
              424848.2539566891,
              4389114.32060719
            ],
            [
              424840.41213920666,
              4389116.933331809
            ],
            [
              424840.3185302241,
              4389116.959540201
            ],
            [
              424840.2228188502,
              4389116.976535917
            ],
            [
              424840.12590951164,
              4389116.984158356
            ],
            [
              424840.0287179554,
              4389116.982335487
            ],
            [
              424839.93216259504,
              4389116.971084539
            ],
            [
              424839.8371558327,
              4389116.950511824
            ],
            [
              424839.7445954366,
              4389116.920811748
            ],
            [
              424839.6553560584,
              4389116.882264961
            ],
            [
              424839.5702809674,
              4389116.83523571
            ],
            [
              424839.49017408246,
              4389116.780168402
            ],
            [
              424839.4157923754,
              4389116.717583396
            ],
            [
              424839.34783871775,
              4389116.648072088
            ],
            [
              424839.286955239,
              4389116.572291329
            ],
            [
              424839.23371725896,
              4389116.490957209
            ],
            [
              424839.18862785096,
              4389116.404838298
            ],
            [
              424839.1521130884,
              4389116.314748379
            ],
            [
              424839.12451801833,
              4389116.221538758
            ],
            [
              424839.10610340093,
              4389116.12609022
            ],
            [
              424838.4385226846,
              4389111.455196503
            ],
            [
              424838.42931205186,
              4389111.354910693
            ],
            [
              424838.43023488706,
              4389111.25420703
            ],
            [
              424838.44128183066,
              4389111.154106858
            ],
            [
              424838.4623408438,
              4389111.055625401
            ],
            [
              424838.4931983442,
              4389110.959761467
            ],
            [
              424838.53354137274,
              4389110.867487313
            ],
            [
              424838.5829607671,
              4389110.779738792
            ],
            [
              424838.640955312,
              4389110.697405858
            ],
            [
              424838.70693682204,
              4389110.621323536
            ],
            [
              424838.7802361076,
              4389110.55226346
            ],
            [
              424838.8601097614,
              4389110.490926042
            ],
            [
              424838.94574769866,
              4389110.437933372
            ],
            [
              424839.0362813725,
              4389110.393822906
            ],
            [
              424839.1307925832,
              4389110.359042015
            ],
            [
              424839.2283227907,
              4389110.333943449
            ],
            [
              424839.32788283576,
              4389110.3187817605
            ],
            [
              424839.4284629726,
              4389110.313710721
            ],
            [
              424848.2522764338,
              4389110.313710721
            ],
            [
              424848.2764246043,
              4389110.312487627
            ],
            [
              424848.27891579334,
              4389110.288437186
            ],
            [
              424849.2765274265,
              4389091.342623242
            ],
            [
              424849.27662064426,
              4389091.319298193
            ],
            [
              424849.25382591726,
              4389091.314351801
            ],
            [
              424843.30232008995,
              4389090.322895047
            ],
            [
              424843.2766922815,
              4389090.319994622
            ],
            [
              424843.2530495855,
              4389090.330300955
            ],
            [
              424840.7877467547,
              4389091.56237963
            ],
            [
              424840.69879199594,
              4389091.6015554145
            ],
            [
              424840.60645408917,
              4389091.6319100205
            ],
            [
              424840.51160541427,
              4389091.653156668
            ],
            [
              424840.4151420723,
              4389091.665094625
            ],
            [
              424840.31797541917,
              4389091.667611106
            ],
            [
              424840.2210234553,
              4389091.6606823355
            ],
            [
              424840.125202153,
              4389091.644373774
            ],
            [
              424840.0314168023,
              4389091.6188395
            ],
            [
              424839.9405534582,
              4389091.584320753
            ],
            [
              424839.85347056953,
              4389091.541143657
            ],
            [
              424839.77099086856,
              4389091.489716134
            ],
            [
              424839.69389359804,
              4389091.430524056
            ],
            [
              424839.6229071491,
              4389091.3641266525
            ],
            [
              424839.5587021798,
              4389091.291151225
            ],
            [
              424839.50188527897,
              4389091.212287222
            ],
            [
              424839.45299323497,
              4389091.128279727
            ],
            [
              424839.4124879649,
              4389091.039922417
            ],
            [
              424839.3807521499,
              4389090.948050064
            ],
            [
              424839.3580856202,
              4389090.85353065
            ],
            [
              424839.34470252227,
              4389090.757257165
            ],
            [
              424839.34072929533,
              4389090.660139172
            ],
            [
              424839.3462034773,
              4389090.563094211
            ],
            [
              424839.3610733498,
              4389090.4670391325
            ],
            [
              424839.3851984268,
              4389090.372881436
            ],
            [
              424839.418350782,
              4389090.281510694
            ],
            [
              424839.4602172023,
              4389090.193790149
            ],
            [
              424839.51040214667,
              4389090.110548558
            ],
            [
              424839.56843148323,
              4389090.032572361
            ],
            [
              424839.63375696854,
              4389089.960598254
            ],
            [
              424844.9840577361,
              4389084.6127834525
            ],
            [
              424845.05676408816,
              4389084.546915101
            ],
            [
              424845.13557486946,
              4389084.488488103
            ],
            [
              424845.2197315379,
              4389084.438064811
            ],
            [
              424845.308424098,
              4389084.3961305395
            ],
            [
              424845.40079889685,
              4389084.3630889
            ],
            [
              424845.4959668405,
              4389084.339257916
            ],
            [
              424845.5930119515,
              4389084.324866955
            ],
            [
              424845.6910001848,
              4389084.320054528
            ],
            [
              424849.25273052254,
              4389084.320054528
            ],
            [
              424849.2766813344,
              4389084.3188526295
            ],
            [
              424849.2794744894,
              4389084.29503491
            ],
            [
              424851.2771391005,
              4389054.343988685
            ],
            [
              424851.2782472406,
              4389054.310723013
            ],
            [
              424851.2782472406,
              4389052.351543985
            ],
            [
              424851.27716501395,
              4389052.328707363
            ],
            [
              424851.2552719936,
              4389052.322121149
            ],
            [
              424843.6038957834,
              4389050.410165882
            ],
            [
              424843.5148531818,
              4389050.383461872
            ],
            [
              424843.4286750596,
              4389050.34860473
            ],
            [
              424843.34610614117,
              4389050.305895682
            ],
            [
              424843.2678599616,
              4389050.255703807
            ],
            [
              424843.1946126999,
              4389050.198462845
            ],
            [
              424843.1269973363,
              4389050.134667456
            ],
            [
              424843.06559818145,
              4389050.06486894
            ],
            [
              424839.6755933514,
              4389045.82933182
            ],
            [
              424839.61989488814,
              4389045.752540199
            ],
            [
              424839.5717236463,
              4389045.670816253
            ],
            [
              424839.53151313215,
              4389045.584895438
            ],
            [
              424839.49962521106,
              4389045.495550979
            ],
            [
              424839.4763468511,
              4389045.403586911
            ],
            [
              424839.46188754047,
              4389045.3098308435
            ],
            [
              424839.4563774026,
              4389045.215126513
            ],
            [
              424839.45986602455,
              4389045.120326188
            ],
            [
              424839.47232201137,
              4389045.026283005
            ],
            [
              424839.4936332682,
              4389044.933843284
            ],
            [
              424839.52360800933,
              4389044.843838912
            ],
            [
              424839.56197648385,
              4389044.757079867
            ],
            [
              424843.9350925825,
              4389036.014911524
            ],
            [
              424843.9843995839,
              4389035.927583614
            ],
            [
              424844.04220541357,
              4389035.845633445
            ],
            [
              424844.10792869836,
              4389035.769885217
            ],
            [
              424844.1809084366,
              4389035.701100756
            ],
            [
              424844.26041064586,
              4389035.639971852
            ],
            [
              424844.34563574515,
              4389035.5871132985
            ],
            [
              424844.4357265962,
              4389035.5430567125
            ],
            [
              424844.5297771244,
              4389035.508245187
            ],
            [
              424844.6268414312,
              4389035.483028832
            ],
            [
              424844.72594330745,
              4389035.467661258
            ],
            [
              424844.8260860515,
              4389035.462297021
            ],
            [
              424844.9262624932,
              4389035.466990073
            ],
            [
              424845.0254651236,
              4389035.481693213
            ],
            [
              424848.70877534064,
              4389036.218012973
            ],
            [
              424848.801482703,
              4389036.241202377
            ],
            [
              424848.8915532128,
              4389036.273135224
            ],
            [
              424848.97816430975,
              4389036.313519892
            ],
            [
              424849.0605250265,
              4389036.36198757
            ],
            [
              424849.13788321166,
              4389036.418095633
            ],
            [
              424849.20953239914,
              4389036.481331679
            ],
            [
              424849.27481825964,
              4389036.55111821
            ],
            [
              424849.3331445763,
              4389036.626817908
            ],
            [
              424849.3839786897,
              4389036.707739453
            ],
            [
              424849.4268563621,
              4389036.793143836
            ],
            [
              424849.46138601744,
              4389036.882251111
            ],
            [
              424851.2705557137,
              4389042.307238359
            ],
            [
              424851.27733709716,
              4389042.324696133
            ],
            [
              424851.2782472406,
              4389042.305989648
            ],
            [
              424851.2782472406,
              4389031.357013551
            ],
            [
              424851.27713064285,
              4389031.333791053
            ],
            [
              424851.2554517746,
              4389031.325391179
            ],
            [
              424846.66748882947,
              4389029.796780782
            ],
            [
              424846.5769027584,
              4389029.761623379
            ],
            [
              424846.4901565259,
              4389029.717840158
            ],
            [
              424846.40806917934,
              4389029.665844517
            ],
            [
              424846.33141577744,
              4389029.60612739
            ],
            [
              424846.26092007244,
              4389029.53925262
            ],
            [
              424846.19724767626,
              4389029.465851631
            ],
            [
              424846.140999776,
              4389029.386617466
            ],
            [
              424846.0927074575,
              4389029.302298243
            ],
            [
              424846.052826691,
              4389029.2136900965
            ],
            [
              424846.0217340259,
              4389029.121629653
            ],
            [
              424845.99972303543,
              4389029.026986134
            ],
            [
              424845.9870015446,
              4389028.930653155
            ],
            [
              424845.9836896683,
              4389028.8335402785
            ],
            [
              424845.9898186768,
              4389028.736564433
            ],
            [
              424846.0053307008,
              4389028.640641253
            ],
            [
              424846.0300792775,
              4389028.546676435
            ],
            [
              424846.063830734,
              4389028.4555571815
            ],
            [
              424846.10626639304,
              4389028.3681438295
            ],
            [
              424846.1569855823,
              4389028.285261726
            ],
            [
              424846.21550941747,
              4389028.207693433
            ],
            [
              424850.2625641169,
              4389023.353484305
            ],
            [
              424850.27668389597,
              4389023.334782224
            ],
            [
              424850.2672238902,
              4389023.313342916
            ],
            [
              424835.28499881004,
              4388993.3628154555
            ],
            [
              424835.2739309727,
              4388993.343019413
            ],
            [
              424835.25415382365,
              4388993.331981928
            ],
            [
              424833.2971301307,
              4388992.353924738
            ],
            [
              424833.2743428231,
              4388992.343956413
            ],
            [
              424833.2526029615,
              4388992.356039786
            ],
            [
              424825.29251754045,
              4388997.328781562
            ],
            [
              424825.2733158153,
              4388997.342075744
            ],
            [
              424825.2603648506,
              4388997.361510608
            ],
            [
              424822.5631778909,
              4389001.854733503
            ],
            [
              424822.50570610096,
              4389001.9401744185
            ],
            [
              424822.43975268054,
              4389002.019252246
            ],
            [
              424822.36601694406,
              4389002.091128512
            ],
            [
              424822.28528072307,
              4389002.155041102
            ],
            [
              424822.1984000764,
              4389002.21031234
            ],
            [
              424822.1062962131,
              4389002.256356178
            ],
            [
              424822.00994572486,
              4389002.292684403
            ],
            [
              424821.910370231,
              4389002.3189118225
            ],
            [
              424821.8086255461,
              4389002.334760345
            ],
            [
              424821.70579048496,
              4389002.340061923
            ],
            [
              424820.2711832229,
              4389002.340061923
            ],
            [
              424820.17316608253,
              4389002.33524665
            ],
            [
              424820.0760929009,
              4389002.320847203
            ],
            [
              424819.98089854565,
              4389002.297002259
            ],
            [
              424819.8884997905,
              4389002.263941455
            ],
            [
              424819.7997864861,
              4389002.221983187
            ],
            [
              424819.71561298985,
              4389002.171531535
            ],
            [
              424819.6367899387,
              4389002.113072376
            ],
            [
              424819.5640764417,
              4389002.047168704
            ],
            [
              424819.4981727695,
              4389001.974455207
            ],
            [
              424819.43971361057,
              4389001.895632155
            ],
            [
              424819.38926195854,
              4389001.811458659
            ],
            [
              424819.3473036904,
              4389001.722745355
            ],
            [
              424819.31424288714,
              4389001.6303466
            ],
            [
              424819.2903979425,
              4389001.535152244
            ],
            [
              424819.2759984962,
              4389001.438079063
            ],
            [
              424819.2711832229,
              4389001.340061923
            ],
            [
              424819.2711832229,
              4388997.365843803
            ],
            [
              424819.27004420554,
              4388997.342671137
            ],
            [
              424819.2470978408,
              4388997.346096723
            ],
            [
              424814.294852233,
              4388998.336085643
            ],
            [
              424814.27144931705,
              4388998.342007104
            ],
            [
              424814.27365381265,
              4388998.366046664
            ],
            [
              424815.18110518623,
              4389004.715254809
            ],
            [
              424815.19037727016,
              4389004.817058908
            ],
            [
              424815.1892075387,
              4389004.919277683
            ],
            [
              424815.1776082155,
              4389005.020842942
            ],
            [
              424815.1557005141,
              4389005.120693324
            ],
            [
              424815.12371337094,
              4389005.217785388
            ],
            [
              424815.08198105317,
              4389005.311104517
            ],
            [
              424815.0309396654,
              4389005.399675522
            ],
            [
              424814.9711225926,
              4389005.482572832
            ],
            [
              424814.9031549258,
              4389005.558930166
            ],
            [
              424814.82774693036,
              4389005.627949587
            ],
            [
              424814.74568662344,
              4389005.688909838
            ],
            [
              424809.2898655238,
              4389009.324433907
            ],
            [
              424809.2699852506,
              4389009.339173416
            ],
            [
              424809.259649022,
              4389009.361659878
            ],
            [
              424807.2773754281,
              4389014.3150412515
            ],
            [
              424807.26973191666,
              4389014.337134011
            ],
            [
              424807.2773754281,
              4389014.359226771
            ],
            [
              424808.85726341634,
              4389018.307111542
            ],
            [
              424808.8892807945,
              4389018.40014517
            ],
            [
              424808.9120008123,
              4389018.495874839
            ],
            [
              424808.92520353175,
              4389018.593373847
            ],
            [
              424808.9287611456,
              4389018.691698371
            ],
            [
              424808.92263921496,
              4389018.789896592
            ],
            [
              424808.90689700225,
              4389018.887017914
            ],
            [
              424808.88168689795,
              4389018.982122169
            ],
            [
              424808.8472529452,
              4389019.074288711
            ],
            [
              424808.8039284772,
              4389019.162625334
            ],
            [
              424808.752132891,
              4389019.246276908
            ],
            [
              424808.6923675867,
              4389019.324433654
            ],
            [
              424808.6252111147,
              4389019.396338986
            ],
            [
              424808.55131357425,
              4389019.461296835
            ],
            [
              424808.4713903209,
              4389019.518678384
            ],
            [
              424808.3862150411,
              4389019.567928158
            ],
            [
              424808.296612263,
              4389019.608569402
            ],
            [
              424808.2034493744,
              4389019.640208693
            ],
            [
              424802.2916925531,
              4389021.328497258
            ],
            [
              424802.2689785795,
              4389021.336242614
            ],
            [
              424802.2754128808,
              4389021.359362188
            ],
            [
              424803.2597734031,
              4389024.311071632
            ],
            [
              424803.26842906995,
              4389024.333277034
            ],
            [
              424803.29180980066,
              4389024.328657244
            ],
            [
              424810.1938971534,
              4389022.603937154
            ],
            [
              424810.2904331039,
              4389022.584805879
            ],
            [
              424810.3883820626,
              4389022.57525617
            ],
            [
              424810.4867953746,
              4389022.575380519
            ],
            [
              424810.5847198877,
              4389022.585177721
            ],
            [
              424810.68120718386,
              4389022.604552888
            ],
            [
              424810.7753227648,
              4389022.633318369
            ],
            [
              424810.86615510273,
              4389022.671195563
            ],
            [
              424810.95282446867,
              4389022.717817622
            ],
            [
              424811.03449145285,
              4389022.772733004
            ],
            [
              424811.1103650947,
              4389022.8354098415
            ],
            [
              424811.17971054296,
              4389022.905241096
            ],
            [
              424811.2418561736,
              4389022.981550441
            ],
            [
              424811.29620009393,
              4389023.063598803
            ],
            [
              424811.34221597255,
              4389023.150591529
            ],
            [
              424811.37945813657,
              4389023.241686077
            ],
            [
              424811.4075658884,
              4389023.336000179
            ],
            [
              424811.4262669991,
              4389023.432620383
            ],
            [
              424812.15153273894,
              4389028.507121647
            ],
            [
              424812.1606854437,
              4389028.606025837
            ],
            [
              424812.159981286,
              4389028.70535013
            ],
            [
              424812.1494272128,
              4389028.804114609
            ],
            [
              424812.1291273486,
              4389028.901344884
            ],
            [
              424812.0992819681,
              4389028.9960817
            ],
            [
              424812.0601855201,
              4389029.0873904
            ],
            [
              424812.0122237228,
              4389029.17437015
            ],
            [
              424811.95586975827,
              4389029.256162824
            ],
            [
              424811.891679604,
              4389029.331961472
            ],
            [
              424811.8202865479,
              4389029.401018278
            ],
            [
              424811.7423949404,
              4389029.462651941
            ],
            [
              424811.6587732454,
              4389029.516254394
            ],
            [
              424811.5702464587,
              4389029.561296807
            ],
            [
              424811.4776879687,
              4389029.597334798
            ],
            [
              424806.2916075557,
              4389031.325225048
            ],
            [
              424806.2697681999,
              4389031.333713504
            ],
            [
              424806.27608104853,
              4389031.356278058
            ],
            [
              424807.0268110628,
              4389033.607421642
            ],
            [
              424807.05373797484,
              4389033.7040755795
            ],
            [
              424807.0708438218,
              4389033.802941308
            ],
            [
              424807.0779563983,
              4389033.903023542
            ],
            [
              424807.07500410173,
              4389034.003314748
            ],
            [
              424807.0620166531,
              4389034.102805292
            ],
            [
              424807.03912479745,
              4389034.200493599
            ],
            [
              424807.0065589881,
              4389034.295396235
            ],
            [
              424806.9646470665,
              4389034.386557811
            ],
            [
              424806.91381096165,
              4389034.473060601
            ],
            [
              424806.8545624428,
              4389034.554033778
            ],
            [
              424806.7874979673,
              4389034.628662179
            ],
            [
              424806.7132926761,
              4389034.696194519
            ],
            [
              424806.632693597,
              4389034.755950947
            ],
            [
              424804.28830382676,
              4389036.318151261
            ],
            [
              424804.26893519383,
              4389036.332478445
            ],
            [
              424804.263054665,
              4389036.355841479
            ],
            [
              424803.5244578249,
              4389040.047109771
            ],
            [
              424803.50094151613,
              4389040.140839354
            ],
            [
              424803.46848806326,
              4389040.231861467
            ],
            [
              424803.42740052484,
              4389040.319326121
            ],
            [
              424803.3780625866,
              4389040.402416551
            ],
            [
              424803.3209349786,
              4389040.480356836
            ],
            [
              424803.2565511729,
              4389040.552419149
            ],
            [
              424803.1855124016,
              4389040.617930558
            ],
            [
              424803.10848204256,
              4389040.676279297
            ],
            [
              424803.0261794248,
              4389040.726920493
            ],
            [
              424802.9393731107,
              4389040.769381245
            ],
            [
              424802.84887371963,
              4389040.803265043
            ],
            [
              424802.7555263576,
              4389040.828255473
            ],
            [
              424802.66020272573,
              4389040.844119168
            ],
            [
              424802.56379298016,
              4389040.850707987
            ],
            [
              424802.46719741926,
              4389040.847960405
            ],
            [
              424802.37131807674,
              4389040.835902077
            ],
            [
              424802.277050298,
              4389040.814645608
            ],
            [
              424802.1852743793,
              4389040.784389495
            ],
            [
              424802.09684734716,
              4389040.745416279
            ],
            [
              424797.28814510786,
              4389038.342182318
            ],
            [
              424797.26703561883,
              4389038.332889566
            ],
            [
              424797.2596229872,
              4389038.354730319
            ],
            [
              424795.4731703256,
              4389044.60440943
            ],
            [
              424795.44114531553,
              4389044.698480048
            ],
            [
              424795.39994194603,
              4389044.788907724
            ],
            [
              424795.3499670954,
              4389044.874799497
            ],
            [
              424795.29171425954,
              4389044.955307196
            ],
            [
              424795.2257586783,
              4389045.029635815
            ],
            [
              424795.15275165526,
              4389045.09705137
            ],
            [
              424795.0734141262,
              4389045.156888138
            ],
            [
              424794.98852953984,
              4389045.208555239
            ],
            [
              424794.89893612155,
              4389045.251542468
            ],
            [
              424794.80551859573,
              4389045.285425328
            ],
            [
              424794.7091994496,
              4389045.309869233
            ],
            [
              424794.6109298232,
              4389045.324632799
            ],
            [
              424794.5116801177,
              4389045.32957024
            ],
            [
              424790.28933007474,
              4389045.32957024
            ],
            [
              424790.2659309809,
              4389045.330719764
            ],
            [
              424790.2647814569,
              4389045.354118862
            ],
            [
              424790.2647814569,
              4389055.164781092
            ],
            [
              424790.2590306897,
              4389055.271872002
            ],
            [
              424790.2418445309,
              4389055.377731202
            ],
            [
              424790.2134206476,
              4389055.481141149
            ],
            [
              424787.3655157815,
              4389064.020885991
            ],
            [
              424787.3278004489,
              4389064.117100442
            ],
            [
              424787.28035675304,
              4389064.208908734
            ],
            [
              424787.22369137674,
              4389064.295330387
            ],
            [
              424787.1584094873,
              4389064.375442443
            ],
            [
              424787.08520827355,
              4389064.4483893365
            ],
            [
              424787.00486949994,
              4389064.513392015
            ],
            [
              424776.40990012314,
              4389072.215244032
            ],
            [
              424776.3342966615,
              4389072.2651311485
            ],
            [
              424776.25448924524,
              4389072.307972531
            ],
            [
              424776.17113266315,
              4389072.343416682
            ],
            [
              424776.0849108231,
              4389072.3711728
            ],
            [
              424766.0499601981,
              4389075.106705885
            ],
            [
              424765.95422239526,
              4389075.127822873
            ],
            [
              424765.8568768913,
              4389075.1394636175
            ],
            [
              424765.7588593375,
              4389075.141516231
            ],
            [
              424765.66111184476,
              4389075.133960985
            ],
            [
              424765.5645739282,
              4389075.116870498
            ],
            [
              424765.47017347685,
              4389075.090409039
            ],
            [
              424765.3788178352,
              4389075.054830944
            ],
            [
              424765.291385082,
              4389075.010478179
            ],
            [
              424765.20871559076,
              4389074.9577770475
            ],
            [
              424765.1316039519,
              4389074.897234093
            ],
            [
              424765.06079133594,
              4389074.829431236
            ],
            [
              424764.9969583692,
              4389074.755020172
            ],
            [
              424764.940718592,
              4389074.674716116
            ],
            [
              424764.8926125618,
              4389074.589290921
            ],
            [
              424764.2697879636,
              4389073.344220503
            ],
            [
              424764.2584036594,
              4389073.323956833
            ],
            [
              424764.23526323057,
              4389073.326133828
            ],
            [
              424757.75229202415,
              4389074.25184225
            ],
            [
              424757.64975755545,
              4389074.261129682
            ],
            [
              424757.5468115849,
              4389074.25982553
            ],
            [
              424757.44454529596,
              4389074.24794362
            ],
            [
              424757.3440426676,
              4389074.225609894
            ],
            [
              424757.2463689848,
              4389074.193061079
            ],
            [
              424757.1525595471,
              4389074.150642179
            ],
            [
              424757.0636086945,
              4389074.098802817
            ],
            [
              424756.980459268,
              4389074.038092467
            ],
            [
              424756.90399261593,
              4389073.9691546345
            ],
            [
              424755.2744160021,
              4389072.3403351875
            ],
            [
              424755.2581331512,
              4389072.325584019
            ],
            [
              424755.2570551876,
              4389072.347528639
            ],
            [
              424755.2570551876,
              4389077.644368678
            ],
            [
              424755.25213848706,
              4389077.743410221
            ],
            [
              424755.23743673327,
              4389077.841477849
            ],
            [
              424755.21309449454,
              4389077.937607222
            ],
            [
              424755.1793511378,
              4389078.030853064
            ],
            [
              424755.13653847505,
              4389078.12029845
            ],
            [
              424755.0850775004,
              4389078.205063826
            ],
            [
              424755.02547425014,
              4389078.284315664
            ],
            [
              424754.95831482706,
              4389078.357274646
            ],
            [
              424754.8842596367,
              4389078.423223337
            ],
            [
              424754.80403689336,
              4389078.481513238
            ],
            [
              424754.71843545954,
              4389078.531571161
            ],
            [
              424754.6282970883,
              4389078.572904865
            ],
            [
              424751.62719333556,
              4389079.772788593
            ],
            [
              424751.5349864103,
              4389079.804533345
            ],
            [
              424751.4401259052,
              4389079.827145973
            ],
            [
              424751.34351392917,
              4389079.840411434
            ],
            [
              424751.24606924725,
              4389079.8442035755
            ],
            [
              424751.1487185434,
              4389079.838486335
            ],
            [
              424751.0523876079,
              4389079.823314083
            ],
            [
              424750.9579925331,
              4389079.798831105
            ],
            [
              424750.86643100175,
              4389079.765270229
            ],
            [
              424750.7785737498,
              4389079.722950617
            ],
            [
              424750.6952562863,
              4389079.672274718
            ],
            [
              424750.61727094755,
              4389079.613724455
            ],
            [
              424750.54535936215,
              4389079.547856632
            ],
            [
              424750.4802053981,
              4389079.475297639
            ],
            [
              424750.42242865975,
              4389079.396737504
            ],
            [
              424750.37257859495,
              4389079.31292332
            ],
            [
              424750.33112927014,
              4389079.224652148
            ],
            [
              424750.298474862,
              4389079.132763432
            ],
            [
              424750.274925909,
              4389079.038131021
            ],
            [
              424750.260706358,
              4389078.941654854
            ],
            [
              424750.25595143484,
              4389078.844252406
            ],
            [
              424750.25595143484,
              4389077.347532576
            ],
            [
              424750.25465577695,
              4389077.322410487
            ],
            [
              424750.2353319086,
              4389077.306305018
            ],
            [
              424746.78652907,
              4389074.720904729
            ],
            [
              424746.71132807405,
              4389074.658568027
            ],
            [
              424746.6425675048,
              4389074.589191962
            ],
            [
              424746.5809034104,
              4389074.513438456
            ],
            [
              424746.5269241313,
              4389074.432030276
            ],
            [
              424746.48114468687,
              4389074.345744144
            ],
            [
              424746.4440018612,
              4389074.255403318
            ],
            [
              424746.41585003596,
              4389074.161869747
            ],
            [
              424746.3969578093,
              4389074.066035839
            ],
            [
              424746.38750543294,
              4389073.96881595
            ],
            [
              424746.38758309255,
              4389073.87113766
            ],
            [
              424746.39719004714,
              4389073.7739329245
            ],
            [
              424746.4162346363,
              4389073.678129178
            ],
            [
              424747.2492030305,
              4389070.347803724
            ],
            [
              424747.2538034397,
              4389070.324503432
            ],
            [
              424747.2303595815,
              4389070.3207017565
            ],
            [
              424739.0232547948,
              4389069.40922493
            ],
            [
              424738.9232119041,
              4389069.392945842
            ],
            [
              424738.8253308203,
              4389069.366623187
            ],
            [
              424738.73061713326,
              4389069.330527396
            ],
            [
              424738.6400438926,
              4389069.2850293
            ],
            [
              424738.5545416105,
              4389069.230596327
            ],
            [
              424738.4749887022,
              4389069.167787701
            ],
            [
              424738.4022024616,
              4389069.097248692
            ],
            [
              424738.3369306646,
              4389069.019703987
            ],
            [
              424738.27984388673,
              4389068.935950249
            ],
            [
              424738.2315286142,
              4389068.846847932
            ],
            [
              424738.1924812181,
              4389068.753312432
            ],
            [
              424738.16310285544,
              4389068.656304698
            ],
            [
              424738.1436953473,
              4389068.556821346
            ],
            [
              424737.2564970025,
              4389062.349318531
            ],
            [
              424737.25204016594,
              4389062.326173244
            ],
            [
              424737.23148909345,
              4389062.3146310905
            ],
            [
              424735.805592839,
              4389061.602014228
            ],
            [
              424735.7179606088,
              4389061.552558812
            ],
            [
              424735.6357421405,
              4389061.4945470095
            ],
            [
              424735.5597699166,
              4389061.428566201
            ],
            [
              424735.4908131744,
              4389061.35528446
            ],
            [
              424735.4295701179,
              4389061.275443781
            ],
            [
              424735.3766608481,
              4389061.189852573
            ],
            [
              424735.3326210844,
              4389061.099377465
            ],
            [
              424735.29789674014,
              4389061.004934542
            ],
            [
              424735.272839408,
              4389060.90748006
            ],
            [
              424735.2577027995,
              4389060.808000771
            ],
            [
              424735.25264017656,
              4389060.707503927
            ],
            [
              424735.25264017656,
              4389056.741236012
            ],
            [
              424735.2574582974,
              4389056.643189965
            ],
            [
              424735.27186623134,
              4389056.546088713
            ],
            [
              424735.29572514,
              4389056.450867948
            ],
            [
              424735.3288051132,
              4389056.358445239
            ],
            [
              424735.3707873844,
              4389056.2697111955
            ],
            [
              424735.4212674021,
              4389056.185520879
            ],
            [
              424735.4797587289,
              4389056.106685567
            ],
            [
              424735.5456977279,
              4389056.033964937
            ],
            [
              424743.23679849453,
              4389048.346437768
            ],
            [
              424743.25187360344,
              4389048.32978955
            ],
            [
              424743.2295660311,
              4389048.327183022
            ],
            [
              424728.5470774093,
              4389047.348805252
            ],
            [
              424728.4516212169,
              4389047.337817922
            ],
            [
              424728.3576601937,
              4389047.317719857
            ],
            [
              424728.2660618447,
              4389047.288696616
            ],
            [
              424728.1776718614,
              4389047.251016158
            ],
            [
              424728.09330631385,
              4389047.205026371
            ],
            [
              424728.01374411583,
              4389047.151151862
            ],
            [
              424724.26947168284,
              4389044.344252343
            ],
            [
              424724.25126952695,
              4389044.331928857
            ],
            [
              424724.2502119205,
              4389044.353884906
            ],
            [
              424724.2502119205,
              4389049.328350278
            ],
            [
              424724.24539664714,
              4389049.426367418
            ],
            [
              424724.2309972009,
              4389049.523440599
            ],
            [
              424724.2071522562,
              4389049.618634955
            ],
            [
              424724.17409145297,
              4389049.71103371
            ],
            [
              424724.1321331848,
              4389049.799747014
            ],
            [
              424724.0816815328,
              4389049.88392051
            ],
            [
              424724.02322237386,
              4389049.962743562
            ],
            [
              424723.95731870166,
              4389050.035457059
            ],
            [
              424723.8846052046,
              4389050.101360731
            ],
            [
              424723.8057821535,
              4389050.15981989
            ],
            [
              424723.7216086573,
              4389050.210271542
            ],
            [
              424723.63289535284,
              4389050.25222981
            ],
            [
              424723.5404965977,
              4389050.285290614
            ],
            [
              424723.4453022425,
              4389050.309135558
            ],
            [
              424723.3482290608,
              4389050.323535005
            ],
            [
              424723.2502119205,
              4389050.328350278
            ],
            [
              424715.2730836318,
              4389050.328350278
            ],
            [
              424715.24912412436,
              4389050.3295422075
            ],
            [
              424715.24139308603,
              4389050.352251445
            ],
            [
              424713.25448899553,
              4389057.3031845745
            ],
            [
              424713.2498103017,
              4389057.32319943
            ],
            [
              424713.26503915666,
              4389057.309394854
            ],
            [
              424714.8322335381,
              4389055.742928655
            ],
            [
              424714.90379772516,
              4389055.677998679
            ],
            [
              424714.9812946516,
              4389055.620279002
            ],
            [
              424715.0640007027,
              4389055.570308573
            ],
            [
              424715.1511436245,
              4389055.528553982
            ],
            [
              424715.2419097343,
              4389055.495405106
            ],
            [
              424715.33545151865,
              4389055.471171467
            ],
            [
              424715.4308955465,
              4389055.456079342
            ],
            [
              424715.5273506251,
              4389055.4502696525
            ],
            [
              424715.623916121,
              4389055.453796645
            ],
            [
              424715.7196903699,
              4389055.4666273855
            ],
            [
              424715.8137790956,
              4389055.488642071
            ],
            [
              424722.2266360792,
              4389057.320035589
            ],
            [
              424722.2495779406,
              4389057.325408912
            ],
            [
              424722.26979177,
              4389057.3133009635
            ],
            [
              424724.7677287591,
              4389055.6487834
            ],
            [
              424724.84966701886,
              4389055.5996667305
            ],
            [
              424724.935918229,
              4389055.558592962
            ],
            [
              424725.02569523314,
              4389055.52593695
            ],
            [
              424725.11817869707,
              4389055.501996721
            ],
            [
              424725.2125245866,
              4389055.486990763
            ],
            [
              424725.3078718704,
              4389055.481056025
            ],
            [
              424725.4033503781,
              4389055.484246669
            ],
            [
              424725.49808874173,
              4389055.496533576
            ],
            [
              424725.5912223482,
              4389055.517804613
            ],
            [
              424725.68190122984,
              4389055.547865652
            ],
            [
              424725.76929782174,
              4389055.586442347
            ],
            [
              424730.01014311676,
              4389057.70587976
            ],
            [
              424730.09689870616,
              4389057.7547811465
            ],
            [
              424730.17836010334,
              4389057.8120691795
            ],
            [
              424730.2537193841,
              4389057.877175683
            ],
            [
              424730.32222914416,
              4389057.949454938
            ],
            [
              424730.3832099122,
              4389058.0281900875
            ],
            [
              424730.43605688843,
              4389058.112600247
            ],
            [
              424730.4802459429,
              4389058.201848247
            ],
            [
              424730.515338814,
              4389058.295048935
            ],
            [
              424730.54098745494,
              4389058.39127796
            ],
            [
              424730.5569374855,
              4389058.489580933
            ],
            [
              424730.56303071545,
              4389058.588982897
            ],
            [
              424730.55920671276,
              4389058.688497996
            ],
            [
              424730.54550340335,
              4389058.787139251
            ],
            [
              424730.5220566951,
              4389058.883928351
            ],
            [
              424730.4890991295,
              4389058.977905353
            ],
            [
              424730.4469575757,
              4389059.068138204
            ],
            [
              424730.3960499885,
              4389059.153731985
            ],
            [
              424730.3368812631,
              4389059.23383779
            ],
            [
              424730.27003822796,
              4389059.307661137
            ],
            [
              424725.38173518656,
              4389064.193692874
            ],
            [
              424725.3139387125,
              4389064.255507245
            ],
            [
              424725.24076230515,
              4389064.310847932
            ],
            [
              424725.1628219179,
              4389064.359249112
            ],
            [
              424725.0807736045,
              4389064.400303375
            ],
            [
              424716.2695162083,
              4389068.314598187
            ],
            [
              424716.2491760962,
              4389068.324781155
            ],
            [
              424716.2372450436,
              4389068.344110613
            ],
            [
              424711.53313305706,
              4389076.80757789
            ],
            [
              424711.48215474474,
              4389076.889683405
            ],
            [
              424711.42348875065,
              4389076.96648448
            ],
            [
              424711.3576830212,
              4389077.037263784
            ],
            [
              424711.2853521888,
              4389077.101360231
            ],
            [
              424711.2071718309,
              4389077.158175154
            ],
            [
              424711.1238721601,
              4389077.207177896
            ],
            [
              424711.03623120405,
              4389077.247910766
            ],
            [
              424710.94506753836,
              4389077.279993315
            ],
            [
              424710.85123264114,
              4389077.303125888
            ],
            [
              424710.7556029401,
              4389077.317092425
            ],
            [
              424710.65907162655,
              4389077.321762477
            ],
            [
              424703.27012477675,
              4389077.321762477
            ],
            [
              424703.2467256829,
              4389077.322912001
            ],
            [
              424703.2455761589,
              4389077.346311099
            ],
            [
              424703.2455761589,
              4389080.2952604005
            ],
            [
              424703.24687181675,
              4389080.320382489
            ],
            [
              424703.26619569433,
              4389080.336487966
            ],
            [
              424707.2270049493,
              4389083.305714642
            ],
            [
              424707.2460583946,
              4389083.318600987
            ],
            [
              424707.2573366186,
              4389083.2985537145
            ],
            [
              424708.9165675347,
              4389079.981633775
            ],
            [
              424708.9645513526,
              4389079.896402735
            ],
            [
              424709.02063210995,
              4389079.816267066
            ],
            [
              424709.08427329455,
              4389079.741993406
            ],
            [
              424709.15486606525,
              4389079.674292316
            ],
            [
              424709.23173507693,
              4389079.613811476
            ],
            [
              424709.31414494076,
              4389079.561129494
            ],
            [
              424709.4013072601,
              4389079.516750366
            ],
            [
              424709.49238817237,
              4389079.4810986575
            ],
            [
              424709.5865163268,
              4389079.45451544
            ],
            [
              424709.68279122043,
              4389079.4372550305
            ],
            [
              424709.7802918128,
              4389079.429482554
            ],
            [
              424709.87808533746,
              4389079.431272368
            ],
            [
              424709.97523622564,
              4389079.442607351
            ],
            [
              424714.41254982934,
              4389080.181815991
            ],
            [
              424714.5105996885,
              4389080.203256181
            ],
            [
              424714.6060065293,
              4389080.234416915
            ],
            [
              424714.69780927507,
              4389080.274984297
            ],
            [
              424714.78508315486,
              4389080.324549674
            ],
            [
              424714.8669490189,
              4389080.38261375
            ],
            [
              424714.9425821951,
              4389080.44859162
            ],
            [
              424715.01122079586,
              4389080.521818658
            ],
            [
              424715.0721733932,
              4389080.601557215
            ],
            [
              424715.12482598383,
              4389080.687004048
            ],
            [
              424715.16864817415,
              4389080.777298413
            ],
            [
              424715.2031985232,
              4389080.871530732
            ],
            [
              424715.2281289895,
              4389080.968751761
            ],
            [
              424715.2431884372,
              4389081.067982148
            ],
            [
              424715.24822516553,
              4389081.1682223
            ],
            [
              424715.24822516553,
              4389084.986353258
            ],
            [
              424715.2439997685,
              4389085.078184298
            ],
            [
              424715.23135928554,
              4389085.169239294
            ],
            [
              424715.2104105386,
              4389085.258748757
            ],
            [
              424715.1813305613,
              4389085.345956261
            ],
            [
              424715.1443651025,
              4389085.430124836
            ],
            [
              424715.0998265497,
              4389085.510543187
            ],
            [
              424715.0480912893,
              4389085.586531718
            ],
            [
              424712.26250059856,
              4389089.298926908
            ],
            [
              424712.24965717236,
              4389089.317945701
            ],
            [
              424712.2722596269,
              4389089.321920221
            ],
            [
              424719.6640388678,
              4389090.245463311
            ],
            [
              424719.7594532385,
              4389090.262111568
            ],
            [
              424719.8528094749,
              4389090.287912338
            ],
            [
              424719.94323179586,
              4389090.322623582
            ],
            [
              424720.02987194364,
              4389090.365919672
            ],
            [
              424720.1119171412,
              4389090.417394444
            ],
            [
              424720.18859771703,
              4389090.47656501
            ],
            [
              424720.2591943256,
              4389090.542876287
            ],
            [
              424720.3230446954,
              4389090.615706204
            ],
            [
              424720.3795498419,
              4389090.69437154
            ],
            [
              424720.42817968654,
              4389090.778134329
            ],
            [
              424720.4684780293,
              4389090.866208787
            ],
            [
              424722.24012590194,
              4389095.29327052
            ],
            [
              424722.25081138854,
              4389095.316412448
            ],
            [
              424722.2729903496,
              4389095.328975181
            ],
            [
              424725.6977007589,
              4389097.040534755
            ],
            [
              424725.7853329892,
              4389097.089990171
            ],
            [
              424725.8675514574,
              4389097.1480019735
            ],
            [
              424725.94352368143,
              4389097.213982782
            ],
            [
              424726.01248042367,
              4389097.287264523
            ],
            [
              424726.07372348016,
              4389097.367105201
            ],
            [
              424726.12663275,
              4389097.45269641
            ],
            [
              424726.1706725137,
              4389097.543171518
            ],
            [
              424726.2053968579,
              4389097.637614441
            ],
            [
              424726.2304541901,
              4389097.735068923
            ],
            [
              424726.2455907986,
              4389097.834548212
            ],
            [
              424726.25065342156,
              4389097.935045056
            ],
            [
              424726.25065342156,
              4389100.953727446
            ],
            [
              424726.245729112,
              4389101.052845407
            ],
            [
              424726.2310046809,
              4389101.150987194
            ],
            [
              424726.2066251436,
              4389101.247186244
            ],
            [
              424726.1728306049,
              4389101.340495131
            ],
            [
              424726.1299538943,
              4389101.4299948905
            ],
            [
              424726.07841728826,
              4389101.514804073
            ],
            [
              424726.0187283513,
              4389101.594087425
            ],
            [
              424721.32434536685,
              4389107.224729565
            ],
            [
              424721.24486836285,
              4389107.309512949
            ],
            [
              424721.1560919704,
              4389107.384503405
            ],
            [
              424717.51527878706,
              4389110.11384454
            ],
            [
              424717.43932147423,
              4389110.165512505
            ],
            [
              424717.35894322296,
              4389110.209992036
            ],
            [
              424717.2748223528,
              4389110.246907767
            ],
            [
              424717.1876687675,
              4389110.275948161
            ],
            [
              424717.09821796423,
              4389110.296868146
            ],
            [
              424717.0072248265,
              4389110.309491175
            ],
            [
              424716.9154572538,
              4389110.313710721
            ],
            [
              424712.2720589828,
              4389110.313710721
            ],
            [
              424712.2479210433,
              4389110.314894001
            ],
            [
              424712.227178035,
              4389110.327294326
            ],
            [
              424694.43996882153,
              4389122.179924029
            ],
            [
              424694.36055799574,
              4389122.227680706
            ],
            [
              424694.27706749755,
              4389122.267881653
            ],
            [
              424694.1902142414,
              4389122.300181675
            ],
            [
              424694.100744017,
              4389122.324303416
            ],
            [
              424694.0094250854,
              4389122.34003975
            ],
            [
              424686.26528555696,
              4389123.3076074105
            ],
            [
              424686.2421186296,
              4389123.31162182
            ],
            [
              424686.22011948086,
              4389123.3199199345
            ],
            [
              424649.25513207476,
              4389139.297352139
            ],
            [
              424649.2343224012,
              4389139.307526931
            ],
            [
              424649.2186732922,
              4389139.324605386
            ],
            [
              424644.4702120187,
              4389145.020111321
            ],
            [
              424644.4013478105,
              4389145.094666977
            ],
            [
              424644.32528115506,
              4389145.161858414
            ],
            [
              424644.2427956016,
              4389145.220993502
            ],
            [
              424644.1547408193,
              4389145.271463102
            ],
            [
              424644.0620238451,
              4389145.312747334
            ],
            [
              424643.96559974033,
              4389145.344420939
            ],
            [
              424643.8664617529,
              4389145.36615765
            ],
            [
              424638.25671900646,
              4389146.300680355
            ],
            [
              424638.23185894376,
              4389146.306154714
            ],
            [
              424638.21294941776,
              4389146.323196449
            ],
            [
              424634.2470496337,
              4389150.287253516
            ],
            [
              424634.23138764215,
              4389150.30446145
            ],
            [
              424634.2274134126,
              4389150.327387788
            ],
            [
              424633.3396630786,
              4389157.42609058
            ],
            [
              424633.32310657063,
              4389157.521046244
            ],
            [
              424633.2974849981,
              4389157.613966806
            ],
            [
              424633.26303640334,
              4389157.70398897
            ],
            [
              424633.2200808376,
              4389157.79027637
            ],
            [
              424633.16901738814,
              4389157.872027333
            ],
            [
              424633.11032046983,
              4389157.9484823365
            ],
            [
              424633.0445354179,
              4389158.018931062
            ],
            [
              424632.97227342136,
              4389158.082718989
            ],
            [
              424632.8942058443,
              4389158.139253486
            ],
            [
              424632.81105798896,
              4389158.188009306
            ],
            [
              424632.72360235674,
              4389158.228533475
            ],
            [
              424632.63265147124,
              4389158.260449494
            ],
            [
              424632.53905032953,
              4389158.283460842
            ],
            [
              424632.4436685514,
              4389158.297353728
            ],
            [
              424632.34739229985,
              4389158.301999075
            ],
            [
              424630.7645071542,
              4389158.301999075
            ],
            [
              424630.66640726454,
              4389158.297175649
            ],
            [
              424630.5692537302,
              4389158.282751898
            ],
            [
              424630.47398377705,
              4389158.2588669695
            ],
            [
              424630.38151646045,
              4389158.225751276
            ],
            [
              424630.2927437991,
              4389158.18372428
            ],
            [
              424630.20852216985,
              4389158.13319141
            ],
            [
              424630.12966404646,
              4389158.074640149
            ],
            [
              424630.0569301617,
              4389158.008635333
            ],
            [
              424629.9910221688,
              4389157.935813699
            ],
            [
              424629.9325758725,
              4389157.856877749
            ],
            [
              424628.2422892312,
              4389155.322625851
            ],
            [
              424628.22849450365,
              4389155.303943946
            ],
            [
              424628.2054309712,
              4389155.30666071
            ],
            [
              424616.25157612184,
              4389157.298044143
            ],
            [
              424616.2271271498,
              4389157.303413104
            ],
            [
              424616.21219225484,
              4389157.323501095
            ],
            [
              424612.4793900147,
              4389162.920102838
            ],
            [
              424612.4227743073,
              4389162.996798199
            ],
            [
              424612.35911290674,
              4389163.06775412
            ],
            [
              424612.288984337,
              4389163.132325787
            ],
            [
              424612.2130258927,
              4389163.189926407
            ],
            [
              424612.1319278474,
              4389163.240032531
            ],
            [
              424612.046427181,
              4389163.28218882
            ],
            [
              424611.9573008822,
              4389163.316012177
            ],
            [
              424611.86535888776,
              4389163.341195231
            ],
            [
              424611.771436722,
              4389163.357509133
            ],
            [
              424604.24866912316,
              4389164.29741816
            ],
            [
              424604.22552498145,
              4389164.301499975
            ],
            [
              424604.2349695411,
              4389164.323020041
            ],
            [
              424606.21257382067,
              4389168.276390851
            ],
            [
              424606.2250793398,
              4389168.298455111
            ],
            [
              424606.24907284183,
              4389168.306672839
            ],
            [
              424612.50031171803,
              4389170.09191121
            ],
            [
              424612.59440775216,
              4389170.123920085
            ],
            [
              424612.6848615432,
              4389170.16511163
            ],
            [
              424612.77077953145,
              4389170.21507893
            ],
            [
              424612.85131296486,
              4389170.273328375
            ],
            [
              424612.9256662832,
              4389170.339284541
            ],
            [
              424612.9931049774,
              4389170.4122958705
            ],
            [
              424613.05296284554,
              4389170.491641112
            ],
            [
              424613.1046485737,
              4389170.576536443
            ],
            [
              424613.1476515776,
              4389170.666143214
            ],
            [
              424613.18154704646,
              4389170.759576232
            ],
            [
              424613.2060001394,
              4389170.855912508
            ],
            [
              424613.2207692934,
              4389170.95420037
            ],
            [
              424613.2257086092,
              4389171.053468869
            ],
            [
              424613.2257086092,
              4389171.451391378
            ],
            [
              424613.2206718809,
              4389171.55163153
            ],
            [
              424613.2056124332,
              4389171.650861917
            ],
            [
              424613.1806819669,
              4389171.748082946
            ],
            [
              424613.14613161783,
              4389171.842315265
            ],
            [
              424613.1023094275,
              4389171.93260963
            ],
            [
              424613.0496568369,
              4389172.0180564625
            ],
            [
              424612.98870423954,
              4389172.09779502
            ],
            [
              424612.92006563884,
              4389172.171022058
            ],
            [
              424612.84443246265,
              4389172.236999928
            ],
            [
              424612.7625665986,
              4389172.295064004
            ],
            [
              424612.67529271886,
              4389172.344629381
            ],
            [
              424612.5834899731,
              4389172.385196763
            ],
            [
              424612.48808313225,
              4389172.416357497
            ],
            [
              424612.39003327314,
              4389172.437797687
            ],
            [
              424601.2461914374,
              4389174.294241679
            ],
            [
              424601.223443054,
              4389174.2991371
            ],
            [
              424601.2029483953,
              4389174.310156312
            ],
            [
              424591.2415916601,
              4389180.284193283
            ],
            [
              424591.22164313396,
              4389180.2975087045
            ],
            [
              424591.2063377935,
              4389180.315974651
            ],
            [
              424585.23415836744,
              4389188.275180663
            ],
            [
              424585.2206768409,
              4389188.295100438
            ],
            [
              424585.2180954419,
              4389188.319014566
            ],
            [
              424584.2416501555,
              4389204.910871602
            ],
            [
              424584.23018411966,
              4389205.014025015
            ],
            [
              424584.20808810636,
              4389205.115434397
            ],
            [
              424584.1756001359,
              4389205.214007356
            ],
            [
              424584.1330701719,
              4389205.308682056
            ],
            [
              424584.08095635124,
              4389205.398438651
            ],
            [
              424584.019820049,
              4389205.482310275
            ],
            [
              424583.9503198315,
              4389205.5593934525
            ],
            [
              424581.7281920298,
              4389207.780488763
            ],
            [
              424581.6571059048,
              4389207.845025134
            ],
            [
              424581.5801583415,
              4389207.902446846
            ],
            [
              424581.49805865646,
              4389207.952224573
            ],
            [
              424581.4115636593,
              4389207.993899456
            ],
            [
              424581.3214706766,
              4389208.027087329
            ],
            [
              424581.2286102016,
              4389208.051482259
            ],
            [
              424581.13383823907,
              4389208.06685937
            ],
            [
              424581.0380284139,
              4389208.073076913
            ],
            [
              424580.94206391845,
              4389208.070077572
            ],
            [
              424580.84682937077,
              4389208.057888998
            ],
            [
              424580.75320266,
              4389208.036623546
            ],
            [
              424580.66204685415,
              4389208.006477244
            ],
            [
              424580.5742022438,
              4389207.967727988
            ],
            [
              424577.95131190267,
              4389206.656892168
            ],
            [
              424577.86583208415,
              4389206.608794786
            ],
            [
              424577.78547526075,
              4389206.552554778
            ],
            [
              424577.7110144778,
              4389206.488713182
            ],
            [
              424577.6431660598,
              4389206.417884164
            ],
            [
              424577.58258271916,
              4389206.340749111
            ],
            [
              424577.52984727727,
              4389206.258050074
            ],
            [
              424577.48546705727,
              4389206.17058263
            ],
            [
              424577.4498690039,
              4389206.079188231
            ],
            [
              424577.42339557613,
              4389205.984746105
            ],
            [
              424577.4063014524,
              4389205.8881648
            ],
            [
              424577.39875108097,
              4389205.790373443
            ],
            [
              424577.4008170975,
              4389205.692312802
            ],
            [
              424577.41247962666,
              4389205.594926238
            ],
            [
              424577.4336264729,
              4389205.499150623
            ],
            [
              424580.21257980465,
              4389195.314389526
            ],
            [
              424580.21745308256,
              4389195.292797128
            ],
            [
              424580.218423841,
              4389195.270770198
            ],
            [
              424580.218423841,
              4389173.298583179
            ],
            [
              424580.22323911433,
              4389173.2005660385
            ],
            [
              424580.2376385606,
              4389173.103492857
            ],
            [
              424580.26148350525,
              4389173.008298501
            ],
            [
              424580.2945443085,
              4389172.915899746
            ],
            [
              424580.33650257665,
              4389172.827186442
            ],
            [
              424580.3869542287,
              4389172.743012946
            ],
            [
              424580.4454133876,
              4389172.664189895
            ],
            [
              424580.5113170598,
              4389172.591476398
            ],
            [
              424580.58403055684,
              4389172.525572726
            ],
            [
              424580.66285360797,
              4389172.467113567
            ],
            [
              424580.7470271042,
              4389172.416661914
            ],
            [
              424580.8357404086,
              4389172.374703647
            ],
            [
              424580.92813916376,
              4389172.341642843
            ],
            [
              424581.023333519,
              4389172.317797898
            ],
            [
              424581.12040670065,
              4389172.303398452
            ],
            [
              424581.218423841,
              4389172.298583179
            ],
            [
              424585.195505545,
              4389172.298583179
            ],
            [
              424585.21872325946,
              4389172.29746706
            ],
            [
              424585.2271272105,
              4389172.275794921
            ],
            [
              424586.2120992092,
              4389169.3222519
            ],
            [
              424586.2182488989,
              4389169.300333772
            ],
            [
              424586.1956069637,
              4389169.297974593
            ],
            [
              424568.744947964,
              4389168.328943998
            ],
            [
              424568.64804518,
              4389168.318809268
            ],
            [
              424568.55258860625,
              4389168.299292485
            ],
            [
              424568.45948439866,
              4389168.27057892
            ],
            [
              424568.36961638276,
              4389168.232941146
            ],
            [
              424568.28383766324,
              4389168.186736454
            ],
            [
              424568.2029625256,
              4389168.132403459
            ],
            [
              424568.12775870645,
              4389168.070457935
            ],
            [
              424568.05894010526,
              4389168.001487925
            ],
            [
              424567.9971600076,
              4389167.926148149
            ],
            [
              424567.9430048833,
              4389167.845153798
            ],
            [
              424565.22837051906,
              4389163.322865406
            ],
            [
              424565.2143821574,
              4389163.302069492
            ],
            [
              424565.18935259833,
              4389163.300779113
            ],
            [
              424561.0337379987,
              4389163.300779113
            ],
            [
              424560.9358015691,
              4389163.295971786
            ],
            [
              424560.83880676446,
              4389163.2815960245
            ],
            [
              424560.7436861563,
              4389163.257790047
            ],
            [
              424560.6513542964,
              4389163.224782741
            ],
            [
              424560.5626989238,
              4389163.182891458
            ],
            [
              424560.4785724292,
              4389163.13251897
            ],
            [
              424560.39978365984,
              4389163.074149591
            ],
            [
              424560.32709014247,
              4389163.008344521
            ],
            [
              424560.26119080017,
              4389162.935736455
            ],
            [
              424560.2027192324,
              4389162.857023492
            ],
            [
              424560.1522376231,
              4389162.772962432
            ],
            [
              424560.11023133545,
              4389162.684361493
            ],
            [
              424560.0771042454,
              4389162.592072542
            ],
            [
              424560.0531748585,
              4389162.496982905
            ],
            [
              424559.3636904826,
              4389159.051162838
            ],
            [
              424559.3489655037,
              4389158.951920687
            ],
            [
              424559.34425892524,
              4389158.851702536
            ],
            [
              424559.349618123,
              4389158.751517165
            ],
            [
              424559.36498915206,
              4389158.652373023
            ],
            [
              424559.39021729043,
              4389158.555268077
            ],
            [
              424559.4250485958,
              4389158.46117977
            ],
            [
              424559.4691324624,
              4389158.3710551765
            ],
            [
              424559.5220251493,
              4389158.285801478
            ],
            [
              424559.5831942479,
              4389158.206276821
            ],
            [
              424559.65202404046,
              4389158.13328169
            ],
            [
              424559.72782169795,
              4389158.06755084
            ],
            [
              424559.80982425413,
              4389158.009745907
            ],
            [
              424559.89720628515,
              4389157.960448745
            ],
            [
              424560.6421529479,
              4389157.588148479
            ],
            [
              424560.7288621044,
              4389157.549837042
            ],
            [
              424560.8188093477,
              4389157.519908168
            ],
            [
              424560.91118639,
              4389157.498630807
            ],
            [
              424561.0051631085,
              4389157.48619616
            ],
            [
              424561.09989500564,
              4389157.48271597
            ],
            [
              424561.1945307974,
              4389157.48822151
            ],
            [
              424561.2882200635,
              4389157.502663307
            ],
            [
              424561.3801208893,
              4389157.525911582
            ],
            [
              424561.46940743155,
              4389157.5577574195
            ],
            [
              424561.5552773396,
              4389157.597914648
            ],
            [
              424561.63695896545,
              4389157.646022403
            ],
            [
              424561.71371829795,
              4389157.701648376
            ],
            [
              424566.1959892667,
              4389161.285799035
            ],
            [
              424566.2145339256,
              4389161.29917839
            ],
            [
              424566.2194070083,
              4389161.276836405
            ],
            [
              424567.2113828502,
              4389155.327746827
            ],
            [
              424567.21418530575,
              4389155.303380997
            ],
            [
              424567.1935319189,
              4389155.290152807
            ],
            [
              424560.62632764014,
              4389151.539208299
            ],
            [
              424560.54332675046,
              4389151.486217532
            ],
            [
              424560.4659401921,
              4389151.425320163
            ],
            [
              424560.39491839556,
              4389151.357106723
            ],
            [
              424560.3309500713,
              4389151.282238689
            ],
            [
              424560.2746555308,
              4389151.201442069
            ],
            [
              424560.2265806719,
              4389151.115500363
            ],
            [
              424560.18719168456,
              4389151.02524696
            ],
            [
              424560.15687053045,
              4389150.931557064
            ],
            [
              424560.1359112389,
              4389150.835339202
            ],
            [
              424559.218004562,
              4389145.3304581195
            ],
            [
              424559.2126454352,
              4389145.306090912
            ],
            [
              424559.1899838755,
              4389145.295653722
            ],
            [
              424554.8414424259,
              4389143.557045345
            ],
            [
              424554.7513040547,
              4389143.515711641
            ],
            [
              424554.66570262087,
              4389143.4656537175
            ],
            [
              424554.58547987754,
              4389143.407363817
            ],
            [
              424554.51142468717,
              4389143.341415126
            ],
            [
              424554.44426526414,
              4389143.268456143
            ],
            [
              424554.3846620139,
              4389143.189204306
            ],
            [
              424554.33320103923,
              4389143.10443893
            ],
            [
              424554.2903883765,
              4389143.014993544
            ],
            [
              424554.25664501975,
              4389142.921747702
            ],
            [
              424554.232302781,
              4389142.8256183285
            ],
            [
              424554.2176010272,
              4389142.727550701
            ],
            [
              424554.2126843267,
              4389142.628509158
            ],
            [
              424554.2126843267,
              4389138.332194481
            ],
            [
              424554.21143678995,
              4389138.307570542
            ],
            [
              424554.19121397985,
              4389138.293466196
            ],
            [
              424546.6052520633,
              4389133.5544429645
            ],
            [
              424546.52583023865,
              4389133.499317077
            ],
            [
              424546.4521028254,
              4389133.436779422
            ],
            [
              424546.3847589307,
              4389133.36741452
            ],
            [
              424546.3244279971,
              4389133.291870703
            ],
            [
              424546.2716739191,
              4389133.210854057
            ],
            [
              424546.2269897727,
              4389133.125121818
            ],
            [
              424546.19079320674,
              4389133.035475299
            ],
            [
              424546.16342253936,
              4389132.942752399
            ],
            [
              424546.14513359556,
              4389132.847819768
            ],
            [
              424544.21392307203,
              4389119.335627334
            ],
            [
              424544.20935677935,
              4389119.311969292
            ],
            [
              424544.1961460272,
              4389119.291819101
            ],
            [
              424536.4331051539,
              4389108.622597558
            ],
            [
              424536.37634353485,
              4389108.535384616
            ],
            [
              424536.3289520982,
              4389108.442745367
            ],
            [
              424536.29144399747,
              4389108.345682907
            ],
            [
              424536.2642253696,
              4389108.245248226
            ],
            [
              424536.2475909373,
              4389108.14252883
            ],
            [
              424536.24172081787,
              4389108.038636962
            ],
            [
              424536.2466785728,
              4389107.934697559
            ],
            [
              424537.2064876207,
              4389098.341066742
            ],
            [
              424537.20767316973,
              4389098.317668229
            ],
            [
              424537.18450323166,
              4389098.314196933
            ],
            [
              424527.23174187966,
              4389097.319383244
            ],
            [
              424527.2074406968,
              4389097.318183049
            ],
            [
              424527.1954758164,
              4389097.339368662
            ],
            [
              424525.4250620487,
              4389100.878550986
            ],
            [
              424525.3753566858,
              4389100.966507937
            ],
            [
              424525.3170300552,
              4389101.049000678
            ],
            [
              424525.25067749975,
              4389101.125187203
            ],
            [
              424525.17697628314,
              4389101.194289873
            ],
            [
              424525.0966786773,
              4389101.255603353
            ],
            [
              424525.0106042837,
              4389101.308501812
            ],
            [
              424524.9196316679,
              4389101.352445315
            ],
            [
              424524.8246893917,
              4389101.386985327
            ],
            [
              424524.7267465355,
              4389101.411769297
            ],
            [
              424520.22966457973,
              4389102.310767783
            ],
            [
              424520.2064995566,
              4389102.316614636
            ],
            [
              424520.20827740093,
              4389102.340439888
            ],
            [
              424523.20291010133,
              4389126.286370067
            ],
            [
              424523.2068843309,
              4389126.309296405
            ],
            [
              424523.22254632245,
              4389126.326504339
            ],
            [
              424527.00383143,
              4389130.106032508
            ],
            [
              424527.066535564,
              4389130.17483343
            ],
            [
              424527.1225704217,
              4389130.249166935
            ],
            [
              424527.17145043996,
              4389130.328388896
            ],
            [
              424527.21275205497,
              4389130.411812824
            ],
            [
              424527.24611737276,
              4389130.498715821
            ],
            [
              424527.2712572704,
              4389130.5883448385
            ],
            [
              424530.2021289115,
              4389143.282887475
            ],
            [
              424530.2084098051,
              4389143.305265403
            ],
            [
              424530.21874007,
              4389143.326086231
            ],
            [
              424535.0825514967,
              4389152.076878935
            ],
            [
              424535.12726248114,
              4389152.167906748
            ],
            [
              424535.16252376745,
              4389152.262995005
            ],
            [
              424535.1879726885,
              4389152.361165709
            ],
            [
              424535.2033474988,
              4389152.461409163
            ],
            [
              424535.2084900662,
              4389152.562694348
            ],
            [
              424535.2084900662,
              4389160.276955202
            ],
            [
              424535.20967269666,
              4389160.301021067
            ],
            [
              424535.2258577342,
              4389160.318870689
            ],
            [
              424538.1928990569,
              4389163.284533404
            ],
            [
              424538.20965526754,
              4389163.299809171
            ],
            [
              424538.23190181534,
              4389163.30402753
            ],
            [
              424544.1640527528,
              4389164.151083905
            ],
            [
              424544.2579746715,
              4389164.169114693
            ],
            [
              424544.3497446271,
              4389164.196035157
            ],
            [
              424544.43852325133,
              4389164.231599072
            ],
            [
              424544.5234985363,
              4389164.275481153
            ],
            [
              424544.603893261,
              4389164.327280037
            ],
            [
              424544.6789721002,
              4389164.3865219485
            ],
            [
              424544.74804835004,
              4389164.452665035
            ],
            [
              424544.810490209,
              4389164.525104322
            ],
            [
              424544.86572655675,
              4389164.603177249
            ],
            [
              424544.9132521774,
              4389164.686169728
            ],
            [
              424544.952632381,
              4389164.773322673
            ],
            [
              424544.983506979,
              4389164.863838944
            ],
            [
              424545.00559357886,
              4389164.95689064
            ],
            [
              424545.0186901669,
              4389165.05162667
            ],
            [
              424545.02267695597,
              4389165.147180539
            ],
            [
              424545.01751748123,
              4389165.242678266
            ],
            [
              424545.0032589335,
              4389165.337246389
            ],
            [
              424541.34061709215,
              4389183.641946536
            ],
            [
              424541.3167148609,
              4389183.736946976
            ],
            [
              424541.2836321287,
              4389183.829152904
            ],
            [
              424541.24168637046,
              4389183.917679475
            ],
            [
              424541.19128011464,
              4389184.001677152
            ],
            [
              424541.13289707975,
              4389184.080339859
            ],
            [
              424541.06709753285,
              4389184.152912719
            ],
            [
              424540.99451291264,
              4389184.218699292
            ],
            [
              424540.9158397703,
              4389184.277068266
            ],
            [
              424540.8318330847,
              4389184.327459506
            ],
            [
              424540.7432990177,
              4389184.369389439
            ],
            [
              424540.6510871776,
              4389184.402455689
            ],
            [
              424540.5560824661,
              4389184.426340939
            ],
            [
              424536.7333081378,
              4389185.190540561
            ],
            [
              424536.63617670245,
              4389185.205040034
            ],
            [
              424536.5380914294,
              4389185.209942036
            ],
            [
              424536.43999832665,
              4389185.205199292
            ],
            [
              424536.34284347773,
              4389185.190857544
            ],
            [
              424536.24756391696,
              4389185.167055112
            ],
            [
              424536.15507859184,
              4389185.134021568
            ],
            [
              424536.06627950026,
              4389185.09207551
            ],
            [
              424535.9820230874,
              4389185.041621498
            ],
            [
              424535.9031219852,
              4389184.983146149
            ],
            [
              424535.830337175,
              4389184.917213442
            ],
            [
              424532.2251852028,
              4389181.313736569
            ],
            [
              424532.20733868144,
              4389181.297568506
            ],
            [
              424532.1832864557,
              4389181.296387246
            ],
            [
              424526.23105192906,
              4389181.296387246
            ],
            [
              424526.20765283523,
              4389181.29753677
            ],
            [
              424526.20650331123,
              4389181.320935868
            ],
            [
              424526.20650331123,
              4389184.95131607
            ],
            [
              424526.2017045083,
              4389185.049165839
            ],
            [
              424526.1873541564,
              4389185.1460764855
            ],
            [
              424526.16358998464,
              4389185.241117897
            ],
            [
              424526.1306400722,
              4389185.333377906
            ],
            [
              424526.0888206593,
              4389185.421971036
            ],
            [
              424526.0385331122,
              4389185.506047005
            ],
            [
              424525.98026007094,
              4389185.584798885
            ],
            [
              424525.91456081724,
              4389185.657470847
            ],
            [
              424525.8420659066,
              4389185.723365412
            ],
            [
              424525.76347111666,
              4389185.781850154
            ],
            [
              424525.6795307692,
              4389185.832363755
            ],
            [
              424525.59105049056,
              4389185.874421408
            ],
            [
              424525.4988794797,
              4389185.907619461
            ],
            [
              424525.4039023576,
              4389185.93163929
            ],
            [
              424525.3070306772,
              4389185.946250363
            ],
            [
              424525.2091941748,
              4389185.95131245
            ],
            [
              424525.1113318465,
              4389185.946776964
            ],
            [
              424525.01438293647,
              4389185.932687438
            ],
            [
              424524.91927792213,
              4389185.909179095
            ],
            [
              424517.77444630617,
              4389183.766725544
            ],
            [
              424517.68419625354,
              4389183.7348821135
            ],
            [
              424517.59740352724,
              4389183.694557199
            ],
            [
              424517.51486306835,
              4389183.64612014
            ],
            [
              424517.4373308713,
              4389183.590014575
            ],
            [
              424517.36551705934,
              4389183.526754378
            ],
            [
              424517.3000793806,
              4389183.456918956
            ],
            [
              424517.24161718384,
              4389183.381147935
            ],
            [
              424517.1906659287,
              4389183.300135309
            ],
            [
              424517.1476922816,
              4389183.214623078
            ],
            [
              424517.1130898414,
              4389183.125394454
            ],
            [
              424517.0871755346,
              4389183.0332666915
            ],
            [
              424517.0701867122,
              4389182.939083593
            ],
            [
              424517.06227897614,
              4389182.843707791
            ],
            [
              424517.063524754,
              4389182.748012837
            ],
            [
              424517.0739126356,
              4389182.652875211
            ],
            [
              424517.0933474776,
              4389182.559166284
            ],
            [
              424517.1216512747,
              4389182.467744344
            ],
            [
              424517.1585647903,
              4389182.379446731
            ],
            [
              424517.20321992715,
              4389182.296071733
            ],
            [
              424517.20332685893,
              4389182.295845465
            ],
            [
              424517.20451655623,
              4389182.271611725
            ],
            [
              424517.20451655623,
              4389180.322401337
            ],
            [
              424517.20322089834,
              4389180.297279248
            ],
            [
              424517.1838970364,
              4389180.281173784
            ],
            [
              424516.88444945455,
              4389180.056692449
            ],
            [
              424516.8083472954,
              4389179.9935302455
            ],
            [
              424516.7388563475,
              4389179.92315972
            ],
            [
              424516.6766563022,
              4389179.846269168
            ],
            [
              424516.6223555382,
              4389179.763610656
            ],
            [
              424516.5764851715,
              4389179.675992667
            ],
            [
              424516.5394938603,
              4389179.584272192
            ],
            [
              424516.51174341666,
              4389179.48934635
            ],
            [
              424516.4935052678,
              4389179.39214361
            ],
            [
              424516.48495780106,
              4389179.2936147135
            ],
            [
              424516.4861846192,
              4389179.194723371
            ],
            [
              424516.4971737228,
              4389179.09643684
            ],
            [
              424516.5178176273,
              4389178.99971646
            ],
            [
              424516.54791441467,
              4389178.905508255
            ],
            [
              424516.5871697082,
              4389178.814733674
            ],
            [
              424516.6351995517,
              4389178.728280583
            ],
            [
              424516.6915341651,
              4389178.646994582
            ],
            [
              424516.75562253955,
              4389178.571670729
            ],
            [
              424516.82683782635,
              4389178.503045766
            ],
            [
              424516.9044834687,
              4389178.441790914
            ],
            [
              424516.9878000142,
              4389178.388505308
            ],
            [
              424517.0759725437,
              4389178.343710133
            ],
            [
              424517.1681386413,
              4389178.3078435315
            ],
            [
              424517.2038345204,
              4389178.295948894
            ],
            [
              424517.22273343266,
              4389178.278910811
            ],
            [
              424520.18799025944,
              4389175.315031763
            ],
            [
              424520.2038349077,
              4389175.297575305
            ],
            [
              424520.19614941644,
              4389175.275288211
            ],
            [
              424518.2137633956,
              4389170.321625902
            ],
            [
              424518.2038941094,
              4389170.300063452
            ],
            [
              424518.18102153816,
              4389170.293803442
            ],
            [
              424509.2263103962,
              4389168.304792238
            ],
            [
              424509.2035674639,
              4389168.300880957
            ],
            [
              424509.19689462695,
              4389168.322971966
            ],
            [
              424507.3058647847,
              4389175.883576738
            ],
            [
              424507.2765082107,
              4389175.980009871
            ],
            [
              424507.23759243236,
              4389176.07299761
            ],
            [
              424507.18951287895,
              4389176.161595093
            ],
            [
              424507.1327580945,
              4389176.244902067
            ],
            [
              424507.0679047732,
              4389176.322072037
            ],
            [
              424506.9956119,
              4389176.392320866
            ],
            [
              424506.91661405406,
              4389176.454934745
            ],
            [
              424506.8317139449,
              4389176.509277444
            ],
            [
              424502.6379961856,
              4389178.904574123
            ],
            [
              424502.55039685895,
              4389178.949050051
            ],
            [
              424502.45885608764,
              4389178.984715685
            ],
            [
              424502.3642574003,
              4389179.011226787
            ],
            [
              424502.2675138397,
              4389179.028327481
            ],
            [
              424502.1695591507,
              4389179.0358527135
            ],
            [
              424502.0713387675,
              4389179.033729854
            ],
            [
              424501.9738006885,
              4389179.021979391
            ],
            [
              424501.8778863271,
              4389179.000714737
            ],
            [
              424501.7845214247,
              4389178.970141134
            ],
            [
              424501.69460711593,
              4389178.93055367
            ],
            [
              424501.6090112313,
              4389178.8823344335
            ],
            [
              424501.5285599209,
              4389178.825948825
            ],
            [
              424501.4540296807,
              4389178.761941063
            ],
            [
              424501.38613985793,
              4389178.690928937
            ],
            [
              424501.32554570824,
              4389178.613597835
            ],
            [
              424501.2728320712,
              4389178.53069414
            ],
            [
              424501.2285077257,
              4389178.443018016
            ],
            [
              424501.1930004792,
              4389178.351415693
            ],
            [
              424501.1666530388,
              4389178.256771293
            ],
            [
              424501.1497197034,
              4389178.159998298
            ],
            [
              424501.1423639094,
              4389178.062030739
            ],
            [
              424501.144656653,
              4389177.963814175
            ],
            [
              424501.1565758053,
              4389177.866296566
            ],
            [
              424501.17800632544,
              4389177.770419129
            ],
            [
              424501.20874137146,
              4389177.6771072475
            ],
            [
              424505.1931829283,
              4389167.322372667
            ],
            [
              424505.2003631086,
              4389167.30063105
            ],
            [
              424505.1781539616,
              4389167.295062629
            ],
            [
              424495.2228053518,
              4389165.304918039
            ],
            [
              424495.19981393166,
              4389165.301440674
            ],
            [
              424495.17854670243,
              4389165.310842893
            ],
            [
              424491.4694942974,
              4389167.164507408
            ],
            [
              424491.3798649636,
              4389167.203941629
            ],
            [
              424491.2868085361,
              4389167.234420747
            ],
            [
              424491.1912172842,
              4389167.255652512
            ],
            [
              424491.09400778223,
              4389167.267433344
            ],
            [
              424490.99611212104,
              4389167.269650285
            ],
            [
              424490.8984689708,
              4389167.262282075
            ],
            [
              424483.61816584924,
              4389166.352667025
            ],
            [
              424483.5193839349,
              4389166.335255395
            ],
            [
              424483.42284321494,
              4389166.308035534
            ],
            [
              424483.3295149886,
              4389166.271281301
            ],
            [
              424483.2403382341,
              4389166.225362482
            ],
            [
              424483.1562101616,
              4389166.170741067
            ],
            [
              424483.0779771862,
              4389166.107966606
            ],
            [
              424483.00642641244,
              4389166.037670673
            ],
            [
              424482.9422777146,
              4389165.960560517
            ],
            [
              424480.2110053232,
              4389162.320556076
            ],
            [
              424480.1958846768,
              4389162.302330541
            ],
            [
              424480.17265696113,
              4389162.3069433095
            ],
            [
              424472.2185541094,
              4389164.294545072
            ],
            [
              424472.1952312183,
              4389164.301613672
            ],
            [
              424472.17804949114,
              4389164.318896907
            ],
            [
              424463.2092844023,
              4389174.279561169
            ],
            [
              424463.1940398866,
              4389174.298290729
            ]
          ],
          [
            [
              424841.5919145015,
              4389033.893759491
            ],
            [
              424841.49601046165,
              4389033.920488789
            ],
            [
              424841.3979238752,
              4389033.937549322
            ],
            [
              424841.2986269801,
              4389033.944771984
            ],
            [
              424841.19910401123,
              4389033.942085184
            ],
            [
              424841.10034144425,
              4389033.929515555
            ],
            [
              424841.00331821776,
              4389033.907187685
            ],
            [
              424840.90899602976,
              4389033.875322891
            ],
            [
              424840.8183098057,
              4389033.834237019
            ],
            [
              424840.732158431,
              4389033.78433731
            ],
            [
              424840.65139584156,
              4389033.726118376
            ],
            [
              424840.57682255947,
              4389033.660157282
            ],
            [
              424840.509177758,
              4389033.587107839
            ],
            [
              424840.44913193525,
              4389033.507694117
            ],
            [
              424840.3972802678,
              4389033.422703265
            ],
            [
              424840.3541367114,
              4389033.332977719
            ],
            [
              424840.3201289068,
              4389033.239406839
            ],
            [
              424840.29559394065,
              4389033.142918106
            ],
            [
              424840.2807750046,
              4389033.044467919
            ],
            [
              424840.2758189845,
              4389032.94503212
            ],
            [
              424840.2758189845,
              4389032.053851269
            ],
            [
              424840.28043218935,
              4389031.95790791
            ],
            [
              424840.2942292407,
              4389031.8628497645
            ],
            [
              424840.31708284124,
              4389031.7695538765
            ],
            [
              424840.34878213424,
              4389031.678881032
            ],
            [
              424840.3890346491,
              4389031.591667818
            ],
            [
              424840.43746899965,
              4389031.508718898
            ],
            [
              424840.4936383107,
              4389031.430799591
            ],
            [
              424840.5570243411,
              4389031.358628815
            ],
            [
              424840.62704226543,
              4389031.292872447
            ],
            [
              424840.70304606966,
              4389031.23413718
            ],
            [
              424840.78433451144,
              4389031.182964932
            ],
            [
              424840.87015759037,
              4389031.139827837
            ],
            [
              424840.9597234675,
              4389031.105123898
            ],
            [
              424841.96038571914,
              4389030.771724798
            ],
            [
              424842.056289759,
              4389030.7449955
            ],
            [
              424842.15437634545,
              4389030.727934967
            ],
            [
              424842.25367324054,
              4389030.720712305
            ],
            [
              424842.3531962094,
              4389030.723399105
            ],
            [
              424842.4519587764,
              4389030.735968734
            ],
            [
              424842.5489820029,
              4389030.758296603
            ],
            [
              424842.6433041909,
              4389030.790161397
            ],
            [
              424842.73399041494,
              4389030.83124727
            ],
            [
              424842.8201417896,
              4389030.881146979
            ],
            [
              424842.9009043791,
              4389030.939365913
            ],
            [
              424842.9754776612,
              4389031.005327007
            ],
            [
              424843.04312246264,
              4389031.07837645
            ],
            [
              424843.1031682854,
              4389031.157790172
            ],
            [
              424843.15501995286,
              4389031.2427810235
            ],
            [
              424843.19816350925,
              4389031.33250657
            ],
            [
              424843.23217131384,
              4389031.42607745
            ],
            [
              424843.25670628,
              4389031.522566183
            ],
            [
              424843.27152521606,
              4389031.62101637
            ],
            [
              424843.27648123616,
              4389031.720452169
            ],
            [
              424843.27648123616,
              4389032.6116330195
            ],
            [
              424843.2718680313,
              4389032.707576378
            ],
            [
              424843.25807097997,
              4389032.802634524
            ],
            [
              424843.2352173794,
              4389032.895930412
            ],
            [
              424843.2035180864,
              4389032.986603256
            ],
            [
              424843.1632655715,
              4389033.073816471
            ],
            [
              424843.114831221,
              4389033.156765391
            ],
            [
              424843.05866190995,
              4389033.234684697
            ],
            [
              424842.99527587957,
              4389033.306855474
            ],
            [
              424842.9252579552,
              4389033.372611842
            ],
            [
              424842.849254151,
              4389033.431347108
            ],
            [
              424842.7679657092,
              4389033.4825193565
            ],
            [
              424842.6821426303,
              4389033.5256564515
            ],
            [
              424842.5925767532,
              4389033.560360391
            ],
            [
              424841.5919145015,
              4389033.893759491
            ]
          ],
          [
            [
              424836.0207542376,
              4389024.654276527
            ],
            [
              424835.93323349615,
              4389024.611629192
            ],
            [
              424835.85027470265,
              4389024.560673192
            ],
            [
              424835.7726641967,
              4389024.501891522
            ],
            [
              424835.70113762293,
              4389024.435841355
            ],
            [
              424835.6363729587,
              4389024.363148757
            ],
            [
              424835.57898408716,
              4389024.2845027605
            ],
            [
              424835.52951497876,
              4389024.200648824
            ],
            [
              424835.48843453516,
              4389024.112381771
            ],
            [
              424835.4561321445,
              4389024.020538257
            ],
            [
              424835.43291399075,
              4389023.925988838
            ],
            [
              424835.41900015116,
              4389023.829629716
            ],
            [
              424835.41452251055,
              4389023.732374248
            ],
            [
              424835.419523511,
              4389023.635144287
            ],
            [
              424835.4339557497,
              4389023.538861443
            ],
            [
              424836.039122123,
              4389020.514435501
            ],
            [
              424836.06285706616,
              4389020.419985201
            ],
            [
              424836.09566676564,
              4389020.328291524
            ],
            [
              424836.13724004757,
              4389020.240224114
            ],
            [
              424836.1871826223,
              4389020.156618217
            ],
            [
              424836.24502082414,
              4389020.0782667715
            ],
            [
              424836.3102061036,
              4389020.005912877
            ],
            [
              424836.38212023006,
              4389019.940242753
            ],
            [
              424836.460081155,
              4389019.88187923
            ],
            [
              424836.5433494811,
              4389019.831375838
            ],
            [
              424836.6311354741,
              4389019.789211564
            ],
            [
              424836.7226065536,
              4389019.755786299
            ],
            [
              424836.816895189,
              4389019.731417058
            ],
            [
              424836.91310712736,
              4389019.716334963
            ],
            [
              424837.0103298748,
              4389019.710683056
            ],
            [
              424837.10764135065,
              4389019.71451494
            ],
            [
              424837.2041186328,
              4389019.727794274
            ],
            [
              424837.2988467108,
              4389019.750395113
            ],
            [
              424837.39092716377,
              4389019.782103106
            ],
            [
              424840.7534647809,
              4389021.126493204
            ],
            [
              424840.84654472617,
              4389021.16936285
            ],
            [
              424840.9347485106,
              4389021.221533484
            ],
            [
              424841.0171498461,
              4389021.282457228
            ],
            [
              424841.0928833802,
              4389021.35149428
            ],
            [
              424841.1611537832,
              4389021.427919634
            ],
            [
              424841.221244101,
              4389021.510930696
            ],
            [
              424841.27252328425,
              4389021.599655708
            ],
            [
              424841.3144528151,
              4389021.6931629125
            ],
            [
              424841.3465923631,
              4389021.790470323
            ],
            [
              424841.36860440875,
              4389021.890556049
            ],
            [
              424841.9754974782,
              4389025.530222543
            ],
            [
              424841.98681044165,
              4389025.626830571
            ],
            [
              424841.98868412344,
              4389025.72408068
            ],
            [
              424841.98110079643,
              4389025.821052777
            ],
            [
              424841.96413220715,
              4389025.916829399
            ],
            [
              424841.937938897,
              4389026.010504395
            ],
            [
              424841.90276868345,
              4389026.1011914965
            ],
            [
              424841.8589543152,
              4389026.188032705
            ],
            [
              424841.806910324,
              4389026.270206408
            ],
            [
              424841.74712910317,
              4389026.34693515
            ],
            [
              424841.6801762483,
              4389026.417492996
            ],
            [
              424841.60668520676,
              4389026.481212391
            ],
            [
              424841.52735128417,
              4389026.537490478
            ],
            [
              424841.4429250663,
              4389026.585794806
            ],
            [
              424841.35420531756,
              4389026.625668363
            ],
            [
              424841.26203142386,
              4389026.656733901
            ],
            [
              424841.16727545107,
              4389026.678697507
            ],
            [
              424841.0708338945,
              4389026.691351381
            ],
            [
              424840.9736191967,
              4389026.694575803
            ],
            [
              424840.8765511151,
              4389026.688340267
            ],
            [
              424840.7805480201,
              4389026.672703768
            ],
            [
              424840.6865182059,
              4389026.647814244
            ],
            [
              424840.5953512975,
              4389026.613907177
            ],
            [
              424836.0207542376,
              4389024.654276527
            ]
          ],
          [
            [
              424834.27427373064,
              4389041.3305462105
            ],
            [
              424834.1762565903,
              4389041.3257309375
            ],
            [
              424834.07918340864,
              4389041.311331491
            ],
            [
              424833.9839890534,
              4389041.287486547
            ],
            [
              424833.89159029827,
              4389041.254425743
            ],
            [
              424833.80287699384,
              4389041.212467475
            ],
            [
              424833.7187034976,
              4389041.162015823
            ],
            [
              424833.6398804465,
              4389041.103556664
            ],
            [
              424833.56716694945,
              4389041.037652992
            ],
            [
              424833.50126327726,
              4389040.964939495
            ],
            [
              424833.4428041183,
              4389040.886116443
            ],
            [
              424833.3923524663,
              4389040.801942947
            ],
            [
              424833.35039419815,
              4389040.713229643
            ],
            [
              424833.3173333949,
              4389040.620830888
            ],
            [
              424833.29348845023,
              4389040.525636532
            ],
            [
              424833.279089004,
              4389040.428563351
            ],
            [
              424833.27427373064,
              4389040.3305462105
            ],
            [
              424833.27427373064,
              4389038.331522181
            ],
            [
              424833.279089004,
              4389038.23350504
            ],
            [
              424833.29348845023,
              4389038.136431859
            ],
            [
              424833.3173333949,
              4389038.041237503
            ],
            [
              424833.35039419815,
              4389037.948838748
            ],
            [
              424833.3923524663,
              4389037.860125444
            ],
            [
              424833.4428041183,
              4389037.775951948
            ],
            [
              424833.50126327726,
              4389037.697128897
            ],
            [
              424833.56716694945,
              4389037.6244153995
            ],
            [
              424833.6398804465,
              4389037.5585117275
            ],
            [
              424833.7187034976,
              4389037.5000525685
            ],
            [
              424833.80287699384,
              4389037.449600916
            ],
            [
              424833.89159029827,
              4389037.407642649
            ],
            [
              424833.9839890534,
              4389037.374581845
            ],
            [
              424834.07918340864,
              4389037.3507369
            ],
            [
              424834.1762565903,
              4389037.336337454
            ],
            [
              424834.27427373064,
              4389037.331522181
            ],
            [
              424834.99401516956,
              4389037.331522181
            ],
            [
              424835.0947266033,
              4389037.3366065025
            ],
            [
              424835.1944139384,
              4389037.351807767
            ],
            [
              424835.2920634899,
              4389037.376971397
            ],
            [
              424835.3866822944,
              4389037.411841514
            ],
            [
              424835.477308207,
              4389037.456063535
            ],
            [
              424835.56301968516,
              4389037.509187783
            ],
            [
              424835.64294515934,
              4389037.570674056
            ],
            [
              424835.71627189603,
              4389037.639897123
            ],
            [
              424835.7822542618,
              4389037.716153077
            ],
            [
              424835.84022130544,
              4389037.7986665005
            ],
            [
              424835.8895835808,
              4389037.886598344
            ],
            [
              424835.9298391405,
              4389037.979054458
            ],
            [
              424835.96057864017,
              4389038.0750946915
            ],
            [
              424835.98148950073,
              4389038.173742444
            ],
            [
              424835.99235908716,
              4389038.273994602
            ],
            [
              424835.99307687045,
              4389038.374831739
            ],
            [
              424835.9836355518,
              4389038.475228475
            ],
            [
              424835.96413113654,
              4389038.574163914
            ],
            [
              424835.4641428142,
              4389040.573187944
            ],
            [
              424835.4368543614,
              4389040.663827291
            ],
            [
              424835.4011180317,
              4389040.751480389
            ],
            [
              424835.3572540281,
              4389040.835361854
            ],
            [
              424835.3056553786,
              4389040.914720095
            ],
            [
              424835.246784415,
              4389040.988844049
            ],
            [
              424835.18116862985,
              4389041.057069555
            ],
            [
              424835.1093959507,
              4389041.118785303
            ],
            [
              424835.03210947145,
              4389041.173438309
            ],
            [
              424834.95000169065,
              4389041.220538874
            ],
            [
              424834.86380830646,
              4389041.259664971
            ],
            [
              424834.77430162457,
              4389041.290466025
            ],
            [
              424834.68228363834,
              4389041.312666051
            ],
            [
              424834.5885788429,
              4389041.326066135
            ],
            [
              424834.49402684724,
              4389041.3305462105
            ],
            [
              424834.27427373064,
              4389041.3305462105
            ]
          ],
          [
            [
              424831.4540577379,
              4389164.51369261
            ],
            [
              424831.3675815294,
              4389164.565227721
            ],
            [
              424831.27636214683,
              4389164.607807371
            ],
            [
              424831.1813240073,
              4389164.641000056
            ],
            [
              424831.08343022753,
              4389164.664469402
            ],
            [
              424830.9836728634,
              4389164.677977571
            ],
            [
              424830.8830628562,
              4389164.68138767
            ],
            [
              424830.7826197881,
              4389164.674665143
            ],
            [
              424830.68336154916,
              4389164.657878114
            ],
            [
              424830.58629402285,
              4389164.631196704
            ],
            [
              424830.4924008915,
              4389164.594891301
            ],
            [
              424830.40263366845,
              4389164.549329827
            ],
            [
              424830.3179020549,
              4389164.494973999
            ],
            [
              424830.2390647213,
              4389164.432374661
            ],
            [
              424830.16692060523,
              4389164.362166194
            ],
            [
              424830.1022008154,
              4389164.285060091
            ],
            [
              424830.04556122236,
              4389164.2018377455
            ],
            [
              424829.99757581175,
              4389164.113342533
            ],
            [
              424829.95873086795,
              4389164.020471264
            ],
            [
              424829.9294200457,
              4389163.924165095
            ],
            [
              424828.58397482365,
              4389158.544884801
            ],
            [
              424828.56447040837,
              4389158.445949363
            ],
            [
              424828.55502908974,
              4389158.345552626
            ],
            [
              424828.555746873,
              4389158.244715489
            ],
            [
              424828.56661645946,
              4389158.144463331
            ],
            [
              424828.58752732,
              4389158.045815579
            ],
            [
              424828.6182668197,
              4389157.949775346
            ],
            [
              424828.6585223794,
              4389157.857319231
            ],
            [
              424828.70788465475,
              4389157.769387388
            ],
            [
              424828.7658516984,
              4389157.686873964
            ],
            [
              424828.83183406416,
              4389157.61061801
            ],
            [
              424828.90516080084,
              4389157.541394943
            ],
            [
              424828.98508627503,
              4389157.47990867
            ],
            [
              424829.0707977532,
              4389157.426784422
            ],
            [
              424829.16142366576,
              4389157.382562401
            ],
            [
              424829.2560424703,
              4389157.347692284
            ],
            [
              424829.3536920218,
              4389157.322528654
            ],
            [
              424829.4533793569,
              4389157.30732739
            ],
            [
              424829.5540907906,
              4389157.302243068
            ],
            [
              424832.7744131568,
              4389157.302243068
            ],
            [
              424832.8772391035,
              4389157.307543704
            ],
            [
              424832.97897496435,
              4389157.323389418
            ],
            [
              424833.0785422098,
              4389157.349612227
            ],
            [
              424833.17488530045,
              4389157.385934134
            ],
            [
              424833.266982877,
              4389157.431970081
            ],
            [
              424833.3538585879,
              4389157.487232029
            ],
            [
              424833.43459144013,
              4389157.551134132
            ],
            [
              424833.50832556275,
              4389157.622998944
            ],
            [
              424833.57427928055,
              4389157.702064607
            ],
            [
              424835.64021067665,
              4389160.455359914
            ],
            [
              424835.69389499776,
              4389160.534528166
            ],
            [
              424835.7397696583,
              4389160.618463461
            ],
            [
              424835.7774149223,
              4389160.706397826
            ],
            [
              424835.8064863501,
              4389160.797526694
            ],
            [
              424835.8267179491,
              4389160.891016269
            ],
            [
              424835.837924608,
              4389160.98601116
            ],
            [
              424835.84000379004,
              4389161.081642197
            ],
            [
              424835.83293647156,
              4389161.177034395
            ],
            [
              424835.8167873159,
              4389161.271314951
            ],
            [
              424835.79170408146,
              4389161.363621233
            ],
            [
              424835.7579162705,
              4389161.453108675
            ],
            [
              424835.7157330284,
              4389161.538958499
            ],
            [
              424835.6655403159,
              4389161.620385215
            ],
            [
              424835.6077973771,
              4389161.696643798
            ],
            [
              424835.5430325378,
              4389161.76703651
            ],
            [
              424835.47183837154,
              4389161.830919286
            ],
            [
              424835.3948662781,
              4389161.887707623
            ],
            [
              424831.4540577379,
              4389164.51369261
            ]
          ],
          [
            [
              424828.2729492273,
              4389010.338109981
            ],
            [
              424828.17493208696,
              4389010.333294708
            ],
            [
              424828.0778589053,
              4389010.318895262
            ],
            [
              424827.9826645501,
              4389010.295050317
            ],
            [
              424827.89026579494,
              4389010.261989513
            ],
            [
              424827.8015524905,
              4389010.220031246
            ],
            [
              424827.7173789943,
              4389010.169579593
            ],
            [
              424827.63855594315,
              4389010.1111204345
            ],
            [
              424827.5658424461,
              4389010.045216762
            ],
            [
              424827.4999387739,
              4389009.972503265
            ],
            [
              424827.441479615,
              4389009.893680214
            ],
            [
              424827.39102796296,
              4389009.809506718
            ],
            [
              424827.3490696948,
              4389009.720793414
            ],
            [
              424827.31600889156,
              4389009.628394659
            ],
            [
              424827.2921639469,
              4389009.533200303
            ],
            [
              424827.27776450064,
              4389009.436127122
            ],
            [
              424827.2729492273,
              4389009.338109981
            ],
            [
              424827.2729492273,
              4389008.6194740385
            ],
            [
              424827.2780323253,
              4389008.518774693
            ],
            [
              424827.29322994355,
              4389008.419099078
            ],
            [
              424827.31838758005,
              4389008.3214605125
            ],
            [
              424827.3532494774,
              4389008.226851611
            ],
            [
              424827.39746122266,
              4389008.1362341875
            ],
            [
              424827.45057335054,
              4389008.050529474
            ],
            [
              424827.51204591285,
              4389007.970608762
            ],
            [
              424827.5812539673,
              4389007.897284543
            ],
            [
              424827.6574939314,
              4389007.831302243
            ],
            [
              424827.7399907347,
              4389007.773332653
            ],
            [
              424827.82790569845,
              4389007.723965101
            ],
            [
              424827.920345062,
              4389007.683701469
            ],
            [
              424828.0163690686,
              4389007.652951084
            ],
            [
              424828.1150015193,
              4389007.632026561
            ],
            [
              424828.2152396974,
              4389007.6211406225
            ],
            [
              424828.31606456195,
              4389007.620403937
            ],
            [
              424828.41645110754,
              4389007.629823994
            ],
            [
              424828.5153787848,
              4389007.649305028
            ],
            [
              424830.0640381001,
              4389008.036289964
            ],
            [
              424830.15914682974,
              4389008.0651471745
            ],
            [
              424830.25092121796,
              4389008.103303049
            ],
            [
              424830.33845468,
              4389008.150380666
            ],
            [
              424830.42088252446,
              4389008.205914975
            ],
            [
              424830.49739049544,
              4389008.269357386
            ],
            [
              424830.5672228158,
              4389008.340081187
            ],
            [
              424830.6296896534,
              4389008.417387741
            ],
            [
              424830.68417393527,
              4389008.500513381
            ],
            [
              424830.7301374433,
              4389008.588636959
            ],
            [
              424830.7671261313,
              4389008.680887953
            ],
            [
              424830.7947746097,
              4389008.776355072
            ],
            [
              424830.8128097557,
              4389008.874095251
            ],
            [
              424830.8210534106,
              4389008.973142973
            ],
            [
              424830.81942414027,
              4389009.072519803
            ],
            [
              424830.8079380393,
              4389009.171244059
            ],
            [
              424830.7867085721,
              4389009.268340499
            ],
            [
              424830.7559454521,
              4389009.362849967
            ],
            [
              424830.7159525698,
              4389009.453838859
            ],
            [
              424830.5500499813,
              4389009.785489866
            ],
            [
              424830.5005800704,
              4389009.873075146
            ],
            [
              424830.4425613401,
              4389009.955247407
            ],
            [
              424830.3765808502,
              4389010.031175191
            ],
            [
              424830.3033062212,
              4389010.100090226
            ],
            [
              424830.2234788791,
              4389010.161295201
            ],
            [
              424830.13790655305,
              4389010.214170814
            ],
            [
              424830.0474551027,
              4389010.258182046
            ],
            [
              424829.9530397568,
              4389010.292883572
            ],
            [
              424829.8556158527,
              4389010.317924266
            ],
            [
              424829.7561691696,
              4389010.333050755
            ],
            [
              424829.6557059541,
              4389010.338109981
            ],
            [
              424828.2729492273,
              4389010.338109981
            ]
          ],
          [
            [
              424818.27096247236,
              4389020.138022841
            ],
            [
              424818.2757808809,
              4389020.039973874
            ],
            [
              424818.29018967226,
              4389019.942869787
            ],
            [
              424818.31404999166,
              4389019.847646354
            ],
            [
              424818.3471319015,
              4389019.755221226
            ],
            [
              424818.3891165975,
              4389019.666485087
            ],
            [
              424818.43959948083,
              4389019.582293072
            ],
            [
              424818.4980940572,
              4389019.503456523
            ],
            [
              424818.56403662503,
              4389019.430735172
            ],
            [
              424818.6367917079,
              4389019.364829824
            ],
            [
              424818.7156581783,
              4389019.306375596
            ],
            [
              424818.79987601464,
              4389019.255935799
            ],
            [
              424818.888633625,
              4389019.213996515
            ],
            [
              424818.9810756684,
              4389019.180961902
            ],
            [
              424819.07631129795,
              4389019.15715031
            ],
            [
              424819.17342274525,
              4389019.142791209
            ],
            [
              424819.271474165,
              4389019.138022972
            ],
            [
              424819.36952065374,
              4389019.14289155
            ],
            [
              424819.4666173553,
              4389019.157350028
            ],
            [
              424819.5618285665,
              4389019.181259069
            ],
            [
              424819.6542367544,
              4389019.214388268
            ],
            [
              424819.7429513982,
              4389019.256418364
            ],
            [
              424819.8271175711,
              4389019.306944321
            ],
            [
              424819.90592417907,
              4389019.36547923
            ],
            [
              424819.97861177725,
              4389019.431459
            ],
            [
              424820.04447988863,
              4389019.504247797
            ],
            [
              424820.10289375414,
              4389019.583144167
            ],
            [
              424820.54488304205,
              4389020.24582005
            ],
            [
              424820.5945721479,
              4389020.328739517
            ],
            [
              424820.63602282386,
              4389020.416069277
            ],
            [
              424820.6688477281,
              4389020.506993261
            ],
            [
              424820.6927401236,
              4389020.600661819
            ],
            [
              424820.7074767443,
              4389020.696199651
            ],
            [
              424820.7129198818,
              4389020.79271399
            ],
            [
              424820.7090186718,
              4389020.889302943
            ],
            [
              424820.69580956985,
              4389020.985063922
            ],
            [
              424820.6734160102,
              4389021.079102072
            ],
            [
              424820.6420472528,
              4389021.170538642
            ],
            [
              424820.6019964276,
              4389021.25851919
            ],
            [
              424820.5536377952,
              4389021.342221567
            ],
            [
              424820.49742325005,
              4389021.420863606
            ],
            [
              424820.43387809704,
              4389021.493710424
            ],
            [
              424820.3635961431,
              4389021.560081293
            ],
            [
              424820.2872341481,
              4389021.619356002
            ],
            [
              424820.205505688,
              4389021.670980648
            ],
            [
              424820.119174486,
              4389021.714472819
            ],
            [
              424820.0290472769,
              4389021.749426095
            ],
            [
              424819.587057989,
              4389021.896687401
            ],
            [
              424819.4911539492,
              4389021.923416699
            ],
            [
              424819.3930673627,
              4389021.940477232
            ],
            [
              424819.29377046763,
              4389021.947699894
            ],
            [
              424819.1942474988,
              4389021.945013095
            ],
            [
              424819.09548493184,
              4389021.932443465
            ],
            [
              424818.99846170534,
              4389021.910115596
            ],
            [
              424818.9041395174,
              4389021.878250802
            ],
            [
              424818.81345329335,
              4389021.837164928
            ],
            [
              424818.7273019187,
              4389021.787265221
            ],
            [
              424818.6465393293,
              4389021.729046286
            ],
            [
              424818.5719660472,
              4389021.663085192
            ],
            [
              424818.5043212458,
              4389021.59003575
            ],
            [
              424818.44427542307,
              4389021.510622027
            ],
            [
              424818.3924237556,
              4389021.425631176
            ],
            [
              424818.34928019927,
              4389021.335905629
            ],
            [
              424818.3152723946,
              4389021.24233475
            ],
            [
              424818.2907374285,
              4389021.145846017
            ],
            [
              424818.27591849247,
              4389021.047395829
            ],
            [
              424818.27096247236,
              4389020.94796003
            ],
            [
              424818.27096247236,
              4389020.138022841
            ]
          ],
          [
            [
              424795.8837907345,
              4389065.3246903885
            ],
            [
              424795.783327519,
              4389065.319631162
            ],
            [
              424795.68388083595,
              4389065.304504673
            ],
            [
              424795.58645693184,
              4389065.279463979
            ],
            [
              424795.49204158597,
              4389065.244762453
            ],
            [
              424795.4015901356,
              4389065.200751221
            ],
            [
              424795.31601780956,
              4389065.147875608
            ],
            [
              424795.23619046743,
              4389065.086670633
            ],
            [
              424795.1629158384,
              4389065.017755598
            ],
            [
              424795.0969353485,
              4389064.941827814
            ],
            [
              424795.03891661816,
              4389064.8596555535
            ],
            [
              424794.9894467073,
              4389064.772070273
            ],
            [
              424792.71276920865,
              4389060.220830949
            ],
            [
              424792.673216514,
              4389060.130993947
            ],
            [
              424792.6426620101,
              4389060.037711984
            ],
            [
              424792.6214000926,
              4389059.941883838
            ],
            [
              424792.6096356223,
              4389059.844432826
            ],
            [
              424792.60748195107,
              4389059.746297898
            ],
            [
              424792.6149598298,
              4389059.648424592
            ],
            [
              424792.6319972083,
              4389059.55175593
            ],
            [
              424792.65842992964,
              4389059.457223323
            ],
            [
              424792.6940033119,
              4389059.365737603
            ],
            [
              424792.738374602,
              4389059.278180243
            ],
            [
              424792.7911162778,
              4389059.19539487
            ],
            [
              424792.851720168,
              4389059.118179127
            ],
            [
              424792.9196023478,
              4389059.047276995
            ],
            [
              424792.99410876556,
              4389058.983371626
            ],
            [
              424793.0745215442,
              4389058.927078753
            ],
            [
              424793.1600658984,
              4389058.878940764
            ],
            [
              424796.2435893447,
              4389057.3378954055
            ],
            [
              424796.2648761922,
              4389057.325882133
            ],
            [
              424796.26610596024,
              4389057.30147032
            ],
            [
              424796.26610596024,
              4389052.894188046
            ],
            [
              424796.27141175634,
              4389052.791312195
            ],
            [
              424796.28727284167,
              4389052.689528021
            ],
            [
              424796.3135209048,
              4389052.5899156155
            ],
            [
              424796.34987741214,
              4389052.493532025
            ],
            [
              424796.3959565631,
              4389052.401400032
            ],
            [
              424796.45126938465,
              4389052.314497305
            ],
            [
              424796.5152289196,
              4389052.23374602
            ],
            [
              424796.5871564555,
              4389052.160003076
            ],
            [
              424796.6662887267,
              4389052.094051004
            ],
            [
              424796.75178601354,
              4389052.03658966
            ],
            [
              424801.2455720648,
              4389049.341570827
            ],
            [
              424801.2652794256,
              4389049.328356668
            ],
            [
              424801.249364897,
              4389049.310757746
            ],
            [
              424797.2478249066,
              4389045.311077033
            ],
            [
              424797.18098187144,
              4389045.237253686
            ],
            [
              424797.12181314605,
              4389045.157147882
            ],
            [
              424797.0709055589,
              4389045.0715541
            ],
            [
              424797.02876400505,
              4389044.981321249
            ],
            [
              424796.9958064395,
              4389044.887344248
            ],
            [
              424796.9723597312,
              4389044.790555147
            ],
            [
              424796.9586564218,
              4389044.6919138925
            ],
            [
              424796.9548324191,
              4389044.592398793
            ],
            [
              424796.960925649,
              4389044.49299683
            ],
            [
              424796.9768756796,
              4389044.394693856
            ],
            [
              424797.00252432056,
              4389044.298464832
            ],
            [
              424797.0376171916,
              4389044.205264144
            ],
            [
              424797.0818062461,
              4389044.116016144
            ],
            [
              424797.1346532223,
              4389044.031605985
            ],
            [
              424797.19563399034,
              4389043.952870835
            ],
            [
              424797.2641437504,
              4389043.88059158
            ],
            [
              424797.33950303117,
              4389043.815485076
            ],
            [
              424797.42096442834,
              4389043.758197043
            ],
            [
              424797.5077200177,
              4389043.7092956565
            ],
            [
              424801.37325267884,
              4389041.777427367
            ],
            [
              424801.4630609716,
              4389041.737924678
            ],
            [
              424801.55630804435,
              4389041.7074127905
            ],
            [
              424801.6520963017,
              4389041.686185412
            ],
            [
              424801.7495036867,
              4389041.674446876
            ],
            [
              424801.8475925565,
              4389041.672310178
            ],
            [
              424801.94541870855,
              4389041.679795887
            ],
            [
              424802.0420404691,
              4389041.696831944
            ],
            [
              424802.1365277579,
              4389041.723254361
            ],
            [
              424802.227971041,
              4389041.758808796
            ],
            [
              424802.31549008616,
              4389041.803153003
            ],
            [
              424802.3982424357,
              4389041.8558601225
            ],
            [
              424802.47543151624,
              4389041.916422798
            ],
            [
              424802.54631430627,
              4389041.984258054
            ],
            [
              424802.61020848865,
              4389042.058712908
            ],
            [
              424802.66649901855,
              4389042.139070659
            ],
            [
              424802.71464404365,
              4389042.224557783
            ],
            [
              424804.2566493373,
              4389045.307135414
            ],
            [
              424804.2687752568,
              4389045.328611912
            ],
            [
              424804.290930595,
              4389045.339447918
            ],
            [
              424810.2941997854,
              4389047.911082131
            ],
            [
              424810.38038747216,
              4389047.952998859
            ],
            [
              424810.4621666387,
              4389048.002973826
            ],
            [
              424810.53878611623,
              4389048.060547995
            ],
            [
              424810.6095421298,
              4389048.125192531
            ],
            [
              424810.673784762,
              4389048.19631365
            ],
            [
              424810.730923923,
              4389048.273258083
            ],
            [
              424810.78043477103,
              4389048.355319068
            ],
            [
              424810.82186253247,
              4389048.44174285
            ],
            [
              424810.8548266797,
              4389048.531735596
            ],
            [
              424810.87902442616,
              4389048.624470694
            ],
            [
              424810.8942335077,
              4389048.719096342
            ],
            [
              424810.9003142237,
              4389048.814743372
            ],
            [
              424810.897210721,
              4389048.9105332345
            ],
            [
              424810.8849515061,
              4389049.005586067
            ],
            [
              424810.863649184,
              4389049.099028779
            ],
            [
              424810.83349942364,
              4389049.190003069
            ],
            [
              424810.79477916023,
              4389049.277673307
            ],
            [
              424809.2799433039,
              4389052.305937311
            ],
            [
              424809.27019619994,
              4389052.328071433
            ],
            [
              424809.27201783896,
              4389052.352187957
            ],
            [
              424810.1642634719,
              4389059.486836432
            ],
            [
              424810.171701456,
              4389059.5867951885
            ],
            [
              424810.16909528937,
              4389059.68699641
            ],
            [
              424810.15647115646,
              4389059.786433365
            ],
            [
              424810.1339558928,
              4389059.884107003
            ],
            [
              424810.10177571105,
              4389059.979035991
            ],
            [
              424810.06025392795,
              4389060.070266568
            ],
            [
              424810.009807716,
              4389060.156882136
            ],
            [
              424809.95094391226,
              4389060.238012459
            ],
            [
              424809.88425392576,
              4389060.312842416
            ],
            [
              424809.810407796,
              4389060.380620184
            ],
            [
              424809.7301474607,
              4389060.440664796
            ],
            [
              424809.6442793016,
              4389060.492372978
            ],
            [
              424809.5536660427,
              4389060.535225213
            ],
            [
              424809.45921808225,
              4389060.568790962
            ],
            [
              424801.5542143515,
              4389062.939190186
            ],
            [
              424801.4591093372,
              4389062.962698529
            ],
            [
              424801.36216042715,
              4389062.976788054
            ],
            [
              424801.26429809886,
              4389062.98132354
            ],
            [
              424801.16646159644,
              4389062.976261454
            ],
            [
              424801.06958991603,
              4389062.961650381
            ],
            [
              424800.97461279394,
              4389062.937630552
            ],
            [
              424800.8824417831,
              4389062.904432499
            ],
            [
              424800.7939615045,
              4389062.862374846
            ],
            [
              424800.710021157,
              4389062.811861244
            ],
            [
              424800.63142636704,
              4389062.753376503
            ],
            [
              424800.5589314564,
              4389062.687481937
            ],
            [
              424800.4932322027,
              4389062.614809975
            ],
            [
              424800.43495916144,
              4389062.536058095
            ],
            [
              424800.38467161433,
              4389062.451982127
            ],
            [
              424800.34285220143,
              4389062.363388997
            ],
            [
              424800.309902289,
              4389062.271128988
            ],
            [
              424800.28613811726,
              4389062.176087576
            ],
            [
              424800.2717877654,
              4389062.07917693
            ],
            [
              424800.2669889624,
              4389061.98132716
            ],
            [
              424800.2669889624,
              4389060.349937765
            ],
            [
              424800.2658723647,
              4389060.326715267
            ],
            [
              424800.24419349636,
              4389060.318315393
            ],
            [
              424797.289571015,
              4389059.333898845
            ],
            [
              424797.26772582706,
              4389059.32779135
            ],
            [
              424797.270356392,
              4389059.350321197
            ],
            [
              424798.07237835205,
              4389064.160217046
            ],
            [
              424798.0836325161,
              4389064.2559661195
            ],
            [
              424798.08561411395,
              4389064.352353954
            ],
            [
              424798.0783047276,
              4389064.4484846685
            ],
            [
              424798.0617722944,
              4389064.5434647715
            ],
            [
              424798.03617047577,
              4389064.636411467
            ],
            [
              424798.0017372288,
              4389064.726460858
            ],
            [
              424797.95879259484,
              4389064.812775977
            ],
            [
              424797.90773572447,
              4389064.894554565
            ],
            [
              424797.8490411679,
              4389064.971036525
            ],
            [
              424797.78325446416,
              4389065.0415109955
            ],
            [
              424797.7109870704,
              4389065.105322947
            ],
            [
              424797.632910679,
              4389065.161879277
            ],
            [
              424797.5497509741,
              4389065.21065432
            ],
            [
              424797.4622808871,
              4389065.251194735
            ],
            [
              424797.3713134124,
              4389065.283123717
            ],
            [
              424797.27769405075,
              4389065.3061445
            ],
            [
              424797.1822929514,
              4389065.320043118
            ],
            [
              424797.0859968236,
              4389065.3246903885
            ],
            [
              424795.8837907345,
              4389065.3246903885
            ]
          ],
          [
            [
              424799.061021715,
              4389071.799689498
            ],
            [
              424798.9782728162,
              4389071.744281109
            ],
            [
              424798.9014453295,
              4389071.6809170265
            ],
            [
              424798.8313011892,
              4389071.61022566
            ],
            [
              424798.76853604784,
              4389071.532908089
            ],
            [
              424798.7137723767,
              4389071.449731109
            ],
            [
              424798.66755329294,
              4389071.361519624
            ],
            [
              424798.63033717277,
              4389071.26914847
            ],
            [
              424798.6024931061,
              4389071.173533734
            ],
            [
              424798.5842972355,
              4389071.075623673
            ],
            [
              424798.575930018,
              4389070.9763893075
            ],
            [
              424798.5774744352,
              4389070.87681479
            ],
            [
              424798.5889151704,
              4389070.777887648
            ],
            [
              424798.61013876053,
              4389070.6805889895
            ],
            [
              424798.6409347212,
              4389070.58588377
            ],
            [
              424798.6809976343,
              4389070.494711227
            ],
            [
              424798.908001303,
              4389070.040914839
            ],
            [
              424798.9552990259,
              4389069.95677562
            ],
            [
              424799.0104882412,
              4389069.877588288
            ],
            [
              424799.0730547795,
              4389069.804090593
            ],
            [
              424799.14241574076,
              4389069.736967274
            ],
            [
              424799.21792492474,
              4389069.676843684
            ],
            [
              424799.29887885146,
              4389069.624279964
            ],
            [
              424799.38452331506,
              4389069.579765823
            ],
            [
              424799.4740604103,
              4389069.543715975
            ],
            [
              424799.5666559664,
              4389069.5164662795
            ],
            [
              424799.6614473184,
              4389069.498270608
            ],
            [
              424799.75755134434,
              4389069.489298478
            ],
            [
              424799.8540726927,
              4389069.489633479
            ],
            [
              424799.950112124,
              4389069.499272492
            ],
            [
              424800.0447748884,
              4389069.518125713
            ],
            [
              424802.51008077204,
              4389070.134165814
            ],
            [
              424802.60074081516,
              4389070.161439646
            ],
            [
              424802.6884153411,
              4389070.197164747
            ],
            [
              424802.77231851383,
              4389070.2410209095
            ],
            [
              424802.8516983004,
              4389070.292615045
            ],
            [
              424802.92584321136,
              4389070.35148471
            ],
            [
              424802.99408867816,
              4389070.41710225
            ],
            [
              424803.05582300946,
              4389070.488879529
            ],
            [
              424803.1104928739,
              4389070.566173198
            ],
            [
              424803.15760825976,
              4389070.6482904665
            ],
            [
              424803.19674686686,
              4389070.734495308
            ],
            [
              424803.2275578918,
              4389070.82401506
            ],
            [
              424803.249765172,
              4389070.916047349
            ],
            [
              424803.2631696614,
              4389071.009767277
            ],
            [
              424803.2676512141,
              4389071.104334825
            ],
            [
              424803.2676512141,
              4389072.5567262685
            ],
            [
              424803.2630510608,
              4389072.652534124
            ],
            [
              424803.2492929236,
              4389072.747460518
            ],
            [
              424803.22650338174,
              4389072.840632099
            ],
            [
              424803.1948921058,
              4389072.931191659
            ],
            [
              424803.15474992944,
              4389073.0183060225
            ],
            [
              424803.1064461728,
              4389073.101173711
            ],
            [
              424803.05042524537,
              4389073.1790323155
            ],
            [
              424802.98720255675,
              4389073.251165514
            ],
            [
              424802.91735977517,
              4389073.316909658
            ],
            [
              424802.8415394756,
              4389073.375659882
            ],
            [
              424802.76043922803,
              4389073.426875666
            ],
            [
              424802.67480517965,
              4389073.470085808
            ],
            [
              424802.58542518987,
              4389073.504892763
            ],
            [
              424802.49312158214,
              4389073.530976295
            ],
            [
              424802.3987435778,
              4389073.548096428
            ],
            [
              424802.3031594836,
              4389073.556095651
            ],
            [
              424802.20724870235,
              4389073.55490037
            ],
            [
              424802.1118936428,
              4389073.54452158
            ],
            [
              424802.01797160064,
              4389073.525054772
            ],
            [
              424801.9263466875,
              4389073.496679044
            ],
            [
              424801.83786188066,
              4389073.459655462
            ],
            [
              424801.75333126733,
              4389073.414324655
            ],
            [
              424799.061021715,
              4389071.799689498
            ]
          ],
          [
            [
              424780.5047827585,
              4389104.0047116075
            ],
            [
              424780.4058550812,
              4389104.0241926415
            ],
            [
              424780.30546853563,
              4389104.033612698
            ],
            [
              424780.2046436711,
              4389104.032876013
            ],
            [
              424780.10440549295,
              4389104.021990075
            ],
            [
              424780.0057730422,
              4389104.001065551
            ],
            [
              424779.9097490356,
              4389103.970315167
            ],
            [
              424779.8173096721,
              4389103.930051534
            ],
            [
              424779.7293947083,
              4389103.880683983
            ],
            [
              424779.646897905,
              4389103.822714392
            ],
            [
              424779.5706579409,
              4389103.756732092
            ],
            [
              424779.50144988636,
              4389103.683407873
            ],
            [
              424779.4399773241,
              4389103.603487161
            ],
            [
              424779.38686519617,
              4389103.517782448
            ],
            [
              424779.3426534509,
              4389103.427165024
            ],
            [
              424779.3077915536,
              4389103.332556123
            ],
            [
              424779.28263391706,
              4389103.234917558
            ],
            [
              424779.26743629883,
              4389103.1352419425
            ],
            [
              424779.2623532008,
              4389103.034542597
            ],
            [
              424779.2623532008,
              4389098.826002418
            ],
            [
              424779.26678882074,
              4389098.731919661
            ],
            [
              424779.28005633113,
              4389098.638671535
            ],
            [
              424779.3020380327,
              4389098.547085266
            ],
            [
              424779.3325389205,
              4389098.457973338
            ],
            [
              424779.3712884138,
              4389098.372126284
            ],
            [
              424779.4179427566,
              4389098.290305674
            ],
            [
              424779.47208806704,
              4389098.213237358
            ],
            [
              424779.533244009,
              4389098.141605029
            ],
            [
              424779.60086805356,
              4389098.0760441525
            ],
            [
              424779.6743602917,
              4389098.017136336
            ],
            [
              424790.24441863876,
              4389090.333393014
            ],
            [
              424790.26344313053,
              4389090.318042795
            ],
            [
              424790.2606409189,
              4389090.293758889
            ],
            [
              424789.3349679859,
              4389084.742301921
            ],
            [
              424789.32340357004,
              4389084.641890206
            ],
            [
              424789.3220344175,
              4389084.540824022
            ],
            [
              424789.330874516,
              4389084.440135886
            ],
            [
              424789.34983355284,
              4389084.340854453
            ],
            [
              424789.3787178378,
              4389084.243994005
            ],
            [
              424789.41723228194,
              4389084.150544095
            ],
            [
              424789.46498341206,
              4389084.061459429
            ],
            [
              424789.52148339065,
              4389083.977650118
            ],
            [
              424791.96521740867,
              4389080.720852039
            ],
            [
              424792.0311711264,
              4389080.641786375
            ],
            [
              424792.104905249,
              4389080.569921563
            ],
            [
              424792.1856381013,
              4389080.506019461
            ],
            [
              424792.2725138122,
              4389080.450757513
            ],
            [
              424792.3646113887,
              4389080.404721566
            ],
            [
              424792.46095447935,
              4389080.368399658
            ],
            [
              424792.5605217248,
              4389080.34217685
            ],
            [
              424792.6622575857,
              4389080.326331136
            ],
            [
              424792.7650835324,
              4389080.321030499
            ],
            [
              424794.7976496149,
              4389080.321030499
            ],
            [
              424794.89481047785,
              4389080.325761809
            ],
            [
              424794.99105194455,
              4389080.339910966
            ],
            [
              424795.0854633188,
              4389080.363344084
            ],
            [
              424795.1771512218,
              4389080.395839422
            ],
            [
              424795.2652480458,
              4389080.437089491
            ],
            [
              424795.3489201642,
              4389080.486703956
            ],
            [
              424795.42737581965,
              4389080.544213335
            ],
            [
              424795.49987261626,
              4389080.609073439
            ],
            [
              424795.56572454463,
              4389080.68067052
            ],
            [
              424800.03506389214,
              4389086.041385773
            ],
            [
              424800.0947528291,
              4389086.120669125
            ],
            [
              424800.14628943516,
              4389086.205478307
            ],
            [
              424800.18916614575,
              4389086.294978066
            ],
            [
              424800.22296068445,
              4389086.388286953
            ],
            [
              424800.2473402218,
              4389086.484486003
            ],
            [
              424800.26206465287,
              4389086.58262779
            ],
            [
              424800.2669889624,
              4389086.681745752
            ],
            [
              424800.2669889624,
              4389089.78326885
            ],
            [
              424800.2621613261,
              4389089.881411433
            ],
            [
              424800.2477250294,
              4389089.9786064215
            ],
            [
              424800.2238194586,
              4389090.0739153735
            ],
            [
              424800.1906754286,
              4389090.166418054
            ],
            [
              424800.148612954,
              4389090.255221324
            ],
            [
              424800.0980381594,
              4389090.339467765
            ],
            [
              424800.03943935834,
              4389090.418343953
            ],
            [
              424799.9733823381,
              4389090.491088318
            ],
            [
              424799.9005048973,
              4389090.556998493
            ],
            [
              424799.82151068765,
              4389090.615438098
            ],
            [
              424797.28721370525,
              4389092.304184395
            ],
            [
              424797.26777200203,
              4389092.318598539
            ],
            [
              424797.2742671784,
              4389092.341912922
            ],
            [
              424797.9681603947,
              4389094.422625339
            ],
            [
              424797.9951851754,
              4389094.519714297
            ],
            [
              424798.01230052294,
              4389094.619030305
            ],
            [
              424798.0193326035,
              4389094.719564649
            ],
            [
              424798.0162099951,
              4389094.820296243
            ],
            [
              424798.0029644127,
              4389094.920201994
            ],
            [
              424797.9797303865,
              4389095.018267199
            ],
            [
              424797.9467438954,
              4389095.11349585
            ],
            [
              424797.9043399701,
              4389095.204920747
            ],
            [
              424797.8529492904,
              4389095.291613322
            ],
            [
              424797.79309381125,
              4389095.372693074
            ],
            [
              424797.725381461,
              4389095.447336508
            ],
            [
              424797.6504999672,
              4389095.514785499
            ],
            [
              424797.5692098717,
              4389095.574354996
            ],
            [
              424797.4823368057,
              4389095.625439974
            ],
            [
              424797.39076310454,
              4389095.667521583
            ],
            [
              424793.2877958779,
              4389097.307945911
            ],
            [
              424793.2676056572,
              4389097.317168496
            ],
            [
              424793.28470491164,
              4389097.331321814
            ],
            [
              424796.34334011824,
              4389099.624232345
            ],
            [
              424796.4207928628,
              4389099.688635539
            ],
            [
              424796.49137350894,
              4389099.76050397
            ],
            [
              424796.5543658963,
              4389099.839108411
            ],
            [
              424796.60913086013,
              4389099.923651286
            ],
            [
              424796.6551127167,
              4389100.013274765
            ],
            [
              424796.69184490206,
              4389100.1070694635
            ],
            [
              424796.7189547057,
              4389100.204083676
            ],
            [
              424796.7361670526,
              4389100.303333029
            ],
            [
              424796.7433072943,
              4389100.403810469
            ],
            [
              424796.74030298094,
              4389100.504496482
            ],
            [
              424796.72718459636,
              4389100.604369436
            ],
            [
              424796.7040852488,
              4389100.7024159515
            ],
            [
              424796.6712393205,
              4389100.797641179
            ],
            [
              424796.6289800891,
              4389100.889078897
            ],
            [
              424796.57773634634,
              4389100.975801316
            ],
            [
              424796.51802804705,
              4389101.0569284875
            ],
            [
              424796.4504610335,
              4389101.13163724
            ],
            [
              424795.5587502107,
              4389102.022933737
            ],
            [
              424795.4860438587,
              4389102.088802089
            ],
            [
              424795.4072330774,
              4389102.147229087
            ],
            [
              424795.32307640894,
              4389102.197652379
            ],
            [
              424795.23438384885,
              4389102.23958665
            ],
            [
              424795.14200905006,
              4389102.27262829
            ],
            [
              424795.04684110644,
              4389102.296459273
            ],
            [
              424794.94979599543,
              4389102.310850235
            ],
            [
              424794.8518077621,
              4389102.315662662
            ],
            [
              424785.2634569536,
              4389102.315662662
            ],
            [
              424785.1654398132,
              4389102.310847389
            ],
            [
              424785.0683666316,
              4389102.296447942
            ],
            [
              424784.97317227634,
              4389102.272602998
            ],
            [
              424784.8807735212,
              4389102.239542194
            ],
            [
              424784.7920602168,
              4389102.197583926
            ],
            [
              424784.70788672054,
              4389102.147132274
            ],
            [
              424784.6290636694,
              4389102.088673115
            ],
            [
              424784.5563501724,
              4389102.022769443
            ],
            [
              424784.4904465002,
              4389101.950055946
            ],
            [
              424784.43198734126,
              4389101.871232894
            ],
            [
              424784.38153568923,
              4389101.787059398
            ],
            [
              424784.3395774211,
              4389101.698346094
            ],
            [
              424784.3065166178,
              4389101.605947339
            ],
            [
              424784.28267167317,
              4389101.510752983
            ],
            [
              424784.2682722269,
              4389101.413679802
            ],
            [
              424784.2634569536,
              4389101.315662662
            ],
            [
              424784.2634569536,
              4389099.340943261
            ],
            [
              424784.26230742957,
              4389099.317544163
            ],
            [
              424784.23890833574,
              4389099.316394639
            ],
            [
              424782.28824141505,
              4389099.316394639
            ],
            [
              424782.2645476364,
              4389099.317590797
            ],
            [
              424782.2691363247,
              4389099.340866752
            ],
            [
              424783.02054139733,
              4389102.345090509
            ],
            [
              424783.03965507343,
              4389102.44136041
            ],
            [
              424783.0492392764,
              4389102.539040345
            ],
            [
              424783.0492016794,
              4389102.637189338
            ],
            [
              424783.03954264463,
              4389102.734861901
            ],
            [
              424783.0203552197,
              4389102.831117131
            ],
            [
              424782.99182424153,
              4389102.925027778
            ],
            [
              424782.9542245554,
              4389103.015689181
            ],
            [
              424782.9079183676,
              4389103.102227978
            ],
            [
              424782.85335175623,
              4389103.183810522
            ],
            [
              424782.7910503737,
              4389103.259650908
            ],
            [
              424782.72161438334,
              4389103.32901855
            ],
            [
              424782.64571267786,
              4389103.391245212
            ],
            [
              424782.5640764355,
              4389103.445731453
            ],
            [
              424782.4774920767,
              4389103.491952392
            ],
            [
              424782.3867936882,
              4389103.529462774
            ],
            [
              424782.292854988,
              4389103.557901253
            ],
            [
              424780.5047827585,
              4389104.0047116075
            ]
          ],
          [
            [
              424782.24364835134,
              4389168.318917252
            ],
            [
              424782.1698280281,
              4389168.385698096
            ],
            [
              424782.0897340212,
              4389168.444808765
            ],
            [
              424782.00415999163,
              4389168.4956635265
            ],
            [
              424781.91395390284,
              4389168.537758452
            ],
            [
              424781.82000961783,
              4389168.570676418
            ],
            [
              424781.723258042,
              4389168.594091238
            ],
            [
              424781.62465789844,
              4389168.607770891
            ],
            [
              424781.52518622787,
              4389168.611579822
            ],
            [
              424781.4258287072,
              4389168.605480291
            ],
            [
              424781.327569882,
              4389168.589532737
            ],
            [
              424781.23138341104,
              4389168.5638951855
            ],
            [
              424781.1382224176,
              4389168.528821684
            ],
            [
              424781.04901004536,
              4389168.484659779
            ],
            [
              424780.9646303105,
              4389168.431847077
            ],
            [
              424780.885919342,
              4389168.370906904
            ],
            [
              424780.8136570964,
              4389168.302443124
            ],
            [
              424780.74855962914,
              4389168.227134155
            ],
            [
              424780.69127199874,
              4389168.145726239
            ],
            [
              424780.6423618755,
              4389168.059026061
            ],
            [
              424779.36800917366,
              4389165.5115048895
            ],
            [
              424779.33041216695,
              4389165.426734864
            ],
            [
              424779.30082938,
              4389165.338846576
            ],
            [
              424779.2795152096,
              4389165.248595824
            ],
            [
              424779.26665294694,
              4389165.156758716
            ],
            [
              424779.2623532008,
              4389165.064125005
            ],
            [
              424779.2623532008,
              4389163.626583872
            ],
            [
              424779.26708450966,
              4389163.529423014
            ],
            [
              424779.28123366553,
              4389163.433181552
            ],
            [
              424779.3046667804,
              4389163.338770182
            ],
            [
              424779.3371621157,
              4389163.247082284
            ],
            [
              424779.3784121805,
              4389163.158985463
            ],
            [
              424779.4280266412,
              4389163.075313347
            ],
            [
              424779.48553601507,
              4389162.996857693
            ],
            [
              424779.55039611296,
              4389162.924360898
            ],
            [
              424779.6219931886,
              4389162.858508971
            ],
            [
              424779.69964974606,
              4389162.799925042
            ],
            [
              424779.78263095126,
              4389162.749163469
            ],
            [
              424779.8701515846,
              4389162.706704591
            ],
            [
              424779.9613834719,
              4389162.672950178
            ],
            [
              424780.0554633207,
              4389162.648219637
            ],
            [
              424780.1515008893,
              4389162.632746981
            ],
            [
              424780.24858741096,
              4389162.626678625
            ],
            [
              424780.345804193,
              4389162.63007199
            ],
            [
              424780.4422313102,
              4389162.642894966
            ],
            [
              424780.5369563096,
              4389162.665026213
            ],
            [
              424784.62905324507,
              4389163.833653522
            ],
            [
              424784.72271422955,
              4389163.865489955
            ],
            [
              424784.8127714042,
              4389163.906424584
            ],
            [
              424784.89834347507,
              4389163.956056823
            ],
            [
              424784.9785930392,
              4389164.013900976
            ],
            [
              424785.05273477925,
              4389164.079390982
            ],
            [
              424785.1200431487,
              4389164.15188596
            ],
            [
              424785.17985947203,
              4389164.230676481
            ],
            [
              424785.2315983903,
              4389164.314991502
            ],
            [
              424785.27475358977,
              4389164.404005923
            ],
            [
              424785.30890275614,
              4389164.496848656
            ],
            [
              424785.3337117079,
              4389164.592611145
            ],
            [
              424785.3489376661,
              4389164.690356267
            ],
            [
              424785.3544316305,
              4389164.789127491
            ],
            [
              424785.3501398375,
              4389164.887958251
            ],
            [
              424785.33610428625,
              4389164.985881394
            ],
            [
              424785.3124623278,
              4389165.081938649
            ],
            [
              424785.27944532107,
              4389165.175190007
            ],
            [
              424785.23737636826,
              4389165.264722915
            ],
            [
              424785.1866671536,
              4389165.3496612115
            ],
            [
              424785.12781391444,
              4389165.429173693
            ],
            [
              424785.061392585,
              4389165.502482257
            ],
            [
              424782.24364835134,
              4389168.318917252
            ]
          ],
          [
            [
              424757.20573879394,
              4389212.972572096
            ],
            [
              424757.1112421587,
              4389212.998982632
            ],
            [
              424757.014612162,
              4389213.016005387
            ],
            [
              424756.9167790736,
              4389213.023476481
            ],
            [
              424756.8186847453,
              4389213.021323992
            ],
            [
              424756.721273544,
              4389213.009568639
            ],
            [
              424756.6254832601,
              4389212.988323593
            ],
            [
              424756.5322360791,
              4389212.957793383
            ],
            [
              424756.4424297039,
              4389212.918271928
            ],
            [
              424756.35692871205,
              4389212.870139705
            ],
            [
              424756.27655623277,
              4389212.81386009
            ],
            [
              424756.2020860225,
              4389212.749974895
            ],
            [
              424756.1342350156,
              4389212.679099149
            ],
            [
              424756.07365642255,
              4389212.6019151835
            ],
            [
              424756.0209334414,
              4389212.519166059
            ],
            [
              424755.97657364316,
              4389212.43164841
            ],
            [
              424755.94100408535,
              4389212.340204783
            ],
            [
              424755.49877834105,
              4389211.014143977
            ],
            [
              424755.471851429,
              4389210.91749004
            ],
            [
              424755.4547455821,
              4389210.818624311
            ],
            [
              424755.44763300556,
              4389210.718542078
            ],
            [
              424755.45058530214,
              4389210.618250871
            ],
            [
              424755.4635727508,
              4389210.518760327
            ],
            [
              424755.4864646065,
              4389210.42107202
            ],
            [
              424755.5190304158,
              4389210.326169385
            ],
            [
              424755.5609423374,
              4389210.235007809
            ],
            [
              424755.6117784422,
              4389210.148505018
            ],
            [
              424755.67102696106,
              4389210.067531842
            ],
            [
              424755.73809143656,
              4389209.99290344
            ],
            [
              424755.81229672785,
              4389209.9253711
            ],
            [
              424755.89289580693,
              4389209.865614672
            ],
            [
              424757.0772711807,
              4389209.076397963
            ],
            [
              424757.16374738904,
              4389209.024862851
            ],
            [
              424757.2549667717,
              4389208.982283202
            ],
            [
              424757.3500049112,
              4389208.949090517
            ],
            [
              424757.44789869094,
              4389208.925621171
            ],
            [
              424757.5476560551,
              4389208.912113002
            ],
            [
              424757.6482660622,
              4389208.9087029025
            ],
            [
              424757.74870913033,
              4389208.91542543
            ],
            [
              424757.8479673692,
              4389208.932212459
            ],
            [
              424757.94503489556,
              4389208.958893869
            ],
            [
              424758.03892802686,
              4389208.9951992715
            ],
            [
              424758.12869524985,
              4389209.040760746
            ],
            [
              424758.21342686337,
              4389209.095116573
            ],
            [
              424758.292264197,
              4389209.157715912
            ],
            [
              424758.36440831306,
              4389209.227924379
            ],
            [
              424758.4291281029,
              4389209.305030482
            ],
            [
              424758.48576769594,
              4389209.388252827
            ],
            [
              424758.5337531065,
              4389209.47674804
            ],
            [
              424758.5725980503,
              4389209.569619309
            ],
            [
              424758.6019088726,
              4389209.665925478
            ],
            [
              424759.03318832,
              4389211.390241708
            ],
            [
              424759.0525102636,
              4389211.487926133
            ],
            [
              424759.062021352,
              4389211.5870478945
            ],
            [
              424759.0616272773,
              4389211.686624143
            ],
            [
              424759.05133194686,
              4389211.78566752
            ],
            [
              424759.031237445,
              4389211.883195954
            ],
            [
              424759.00154302036,
              4389211.978242394
            ],
            [
              424758.96254311054,
              4389212.069864397
            ],
            [
              424758.91462442244,
              4389212.157153479
            ],
            [
              424758.8582620979,
              4389212.2392441165
            ],
            [
              424758.79401500226,
              4389212.315322334
            ],
            [
              424758.7225201831,
              4389212.384633771
            ],
            [
              424758.6444865532,
              4389212.446491164
            ],
            [
              424758.5606878617,
              4389212.500281162
            ],
            [
              424758.4719550216,
              4389212.545470403
            ],
            [
              424758.3791678708,
              4389212.581610811
            ],
            [
              424757.20573879394,
              4389212.972572096
            ]
          ],
          [
            [
              424694.136550164,
              4389156.623455577
            ],
            [
              424694.1008689056,
              4389156.715149209
            ],
            [
              424694.0563494161,
              4389156.802892525
            ],
            [
              424694.00342268305,
              4389156.885836093
            ],
            [
              424693.9426010835,
              4389156.963176945
            ],
            [
              424693.87447342376,
              4389157.034166356
            ],
            [
              424693.79969923914,
              4389157.098117085
            ],
            [
              424693.7190024091,
              4389157.154410034
            ],
            [
              424693.63316414953,
              4389157.202500237
            ],
            [
              424693.5430154499,
              4389157.24192214
            ],
            [
              424693.4494290284,
              4389157.272294103
            ],
            [
              424693.35331088345,
              4389157.2933221
            ],
            [
              424693.2555915227,
              4389157.304802562
            ],
            [
              424693.1572169551,
              4389157.306624347
            ],
            [
              424693.0591395324,
              4389157.298769819
            ],
            [
              424692.9623087299,
              4389157.281315016
            ],
            [
              424692.8676619543,
              4389157.254428917
            ],
            [
              424692.77611546934,
              4389157.218371802
            ],
            [
              424692.6885555249,
              4389157.173492735
            ],
            [
              424692.6058297779,
              4389157.120226187
            ],
            [
              424692.5287390858,
              4389157.059087821
            ],
            [
              424692.4580297541,
              4389156.990669514
            ],
            [
              424692.3943863108,
              4389156.915633611
            ],
            [
              424692.3384248801,
              4389156.834706529
            ],
            [
              424692.2906872177,
              4389156.7486717105
            ],
            [
              424692.25163546565,
              4389156.658362048
            ],
            [
              424690.7496669044,
              4389152.654973553
            ],
            [
              424690.72018193814,
              4389152.563142386
            ],
            [
              424690.6996807909,
              4389152.468897867
            ],
            [
              424690.6883541712,
              4389152.373116689
            ],
            [
              424690.68630744284,
              4389152.27668984
            ],
            [
              424690.6935596452,
              4389152.180514313
            ],
            [
              424690.710043316,
              4389152.0854847655
            ],
            [
              424690.7356051187,
              4389151.992485192
            ],
            [
              424690.77000726905,
              4389151.902380706
            ],
            [
              424690.8129297471,
              4389151.816009488
            ],
            [
              424690.86397327384,
              4389151.734174992
            ],
            [
              424690.9226630258,
              4389151.657638469
            ],
            [
              424690.9884530517,
              4389151.587111886
            ],
            [
              424691.06073135126,
              4389151.523251305
            ],
            [
              424691.1388255682,
              4389151.4666507775
            ],
            [
              424691.2220092446,
              4389151.417836822
            ],
            [
              424691.30950857874,
              4389151.377263518
            ],
            [
              424691.4005096232,
              4389151.345308295
            ],
            [
              424691.4941658567,
              4389151.322268411
            ],
            [
              424691.58960605826,
              4389151.308358187
            ],
            [
              424691.68594241206,
              4389151.303707024
            ],
            [
              424703.7687296849,
              4389151.303707024
            ],
            [
              424703.86614808347,
              4389151.308463508
            ],
            [
              424703.9626397439,
              4389151.3226877125
            ],
            [
              424704.05728674406,
              4389151.346244323
            ],
            [
              424704.14918871,
              4389151.378909246
            ],
            [
              424704.2374713812,
              4389151.420371741
            ],
            [
              424704.3212949274,
              4389151.470237377
            ],
            [
              424704.39986193785,
              4389151.528031783
            ],
            [
              424704.472425007,
              4389151.593205163
            ],
            [
              424704.53829384473,
              4389151.665137526
            ],
            [
              424704.5968418428,
              4389151.74314458
            ],
            [
              424704.64751203597,
              4389151.826484246
            ],
            [
              424704.68982240034,
              4389151.914363719
            ],
            [
              424704.7233704387,
              4389152.005947001
            ],
            [
              424704.74783700955,
              4389152.100362865
            ],
            [
              424704.7629893632,
              4389152.1967131365
            ],
            [
              424704.7686833559,
              4389152.294081237
            ],
            [
              424704.7648648208,
              4389152.391540907
            ],
            [
              424704.7515700835,
              4389152.488165016
            ],
            [
              424704.72892561636,
              4389152.583034382
            ],
            [
              424704.69714683545,
              4389152.675246516
            ],
            [
              424703.6090126689,
              4389155.394317954
            ],
            [
              424703.56875894225,
              4389155.482306189
            ],
            [
              424703.5201899701,
              4389155.565992191
            ],
            [
              424703.46376046946,
              4389155.644592469
            ],
            [
              424703.39999874984,
              4389155.717371142
            ],
            [
              424703.329501767,
              4389155.783646834
            ],
            [
              424703.25292953436,
              4389155.842799055
            ],
            [
              424703.1709989435,
              4389155.894274004
            ],
            [
              424703.08447705256,
              4389155.937589757
            ],
            [
              424702.9941739047,
              4389155.972340779
            ],
            [
              424702.9009349444,
              4389155.998201722
            ],
            [
              424702.805633102,
              4389156.014930467
            ],
            [
              424702.7091606213,
              4389156.022370396
            ],
            [
              424702.61242070573,
              4389156.020451853
            ],
            [
              424702.5163190627,
              4389156.009192799
            ],
            [
              424702.42175542377,
              4389155.988698647
            ],
            [
              424702.3296151214,
              4389155.959161269
            ],
            [
              424695.26733475487,
              4389153.312036665
            ],
            [
              424695.244554992,
              4389153.304780279
            ],
            [
              424695.2358622879,
              4389153.32705156
            ],
            [
              424694.136550164,
              4389156.623455577
            ]
          ],
          [
            [
              424685.2413818984,
              4389165.3002911275
            ],
            [
              424685.14336475806,
              4389165.295475855
            ],
            [
              424685.0462915764,
              4389165.281076408
            ],
            [
              424684.9510972212,
              4389165.257231464
            ],
            [
              424684.85869846604,
              4389165.22417066
            ],
            [
              424684.7699851616,
              4389165.182212392
            ],
            [
              424684.6858116654,
              4389165.13176074
            ],
            [
              424684.60698861425,
              4389165.073301581
            ],
            [
              424684.5342751172,
              4389165.007397909
            ],
            [
              424684.468371445,
              4389164.934684412
            ],
            [
              424684.4099122861,
              4389164.85586136
            ],
            [
              424684.35946063406,
              4389164.771687864
            ],
            [
              424684.3175023659,
              4389164.68297456
            ],
            [
              424684.28444156266,
              4389164.590575805
            ],
            [
              424684.260596618,
              4389164.495381449
            ],
            [
              424684.24619717174,
              4389164.398308268
            ],
            [
              424684.2413818984,
              4389164.3002911275
            ],
            [
              424684.2413818984,
              4389163.688245145
            ],
            [
              424684.2463379185,
              4389163.588809346
            ],
            [
              424684.26115685457,
              4389163.490359158
            ],
            [
              424684.2856918207,
              4389163.393870425
            ],
            [
              424684.3196996253,
              4389163.300299546
            ],
            [
              424684.3628431817,
              4389163.210573999
            ],
            [
              424684.41469484917,
              4389163.125583148
            ],
            [
              424684.4747406719,
              4389163.046169425
            ],
            [
              424684.5423854734,
              4389162.9731199825
            ],
            [
              424684.6169587555,
              4389162.907158889
            ],
            [
              424684.69772134494,
              4389162.848939954
            ],
            [
              424684.7838727196,
              4389162.799040246
            ],
            [
              424684.8745589437,
              4389162.757954373
            ],
            [
              424684.9688811317,
              4389162.726089579
            ],
            [
              424685.06590435817,
              4389162.70376171
            ],
            [
              424685.16466692515,
              4389162.69119208
            ],
            [
              424685.264189894,
              4389162.688505281
            ],
            [
              424685.3634867891,
              4389162.6957279425
            ],
            [
              424685.46157337556,
              4389162.712788476
            ],
            [
              424685.5574774154,
              4389162.7395177735
            ],
            [
              424686.5581396671,
              4389163.072916874
            ],
            [
              424686.6477055442,
              4389163.107620813
            ],
            [
              424686.7335286231,
              4389163.150757908
            ],
            [
              424686.8148170649,
              4389163.201930156
            ],
            [
              424686.8908208691,
              4389163.260665422
            ],
            [
              424686.9608387935,
              4389163.326421791
            ],
            [
              424687.02422482386,
              4389163.398592567
            ],
            [
              424687.0803941349,
              4389163.476511873
            ],
            [
              424687.12882848544,
              4389163.559460794
            ],
            [
              424687.1690810003,
              4389163.646674008
            ],
            [
              424687.2007802933,
              4389163.737346852
            ],
            [
              424687.2236338939,
              4389163.83064274
            ],
            [
              424687.2374309452,
              4389163.925700886
            ],
            [
              424687.2420441501,
              4389164.021644245
            ],
            [
              424687.2420441501,
              4389164.3002911275
            ],
            [
              424687.23722887674,
              4389164.398308268
            ],
            [
              424687.2228294305,
              4389164.495381449
            ],
            [
              424687.1989844858,
              4389164.590575805
            ],
            [
              424687.16592368257,
              4389164.68297456
            ],
            [
              424687.1239654144,
              4389164.771687864
            ],
            [
              424687.0735137624,
              4389164.85586136
            ],
            [
              424687.01505460346,
              4389164.934684412
            ],
            [
              424686.94915093126,
              4389165.007397909
            ],
            [
              424686.8764374342,
              4389165.073301581
            ],
            [
              424686.7976143831,
              4389165.13176074
            ],
            [
              424686.7134408869,
              4389165.182212392
            ],
            [
              424686.62472758244,
              4389165.22417066
            ],
            [
              424686.5323288273,
              4389165.257231464
            ],
            [
              424686.4371344721,
              4389165.281076408
            ],
            [
              424686.3400612904,
              4389165.295475855
            ],
            [
              424686.2420441501,
              4389165.3002911275
            ],
            [
              424685.2413818984,
              4389165.3002911275
            ]
          ],
          [
            [
              424663.65082358423,
              4389262.276623844
            ],
            [
              424663.5528353509,
              4389262.271811417
            ],
            [
              424663.4557902399,
              4389262.257420456
            ],
            [
              424663.3606222963,
              4389262.233589472
            ],
            [
              424663.2682474975,
              4389262.200547833
            ],
            [
              424663.1795549374,
              4389262.158613562
            ],
            [
              424663.09539826895,
              4389262.108190269
            ],
            [
              424663.01658748765,
              4389262.049763272
            ],
            [
              424662.94388113567,
              4389261.98389492
            ],
            [
              424659.6364728258,
              4389258.678023367
            ],
            [
              424659.5674539795,
              4389258.601532815
            ],
            [
              424659.50667150115,
              4389258.518346902
            ],
            [
              424659.45477056067,
              4389258.429348598
            ],
            [
              424659.41230205575,
              4389258.335482568
            ],
            [
              424659.3797167643,
              4389258.237745141
            ],
            [
              424659.3573605598,
              4389258.137173744
            ],
            [
              424659.34547074017,
              4389258.0348358825
            ],
            [
              424659.34417350864,
              4389257.931817812
            ],
            [
              424659.35348263464,
              4389257.829213007
            ],
            [
              424659.3732993073,
              4389257.728110558
            ],
            [
              424660.0712889226,
              4389254.937449354
            ],
            [
              424660.1001681704,
              4389254.8423434915
            ],
            [
              424660.13834602374,
              4389254.750574283
            ],
            [
              424660.1854453185,
              4389254.66304833
            ],
            [
              424660.2410007543,
              4389254.580630313
            ],
            [
              424660.3044634915,
              4389254.504134449
            ],
            [
              424660.37520657293,
              4389254.434316454
            ],
            [
              424660.45253111824,
              4389254.371866068
            ],
            [
              424660.5356732276,
              4389254.317400247
            ],
            [
              424660.62381152896,
              4389254.271457065
            ],
            [
              424660.71607529186,
              4389254.234490403
            ],
            [
              424660.81155303016,
              4389254.206865459
            ],
            [
              424660.90930150624,
              4389254.188855143
            ],
            [
              424674.97950287344,
              4389252.313699972
            ],
            [
              424675.08168742195,
              4389252.3053835835
            ],
            [
              424675.18418644264,
              4389252.307573335
            ],
            [
              424675.28592258436,
              4389252.320246209
            ],
            [
              424675.3858265143,
              4389252.343269003
            ],
            [
              424675.48284815764,
              4389252.3763997285
            ],
            [
              424680.2174623683,
              4389254.269365456
            ],
            [
              424680.23959149164,
              4389254.276963465
            ],
            [
              424680.24457939906,
              4389254.254104144
            ],
            [
              424681.048281077,
              4389249.4341346705
            ],
            [
              424681.06857631775,
              4389249.3403885625
            ],
            [
              424681.0977597741,
              4389249.249018133
            ],
            [
              424681.1355629515,
              4389249.16086401
            ],
            [
              424681.18163805216,
              4389249.0767372325
            ],
            [
              424681.2355611745,
              4389248.997411787
            ],
            [
              424681.2968362135,
              4389248.923617483
            ],
            [
              424681.3648994247,
              4389248.856033248
            ],
            [
              424681.43912461086,
              4389248.795280871
            ],
            [
              424681.5188288833,
              4389248.741919288
            ],
            [
              424681.60327894444,
              4389248.6964394385
            ],
            [
              424681.69169783423,
              4389248.659259747
            ],
            [
              424681.7832720787,
              4389248.630722275
            ],
            [
              424681.8771591737,
              4389248.611089573
            ],
            [
              424681.97249533643,
              4389248.600542269
            ],
            [
              424682.0684034523,
              4389248.599177398
            ],
            [
              424682.16400114464,
              4389248.607007518
            ],
            [
              424682.2584088927,
              4389248.62396059
            ],
            [
              424682.35075812356,
              4389248.649880643
            ],
            [
              424683.69078231615,
              4389249.096347831
            ],
            [
              424683.77990753535,
              4389249.130856325
            ],
            [
              424683.8653314112,
              4389249.173715423
            ],
            [
              424683.94627367,
              4389249.224533644
            ],
            [
              424684.0219949739,
              4389249.282846807
            ],
            [
              424684.09180367365,
              4389249.348122272
            ],
            [
              424684.1550621269,
              4389249.419763803
            ],
            [
              424684.211192522,
              4389249.4971170155
            ],
            [
              424684.25968215603,
              4389249.579475355
            ],
            [
              424684.3000881178,
              4389249.666086551
            ],
            [
              424684.33204133355,
              4389249.756159482
            ],
            [
              424684.3552499382,
              4389249.848871409
            ],
            [
              424685.13655695517,
              4389253.753591359
            ],
            [
              424685.15108016215,
              4389253.850784234
            ],
            [
              424685.15599344356,
              4389253.948933296
            ],
            [
              424685.15124935,
              4389254.04709068
            ],
            [
              424685.1368936969,
              4389254.144308445
            ],
            [
              424685.1130651223,
              4389254.239647722
            ],
            [
              424685.07999374776,
              4389254.332187782
            ],
            [
              424685.037998956,
              4389254.421034932
            ],
            [
              424684.98748630664,
              4389254.505331141
            ],
            [
              424684.92894361954,
              4389254.584262329
            ],
            [
              424684.8629362637,
              4389254.657066227
            ],
            [
              424681.53358464787,
              4389257.984870891
            ],
            [
              424681.4608782958,
              4389258.050739243
            ],
            [
              424681.3820675145,
              4389258.10916624
            ],
            [
              424681.2979108461,
              4389258.159589533
            ],
            [
              424681.209218286,
              4389258.201523804
            ],
            [
              424681.11684348714,
              4389258.234565443
            ],
            [
              424681.0216755435,
              4389258.258396427
            ],
            [
              424680.9246304325,
              4389258.272787388
            ],
            [
              424680.8266421992,
              4389258.277599815
            ],
            [
              424672.26327425067,
              4389258.277599815
            ],
            [
              424672.2392220246,
              4389258.278781075
            ],
            [
              424672.22137550026,
              4389258.294949142
            ],
            [
              424668.53071489075,
              4389261.98389492
            ],
            [
              424668.45800853876,
              4389262.049763272
            ],
            [
              424668.37919775746,
              4389262.108190269
            ],
            [
              424668.29504108895,
              4389262.158613562
            ],
            [
              424668.20634852885,
              4389262.200547833
            ],
            [
              424668.11397373007,
              4389262.233589472
            ],
            [
              424668.01880578644,
              4389262.257420456
            ],
            [
              424667.92176067544,
              4389262.271811417
            ],
            [
              424667.8237724421,
              4389262.276623844
            ],
            [
              424663.65082358423,
              4389262.276623844
            ]
          ],
          [
            [
              424676.2093519966,
              4389163.05840257
            ],
            [
              424676.1131049622,
              4389163.077491195
            ],
            [
              424676.0154505019,
              4389163.087055379
            ],
            [
              424675.9173288198,
              4389163.087003039
            ],
            [
              424675.8196846185,
              4389163.077334679
            ],
            [
              424675.72345800337,
              4389163.058143385
            ],
            [
              424675.6295754315,
              4389163.029613927
            ],
            [
              424675.53894079186,
              4389162.992020984
            ],
            [
              424675.45242670266,
              4389162.945726497
            ],
            [
              424675.3708661101,
              4389162.891176181
            ],
            [
              424675.2950442688,
              4389162.82889524
            ],
            [
              424675.2256911812,
              4389162.759483307
            ],
            [
              424675.16347456985,
              4389162.68360867
            ],
            [
              424675.10899344785,
              4389162.60200184
            ],
            [
              424675.0627723523,
              4389162.515448518
            ],
            [
              424675.0252562937,
              4389162.4247820275
            ],
            [
              424674.9968064717,
              4389162.330875292
            ],
            [
              424674.3766105656,
              4389159.85124434
            ],
            [
              424674.3567938929,
              4389159.750141891
            ],
            [
              424674.3474847669,
              4389159.647537086
            ],
            [
              424674.34878199844,
              4389159.544519016
            ],
            [
              424674.3606718181,
              4389159.442181154
            ],
            [
              424674.3830280226,
              4389159.341609757
            ],
            [
              424674.415613314,
              4389159.2438723305
            ],
            [
              424674.45808181894,
              4389159.1500063
            ],
            [
              424674.5099827594,
              4389159.061007996
            ],
            [
              424674.5707652378,
              4389158.977822083
            ],
            [
              424674.63978408405,
              4389158.901331531
            ],
            [
              424676.7302892064,
              4389156.811797743
            ],
            [
              424676.8013753314,
              4389156.747261371
            ],
            [
              424676.8783228947,
              4389156.68983966
            ],
            [
              424676.9604225797,
              4389156.640061933
            ],
            [
              424677.04691757687,
              4389156.5983870495
            ],
            [
              424677.1370105596,
              4389156.565199177
            ],
            [
              424677.22987103456,
              4389156.540804246
            ],
            [
              424677.3246429971,
              4389156.525427136
            ],
            [
              424677.42045282223,
              4389156.519209593
            ],
            [
              424677.5164173177,
              4389156.522208934
            ],
            [
              424677.6116518654,
              4389156.534397508
            ],
            [
              424677.7052785762,
              4389156.55566296
            ],
            [
              424677.79643438203,
              4389156.585809262
            ],
            [
              424677.88427899237,
              4389156.624558518
            ],
            [
              424682.6882084853,
              4389159.025407214
            ],
            [
              424682.7758407156,
              4389159.074862629
            ],
            [
              424682.85805918387,
              4389159.132874432
            ],
            [
              424682.9340314078,
              4389159.198855241
            ],
            [
              424683.00298815,
              4389159.272136982
            ],
            [
              424683.06423120655,
              4389159.351977659
            ],
            [
              424683.1171404763,
              4389159.4375688685
            ],
            [
              424683.16118024004,
              4389159.528043976
            ],
            [
              424683.19590458425,
              4389159.6224869
            ],
            [
              424683.22096191644,
              4389159.719941381
            ],
            [
              424683.23609852494,
              4389159.81942067
            ],
            [
              424683.2411611479,
              4389159.919917515
            ],
            [
              424683.2411611479,
              4389160.520402698
            ],
            [
              424683.2366795952,
              4389160.614970245
            ],
            [
              424683.2232751058,
              4389160.708690174
            ],
            [
              424683.2010678256,
              4389160.800722462
            ],
            [
              424683.17025680066,
              4389160.890242214
            ],
            [
              424683.13111819356,
              4389160.976447056
            ],
            [
              424683.0840028077,
              4389161.058564325
            ],
            [
              424683.0293329432,
              4389161.135857994
            ],
            [
              424682.96759861195,
              4389161.207635272
            ],
            [
              424682.8993531451,
              4389161.273252812
            ],
            [
              424682.82520823414,
              4389161.332122478
            ],
            [
              424682.7458284476,
              4389161.383716613
            ],
            [
              424682.6619252748,
              4389161.427572776
            ],
            [
              424682.5742507489,
              4389161.4632978765
            ],
            [
              424682.4835907057,
              4389161.490571708
            ],
            [
              424676.2093519966,
              4389163.05840257
            ]
          ],
          [
            [
              424663.38985703484,
              4389240.820629383
            ],
            [
              424663.2960551157,
              4389240.852836167
            ],
            [
              424663.19952427543,
              4389240.875593009
            ],
            [
              424663.1012139989,
              4389240.888676072
            ],
            [
              424663.0020912736,
              4389240.891956668
            ],
            [
              424662.9031310783,
              4389240.88540253
            ],
            [
              424662.805306793,
              4389240.869078126
            ],
            [
              424662.709580625,
              4389240.843144022
            ],
            [
              424662.6168941442,
              4389240.807855309
            ],
            [
              424662.528159022,
              4389240.763559089
            ],
            [
              424662.4442480639,
              4389240.710691064
            ],
            [
              424662.36598662444,
              4389240.649771247
            ],
            [
              424662.29414448934,
              4389240.58139885
            ],
            [
              424662.2294283032,
              4389240.506246391
            ],
            [
              424662.1724746195,
              4389240.425053072
            ],
            [
              424662.1238436391,
              4389240.33861752
            ],
            [
              424662.08401369996,
              4389240.24778992
            ],
            [
              424662.05337657244,
              4389240.15346366
            ],
            [
              424662.03223360574,
              4389240.056566539
            ],
            [
              424661.430473745,
              4389236.447684987
            ],
            [
              424661.41921958094,
              4389236.351935914
            ],
            [
              424661.4172379831,
              4389236.2555480795
            ],
            [
              424661.4245473694,
              4389236.159417365
            ],
            [
              424661.44107980264,
              4389236.064437262
            ],
            [
              424661.46668162127,
              4389235.971490567
            ],
            [
              424661.5011148682,
              4389235.881441175
            ],
            [
              424661.5440595022,
              4389235.795126056
            ],
            [
              424661.59511637257,
              4389235.7133474685
            ],
            [
              424661.65381092916,
              4389235.636865508
            ],
            [
              424661.7195976329,
              4389235.566391038
            ],
            [
              424661.79186502664,
              4389235.502579086
            ],
            [
              424661.86994141806,
              4389235.446022756
            ],
            [
              424661.9531011229,
              4389235.397247713
            ],
            [
              424662.0405712099,
              4389235.356707298
            ],
            [
              424662.13153868465,
              4389235.324778317
            ],
            [
              424662.2251580463,
              4389235.301757533
            ],
            [
              424662.32055914565,
              4389235.2878589155
            ],
            [
              424662.4168552734,
              4389235.283211645
            ],
            [
              424664.6192821131,
              4389235.283211645
            ],
            [
              424664.7197453286,
              4389235.288270871
            ],
            [
              424664.81919201167,
              4389235.30339736
            ],
            [
              424664.9166159158,
              4389235.328438054
            ],
            [
              424665.01103126165,
              4389235.36313958
            ],
            [
              424665.101482712,
              4389235.407150812
            ],
            [
              424665.18705503806,
              4389235.460026425
            ],
            [
              424665.2668823802,
              4389235.5212314
            ],
            [
              424665.3401570092,
              4389235.590146435
            ],
            [
              424665.4061374991,
              4389235.666074219
            ],
            [
              424665.46415622946,
              4389235.74824648
            ],
            [
              424665.5136261403,
              4389235.83583176
            ],
            [
              424666.7512479623,
              4389238.309925306
            ],
            [
              424666.790483077,
              4389238.398933894
            ],
            [
              424666.82088473765,
              4389238.491333364
            ],
            [
              424666.8421652862,
              4389238.586249439
            ],
            [
              424666.8541233677,
              4389238.68278403
            ],
            [
              424666.8566458356,
              4389238.780023735
            ],
            [
              424666.8497088227,
              4389238.877048478
            ],
            [
              424666.83337796637,
              4389238.9729402205
            ],
            [
              424666.80780778785,
              4389239.06679164
            ],
            [
              424666.77324023034,
              4389239.157714723
            ],
            [
              424666.7300023693,
              4389239.244849161
            ],
            [
              424666.67850331817,
              4389239.3273704965
            ],
            [
              424666.6192303568,
              4389239.404497918
            ],
            [
              424666.5527443216,
              4389239.475501651
            ],
            [
              424666.4796742982,
              4389239.539709864
            ],
            [
              424666.4007116696,
              4389239.596515025
            ],
            [
              424666.316603574,
              4389239.645379648
            ],
            [
              424666.22814583575,
              4389239.685841377
            ],
            [
              424663.38985703484,
              4389240.820629383
            ]
          ],
          [
            [
              424641.5575681699,
              4389222.286383549
            ],
            [
              424641.4603944504,
              4389222.281650985
            ],
            [
              424641.3641404927,
              4389222.267498085
            ],
            [
              424641.2697173529,
              4389222.24405881
            ],
            [
              424641.1780187582,
              4389222.211555016
            ],
            [
              424641.08991264756,
              4389222.170294355
            ],
            [
              424641.0062329568,
              4389222.120667363
            ],
            [
              424640.9277717249,
              4389222.063143767
            ],
            [
              424640.8552715975,
              4389221.998268037
            ],
            [
              424640.78941879777,
              4389221.926654227
            ],
            [
              424640.73083663086,
              4389221.8489801735
            ],
            [
              424640.68007958453,
              4389221.76598107
            ],
            [
              424640.6376280808,
              4389221.6784425145
            ],
            [
              424640.6038839286,
              4389221.58719307
            ],
            [
              424640.57916652074,
              4389221.493096424
            ],
            [
              424640.56370981067,
              4389221.397043215
            ],
            [
              424640.557660098,
              4389221.299942598
            ],
            [
              424640.5610746442,
              4389221.202713642
            ],
            [
              424640.5739211301,
              4389221.106276633
            ],
            [
              424640.59607796196,
              4389221.011544359
            ],
            [
              424642.0248252592,
              4389216.013252308
            ],
            [
              424642.0568502693,
              4389215.91918169
            ],
            [
              424642.0980536388,
              4389215.828754013
            ],
            [
              424642.14802848944,
              4389215.74286224
            ],
            [
              424642.2062813253,
              4389215.662354542
            ],
            [
              424642.2722369066,
              4389215.588025923
            ],
            [
              424642.3452439296,
              4389215.520610368
            ],
            [
              424642.4245814587,
              4389215.4607736
            ],
            [
              424642.509466045,
              4389215.409106499
            ],
            [
              424642.5990594633,
              4389215.36611927
            ],
            [
              424642.6924769891,
              4389215.33223641
            ],
            [
              424642.7887961353,
              4389215.307792505
            ],
            [
              424642.88706576166,
              4389215.293028939
            ],
            [
              424642.98631546716,
              4389215.2880914975
            ],
            [
              424644.2327726269,
              4389215.2880914975
            ],
            [
              424644.33078976726,
              4389215.2929067705
            ],
            [
              424644.4278629489,
              4389215.307306217
            ],
            [
              424644.52305730415,
              4389215.331151161
            ],
            [
              424644.6154560593,
              4389215.364211965
            ],
            [
              424644.7041693637,
              4389215.406170233
            ],
            [
              424644.78834285995,
              4389215.456621885
            ],
            [
              424644.86716591107,
              4389215.515081044
            ],
            [
              424644.9398794081,
              4389215.580984716
            ],
            [
              424645.0057830803,
              4389215.653698213
            ],
            [
              424645.0642422392,
              4389215.732521265
            ],
            [
              424645.11469389126,
              4389215.816694761
            ],
            [
              424645.1566521594,
              4389215.905408065
            ],
            [
              424645.18971296266,
              4389215.99780682
            ],
            [
              424645.2135579073,
              4389216.093001176
            ],
            [
              424645.2279573536,
              4389216.190074357
            ],
            [
              424645.2327726269,
              4389216.2880914975
            ],
            [
              424645.2327726269,
              4389221.286383549
            ],
            [
              424645.2279573536,
              4389221.384400689
            ],
            [
              424645.2135579073,
              4389221.481473871
            ],
            [
              424645.18971296266,
              4389221.576668226
            ],
            [
              424645.1566521594,
              4389221.669066981
            ],
            [
              424645.11469389126,
              4389221.757780286
            ],
            [
              424645.0642422392,
              4389221.841953781
            ],
            [
              424645.0057830803,
              4389221.920776833
            ],
            [
              424644.9398794081,
              4389221.99349033
            ],
            [
              424644.86716591107,
              4389222.059394002
            ],
            [
              424644.78834285995,
              4389222.117853161
            ],
            [
              424644.7041693637,
              4389222.168304813
            ],
            [
              424644.6154560593,
              4389222.210263081
            ],
            [
              424644.52305730415,
              4389222.243323885
            ],
            [
              424644.4278629489,
              4389222.267168829
            ],
            [
              424644.33078976726,
              4389222.281568276
            ],
            [
              424644.2327726269,
              4389222.286383549
            ],
            [
              424641.5575681699,
              4389222.286383549
            ]
          ],
          [
            [
              424625.78094265534,
              4389263.999971716
            ],
            [
              424625.68883451435,
              4389264.040350802
            ],
            [
              424625.59313638334,
              4389264.071274063
            ],
            [
              424625.49481618963,
              4389264.092428726
            ],
            [
              424625.39486838103,
              4389264.103600827
            ],
            [
              424625.2943038677,
              4389264.104677366
            ],
            [
              424625.1941397973,
              4389264.095647455
            ],
            [
              424625.09538926743,
              4389264.076602426
            ],
            [
              424624.9990510784,
              4389264.047734908
            ],
            [
              424624.9060996314,
              4389264.009336877
            ],
            [
              424624.81747507263,
              4389263.961796706
            ],
            [
              424624.7340737847,
              4389263.905595234
            ],
            [
              424621.54812299536,
              4389261.517242383
            ],
            [
              424621.4747171448,
              4389261.456544085
            ],
            [
              424621.4074192859,
              4389261.389137109
            ],
            [
              424621.3468399921,
              4389261.3156330185
            ],
            [
              424621.2935288812,
              4389261.236698693
            ],
            [
              424621.24796962907,
              4389261.153050281
            ],
            [
              424621.21057558124,
              4389261.0654467
            ],
            [
              424621.1816860028,
              4389260.97468275
            ],
            [
              424621.1615630002,
              4389260.881581907
            ],
            [
              424619.2974403922,
              4389249.702043141
            ],
            [
              424619.2858759763,
              4389249.601631426
            ],
            [
              424619.28450682375,
              4389249.500565242
            ],
            [
              424619.29334692226,
              4389249.399877106
            ],
            [
              424619.3123059591,
              4389249.300595673
            ],
            [
              424619.3411902441,
              4389249.203735225
            ],
            [
              424619.3797046882,
              4389249.110285315
            ],
            [
              424619.42745581834,
              4389249.0212006485
            ],
            [
              424619.4839557969,
              4389248.937391338
            ],
            [
              424621.8724418441,
              4389245.754222993
            ],
            [
              424621.93444474856,
              4389245.679451182
            ],
            [
              424622.0034095281,
              4389245.61104765
            ],
            [
              424622.07868548745,
              4389245.549657798
            ],
            [
              424622.1595623841,
              4389245.49586085
            ],
            [
              424622.2452771297,
              4389245.450164392
            ],
            [
              424622.33502098976,
              4389245.412999576
            ],
            [
              424622.4279472145,
              4389245.38471706
            ],
            [
              424622.5231790279,
              4389245.3655836955
            ],
            [
              424622.6198179003,
              4389245.355780007
            ],
            [
              424622.7169520261,
              4389245.355398497
            ],
            [
              424622.8136649271,
              4389245.364442762
            ],
            [
              424629.2056899801,
              4389246.277164912
            ],
            [
              424629.22854577325,
              4389246.279325748
            ],
            [
              424629.23807936464,
              4389246.258441126
            ],
            [
              424631.08841761487,
              4389241.634744857
            ],
            [
              424631.1319158151,
              4389241.5405393
            ],
            [
              424631.18494174356,
              4389241.451348317
            ],
            [
              424631.2469244816,
              4389241.3681322085
            ],
            [
              424631.31719667464,
              4389241.2917869445
            ],
            [
              424631.3950017175,
              4389241.223134517
            ],
            [
              424631.47950190026,
              4389241.162914092
            ],
            [
              424631.56978742796,
              4389241.111774049
            ],
            [
              424634.58612277353,
              4389239.604307132
            ],
            [
              424634.6739673839,
              4389239.565557876
            ],
            [
              424634.7651231898,
              4389239.535411574
            ],
            [
              424634.85874990054,
              4389239.514146122
            ],
            [
              424634.9539844482,
              4389239.501957548
            ],
            [
              424635.04994894366,
              4389239.498958207
            ],
            [
              424635.14575876883,
              4389239.50517575
            ],
            [
              424635.2405307314,
              4389239.520552861
            ],
            [
              424635.33339120634,
              4389239.544947791
            ],
            [
              424635.4234841891,
              4389239.578135664
            ],
            [
              424635.50997918623,
              4389239.619810547
            ],
            [
              424635.5920788713,
              4389239.669588274
            ],
            [
              424635.6690264346,
              4389239.727009986
            ],
            [
              424635.74011255964,
              4389239.791546357
            ],
            [
              424636.9379490711,
              4389240.988826305
            ],
            [
              424637.0038880702,
              4389241.061546935
            ],
            [
              424637.06237939687,
              4389241.140382247
            ],
            [
              424637.11285941466,
              4389241.224572564
            ],
            [
              424637.15484168584,
              4389241.313306607
            ],
            [
              424637.18792165903,
              4389241.405729316
            ],
            [
              424637.2117805677,
              4389241.500950081
            ],
            [
              424637.22618850163,
              4389241.598051333
            ],
            [
              424637.2310066225,
              4389241.6960973805
            ],
            [
              424637.2310066225,
              4389248.255483853
            ],
            [
              424637.232189253,
              4389248.279549718
            ],
            [
              424637.24837429053,
              4389248.297399339
            ],
            [
              424640.21431148594,
              4389251.26195844
            ],
            [
              424640.2321580073,
              4389251.278126503
            ],
            [
              424640.256210233,
              4389251.279307763
            ],
            [
              424644.2327726269,
              4389251.279307763
            ],
            [
              424644.33078976726,
              4389251.284123036
            ],
            [
              424644.4278629489,
              4389251.298522483
            ],
            [
              424644.52305730415,
              4389251.322367427
            ],
            [
              424644.6154560593,
              4389251.355428231
            ],
            [
              424644.7041693637,
              4389251.397386499
            ],
            [
              424644.78834285995,
              4389251.447838151
            ],
            [
              424644.86716591107,
              4389251.50629731
            ],
            [
              424644.9398794081,
              4389251.572200982
            ],
            [
              424645.0057830803,
              4389251.644914479
            ],
            [
              424645.0642422392,
              4389251.72373753
            ],
            [
              424645.11469389126,
              4389251.807911026
            ],
            [
              424645.1566521594,
              4389251.89662433
            ],
            [
              424645.18971296266,
              4389251.989023086
            ],
            [
              424645.2135579073,
              4389252.084217441
            ],
            [
              424645.2279573536,
              4389252.181290623
            ],
            [
              424645.2327726269,
              4389252.279307763
            ],
            [
              424645.2327726269,
              4389252.864470087
            ],
            [
              424645.22795450606,
              4389252.962516135
            ],
            [
              424645.21354657214,
              4389253.059617386
            ],
            [
              424645.18968766346,
              4389253.154838151
            ],
            [
              424645.15660769027,
              4389253.24726086
            ],
            [
              424645.1146254191,
              4389253.335994904
            ],
            [
              424645.06414540135,
              4389253.42018522
            ],
            [
              424645.0056540746,
              4389253.499020533
            ],
            [
              424644.9397150756,
              4389253.571741163
            ],
            [
              424642.62021171936,
              4389255.890166784
            ],
            [
              424642.5457813095,
              4389255.957446236
            ],
            [
              424642.4649837739,
              4389256.016928745
            ],
            [
              424642.3786324535,
              4389256.068015534
            ],
            [
              424642.28759659623,
              4389256.110192345
            ],
            [
              424642.1927926064,
              4389256.143034606
            ],
            [
              424642.09517481993,
              4389256.166211716
            ],
            [
              424641.9957258975,
              4389256.179490362
            ],
            [
              424641.89544693276,
              4389256.182736877
            ],
            [
              424641.79534737504,
              4389256.175918581
            ],
            [
              424641.69643486745,
              4389256.159104109
            ],
            [
              424633.253235023,
              4389254.283709266
            ],
            [
              424633.2307132522,
              4389254.279814725
            ],
            [
              424633.2195320538,
              4389254.299749075
            ],
            [
              424629.3783672335,
              4389261.978509194
            ],
            [
              424629.33352173364,
              4389262.058720299
            ],
            [
              424629.28150226944,
              4389262.13447593
            ],
            [
              424629.2227481422,
              4389262.2051363345
            ],
            [
              424629.15775552706,
              4389262.27010479
            ],
            [
              424629.08707328275,
              4389262.328832641
            ],
            [
              424629.0112983166,
              4389262.380823936
            ],
            [
              424628.93107054365,
              4389262.425639611
            ],
            [
              424625.78094265534,
              4389263.999971716
            ]
          ],
          [
            [
              424637.9772335055,
              4389161.928083028
            ],
            [
              424637.8863300109,
              4389161.968003871
            ],
            [
              424637.7919159641,
              4389161.998713915
            ],
            [
              424637.6949220156,
              4389162.019910448
            ],
            [
              424637.59630424617,
              4389162.031384532
            ],
            [
              424637.497034743,
              4389162.033023068
            ],
            [
              424637.3980920174,
              4389162.024809901
            ],
            [
              424637.30045135954,
              4389162.006825992
            ],
            [
              424637.205075225,
              4389161.979248609
            ],
            [
              424637.11290374777,
              4389161.942349588
            ],
            [
              424637.024845473,
              4389161.896492643
            ],
            [
              424636.94176840165,
              4389161.842129795
            ],
            [
              424636.8644914343,
              4389161.779796904
            ],
            [
              424636.79377629916,
              4389161.710108391
            ],
            [
              424636.730320044,
              4389161.633751187
            ],
            [
              424635.0633657589,
              4389159.412178186
            ],
            [
              424635.00763701263,
              4389159.329645762
            ],
            [
              424634.96039345255,
              4389159.241979689
            ],
            [
              424634.9221036068,
              4389159.15004938
            ],
            [
              424634.89314720704,
              4389159.054766532
            ],
            [
              424634.8738114224,
              4389158.957076094
            ],
            [
              424634.86428801145,
              4389158.857946891
            ],
            [
              424634.8646714208,
              4389158.758362018
            ],
            [
              424634.874957848,
              4389158.659309084
            ],
            [
              424634.89504527947,
              4389158.561770429
            ],
            [
              424634.9247345024,
              4389158.466713371
            ],
            [
              424634.9637310799,
              4389158.37508062
            ],
            [
              424635.01164827147,
              4389158.287780924
            ],
            [
              424635.0680108682,
              4389158.205680059
            ],
            [
              424635.1322599057,
              4389158.129592246
            ],
            [
              424635.2037582073,
              4389158.060272069
            ],
            [
              424635.2817967034,
              4389157.998406995
            ],
            [
              424635.3656014632,
              4389157.94461056
            ],
            [
              424635.4543413702,
              4389157.899416278
            ],
            [
              424635.54713636485,
              4389157.863272356
            ],
            [
              424639.20741531864,
              4389156.643746275
            ],
            [
              424639.3006871622,
              4389156.617614881
            ],
            [
              424639.396049646,
              4389156.600630087
            ],
            [
              424639.49260803265,
              4389156.592951251
            ],
            [
              424639.5894563645,
              4389156.594650421
            ],
            [
              424639.6856859633,
              4389156.605711654
            ],
            [
              424639.78039395617,
              4389156.626031168
            ],
            [
              424639.8726917466,
              4389156.655418315
            ],
            [
              424639.96171335183,
              4389156.693597372
            ],
            [
              424640.0466235279,
              4389156.740210123
            ],
            [
              424640.12662560615,
              4389156.794819226
            ],
            [
              424640.20096896816,
              4389156.856912309
            ],
            [
              424640.26895608834,
              4389156.925906788
            ],
            [
              424640.3299490785,
              4389157.001155321
            ],
            [
              424640.3833756727,
              4389157.081951889
            ],
            [
              424640.42873459664,
              4389157.167538422
            ],
            [
              424640.4656002708,
              4389157.257111904
            ],
            [
              424640.4936268035,
              4389157.349831913
            ],
            [
              424641.0371904399,
              4389159.523076211
            ],
            [
              424641.0560706044,
              4389159.617776564
            ],
            [
              424641.0657287583,
              4389159.713856415
            ],
            [
              424641.0660748429,
              4389159.810419854
            ],
            [
              424641.0571056311,
              4389159.906566465
            ],
            [
              424641.03890475736,
              4389160.001399717
            ],
            [
              424641.0116419379,
              4389160.094035327
            ],
            [
              424640.9755713881,
              4389160.183609503
            ],
            [
              424640.93102945195,
              4389160.269287
            ],
            [
              424640.87843146606,
              4389160.350268908
            ],
            [
              424640.8182678865,
              4389160.425800102
            ],
            [
              424640.7510997157,
              4389160.495176283
            ],
            [
              424640.67755327106,
              4389160.557750543
            ],
            [
              424640.5983143451,
              4389160.6129394015
            ],
            [
              424640.5141218106,
              4389160.660228245
            ],
            [
              424637.9772335055,
              4389161.928083028
            ]
          ],
          [
            [
              424634.54621913726,
              4389221.84788888
            ],
            [
              424634.4503150974,
              4389221.874618178
            ],
            [
              424634.35222851095,
              4389221.891678711
            ],
            [
              424634.25293161586,
              4389221.898901373
            ],
            [
              424634.153408647,
              4389221.896214574
            ],
            [
              424634.05464608,
              4389221.883644944
            ],
            [
              424633.9576228535,
              4389221.861317075
            ],
            [
              424633.8633006655,
              4389221.829452281
            ],
            [
              424633.77261444146,
              4389221.788366408
            ],
            [
              424633.6864630668,
              4389221.7384667
            ],
            [
              424633.6057004773,
              4389221.680247765
            ],
            [
              424633.5311271952,
              4389221.614286671
            ],
            [
              424633.46348239377,
              4389221.541237229
            ],
            [
              424633.403436571,
              4389221.461823506
            ],
            [
              424633.35158490355,
              4389221.376832655
            ],
            [
              424633.30844134715,
              4389221.287107108
            ],
            [
              424633.27443354257,
              4389221.1935362285
            ],
            [
              424633.2498985764,
              4389221.097047496
            ],
            [
              424633.23507964035,
              4389220.998597308
            ],
            [
              424633.23012362025,
              4389220.899161509
            ],
            [
              424633.23012362025,
              4389219.905277958
            ],
            [
              424633.2351862432,
              4389219.804781114
            ],
            [
              424633.2503228517,
              4389219.705301825
            ],
            [
              424633.2753801839,
              4389219.607847343
            ],
            [
              424633.31010452815,
              4389219.51340442
            ],
            [
              424633.3541442919,
              4389219.422929312
            ],
            [
              424633.4070535617,
              4389219.337338103
            ],
            [
              424633.46829661826,
              4389219.257497425
            ],
            [
              424633.5372533605,
              4389219.184215684
            ],
            [
              424633.6132255845,
              4389219.118234876
            ],
            [
              424633.6954440528,
              4389219.060223072
            ],
            [
              424633.7830762832,
              4389219.010767657
            ],
            [
              424634.1995249549,
              4389218.802640071
            ],
            [
              424634.2917404474,
              4389218.762220235
            ],
            [
              424634.3875530336,
              4389218.731278215
            ],
            [
              424634.48599141726,
              4389218.710127686
            ],
            [
              424634.58605768316,
              4389218.69898306
            ],
            [
              424634.6867374135,
              4389218.697957316
            ],
            [
              424634.78700997157,
              4389218.707060852
            ],
            [
              424634.88585884817,
              4389218.726201381
            ],
            [
              424634.98228196683,
              4389218.7551848665
            ],
            [
              424635.075301842,
              4389218.79371749
            ],
            [
              424635.16397548845,
              4389218.841408628
            ],
            [
              424635.2474039805,
              4389218.897774815
            ],
            [
              424635.3247415652,
              4389218.962244638
            ],
            [
              424635.3952042359,
              4389219.0341645405
            ],
            [
              424635.45807767997,
              4389219.112805435
            ],
            [
              424635.51272452046,
              4389219.197370104
            ],
            [
              424635.5585907771,
              4389219.287001274
            ],
            [
              424635.59521148267,
              4389219.380790315
            ],
            [
              424635.9143375857,
              4389220.337723787
            ],
            [
              424635.94078220316,
              4389220.432247042
            ],
            [
              424635.9578328989,
              4389220.528907464
            ],
            [
              424635.965325407,
              4389220.6267738305
            ],
            [
              424635.963187545,
              4389220.724903301
            ],
            [
              424635.951439909,
              4389220.8223505
            ],
            [
              424635.9301956753,
              4389220.918176624
            ],
            [
              424635.89965950995,
              4389221.011458487
            ],
            [
              424635.8601255974,
              4389221.101297417
            ],
            [
              424635.81197480584,
              4389221.186827907
            ],
            [
              424635.7556710182,
              4389221.26722596
            ],
            [
              424635.6917566632,
              4389221.341717025
            ],
            [
              424635.6208474894,
              4389221.409583457
            ],
            [
              424635.5436266331,
              4389221.470171432
            ],
            [
              424635.46083803737,
              4389221.52289725
            ],
            [
              424635.37327928434,
              4389221.567252952
            ],
            [
              424635.281793912,
              4389221.602811215
            ],
            [
              424634.54621913726,
              4389221.84788888
            ]
          ],
          [
            [
              424610.196641377,
              4389263.790453747
            ],
            [
              424610.10765623173,
              4389263.829641185
            ],
            [
              424610.0152859625,
              4389263.860001434
            ],
            [
              424609.92040383874,
              4389263.881247467
            ],
            [
              424609.8239068772,
              4389263.893178426
            ],
            [
              424609.72670736123,
              4389263.895681513
            ],
            [
              424609.6297242162,
              4389263.888733065
            ],
            [
              424609.5338743218,
              4389263.872398773
            ],
            [
              424609.44006384397,
              4389263.846833061
            ],
            [
              424609.3491796682,
              4389263.812277629
            ],
            [
              424609.2620810144,
              4389263.769059163
            ],
            [
              424609.1795913142,
              4389263.71758625
            ],
            [
              424609.10249042633,
              4389263.658345517
            ],
            [
              424609.03150726325,
              4389263.591897026
            ],
            [
              424608.96731290076,
              4389263.518868983
            ],
            [
              424608.910514233,
              4389263.439951793
            ],
            [
              424608.8616482352,
              4389263.355891543
            ],
            [
              424608.82117688726,
              4389263.267482939
            ],
            [
              424607.61853941873,
              4389260.262286253
            ],
            [
              424607.5872367445,
              4389260.17170558
            ],
            [
              424607.5647488243,
              4389260.07854438
            ],
            [
              424607.551282203,
              4389259.983658312
            ],
            [
              424607.54696056776,
              4389259.887918878
            ],
            [
              424607.5518236116,
              4389259.7922054175
            ],
            [
              424607.5658266688,
              4389259.697397031
            ],
            [
              424607.58884112525,
              4389259.604364506
            ],
            [
              424607.62065559975,
              4389259.513962322
            ],
            [
              424607.66097788536,
              4389259.427020795
            ],
            [
              424607.70943763334,
              4389259.34433846
            ],
            [
              424607.76558975474,
              4389259.266674729
            ],
            [
              424607.82891850825,
              4389259.194742923
            ],
            [
              424607.89884223725,
              4389259.129203714
            ],
            [
              424607.97471871215,
              4389259.070659062
            ],
            [
              424608.0558510292,
              4389259.019646682
            ],
            [
              424608.141494011,
              4389258.976635109
            ],
            [
              424608.2308610512,
              4389258.942019391
            ],
            [
              424609.1505926267,
              4389258.635584647
            ],
            [
              424609.24659512175,
              4389258.608833129
            ],
            [
              424609.34478360775,
              4389258.591770187
            ],
            [
              424609.44418286456,
              4389258.584565293
            ],
            [
              424609.5438056466,
              4389258.587290006
            ],
            [
              424609.64266248816,
              4389258.599917264
            ],
            [
              424609.7397715309,
              4389258.622321651
            ],
            [
              424609.834168276,
              4389258.654280645
            ],
            [
              424609.92491516325,
              4389258.695476824
            ],
            [
              424610.01111088356,
              4389258.745501025
            ],
            [
              424610.0918993303,
              4389258.803856398
            ],
            [
              424610.1664781029,
              4389258.869963353
            ],
            [
              424610.23410647566,
              4389258.943165306
            ],
            [
              424610.2941127554,
              4389259.022735206
            ],
            [
              424610.3459009523,
              4389259.107882758
            ],
            [
              424610.38895669964,
              4389259.197762262
            ],
            [
              424610.4228523625,
              4389259.291481026
            ],
            [
              424610.447251285,
              4389259.388108225
            ],
            [
              424611.07536470494,
              4389262.527216089
            ],
            [
              424611.0900896839,
              4389262.62645824
            ],
            [
              424611.09479626233,
              4389262.72667639
            ],
            [
              424611.08943706466,
              4389262.826861761
            ],
            [
              424611.0740660356,
              4389262.926005903
            ],
            [
              424611.04883789737,
              4389263.023110849
            ],
            [
              424611.01400659204,
              4389263.117199157
            ],
            [
              424610.96992272564,
              4389263.20732375
            ],
            [
              424610.91703003884,
              4389263.292577448
            ],
            [
              424610.8558609404,
              4389263.372102105
            ],
            [
              424610.7870311481,
              4389263.445097236
            ],
            [
              424610.7112334908,
              4389263.510828086
            ],
            [
              424610.6292309348,
              4389263.568633019
            ],
            [
              424610.54184890393,
              4389263.617930181
            ],
            [
              424610.196641377,
              4389263.790453747
            ]
          ],
          [
            [
              424583.86810569564,
              4389272.517453184
            ],
            [
              424583.7754670715,
              4389272.477285845
            ],
            [
              424583.6873512897,
              4389272.427981293
            ],
            [
              424583.6046567195,
              4389272.370042206
            ],
            [
              424583.5282264594,
              4389272.304059289
            ],
            [
              424583.4588397412,
              4389272.230705263
            ],
            [
              424583.39720398525,
              4389272.150727996
            ],
            [
              424583.34394758847,
              4389272.06494288
            ],
            [
              424583.2996135174,
              4389271.974224525
            ],
            [
              424583.2646537725,
              4389271.879497834
            ],
            [
              424583.23942477995,
              4389271.781728575
            ],
            [
              424583.22418375756,
              4389271.681913541
            ],
            [
              424583.21908609266,
              4389271.5810703775
            ],
            [
              424583.21908609266,
              4389268.437509111
            ],
            [
              424583.22483685985,
              4389268.330418201
            ],
            [
              424583.24202301865,
              4389268.224559001
            ],
            [
              424583.27044690197,
              4389268.121149054
            ],
            [
              424585.0884783642,
              4389262.66958886
            ],
            [
              424585.1240573959,
              4389262.578124021
            ],
            [
              424585.1684307347,
              4389262.490587223
            ],
            [
              424585.2211709907,
              4389262.407821592
            ],
            [
              424585.28177018644,
              4389262.330624301
            ],
            [
              424585.3496446495,
              4389262.2597388895
            ],
            [
              424585.4241406345,
              4389262.195848105
            ],
            [
              424585.5045406196,
              4389262.13956732
            ],
            [
              424585.5900702176,
              4389262.091438617
            ],
            [
              424588.57596824825,
              4389260.599183287
            ],
            [
              424588.6638128586,
              4389260.56043403
            ],
            [
              424588.75496866443,
              4389260.530287729
            ],
            [
              424588.8485953752,
              4389260.509022277
            ],
            [
              424588.9438299229,
              4389260.496833703
            ],
            [
              424589.0397944183,
              4389260.493834361
            ],
            [
              424589.13560424343,
              4389260.5000519045
            ],
            [
              424589.23037620605,
              4389260.515429015
            ],
            [
              424589.323236681,
              4389260.539823946
            ],
            [
              424589.4133296637,
              4389260.573011818
            ],
            [
              424589.49982466083,
              4389260.614686701
            ],
            [
              424589.58192434587,
              4389260.664464429
            ],
            [
              424589.65887190914,
              4389260.72188614
            ],
            [
              424589.72995803424,
              4389260.786422512
            ],
            [
              424593.92845679744,
              4389264.982970482
            ],
            [
              424593.99439579644,
              4389265.055691112
            ],
            [
              424594.0528871232,
              4389265.134526424
            ],
            [
              424594.1033671409,
              4389265.218716741
            ],
            [
              424594.1453494121,
              4389265.307450784
            ],
            [
              424594.1784293853,
              4389265.399873493
            ],
            [
              424594.202288294,
              4389265.495094258
            ],
            [
              424594.2166962279,
              4389265.59219551
            ],
            [
              424594.22151434876,
              4389265.690241558
            ],
            [
              424594.22151434876,
              4389270.940970633
            ],
            [
              424594.21728895174,
              4389271.032801674
            ],
            [
              424594.20464846876,
              4389271.123856669
            ],
            [
              424594.1836997218,
              4389271.213366132
            ],
            [
              424594.1546197445,
              4389271.300573637
            ],
            [
              424594.11765428574,
              4389271.384742212
            ],
            [
              424594.0731157329,
              4389271.465160563
            ],
            [
              424594.0213804725,
              4389271.541149094
            ],
            [
              424591.6703709727,
              4389274.674371927
            ],
            [
              424591.6072019174,
              4389274.75041638
            ],
            [
              424591.5368330567,
              4389274.819852048
            ],
            [
              424591.45995211153,
              4389274.882000327
            ],
            [
              424591.3773104461,
              4389274.936253839
            ],
            [
              424591.2897157248,
              4389274.9820823595
            ],
            [
              424591.1980240185,
              4389275.019038
            ],
            [
              424591.10313143843,
              4389275.046759592
            ],
            [
              424591.0059653781,
              4389275.06497621
            ],
            [
              424590.9074754501,
              4389275.07350982
            ],
            [
              424590.80862420506,
              4389275.072277023
            ],
            [
              424590.710377725,
              4389275.061289867
            ],
            [
              424590.61369618156,
              4389275.040655731
            ],
            [
              424590.5195244519,
              4389275.010576273
            ],
            [
              424583.86810569564,
              4389272.517453184
            ]
          ],
          [
            [
              424586.60715744307,
              4389255.278331793
            ],
            [
              424586.5077070407,
              4389255.2733743135
            ],
            [
              424586.40924268495,
              4389255.258551028
            ],
            [
              424586.31274064595,
              4389255.234008908
            ],
            [
              424586.2191577375,
              4389255.1999912895
            ],
            [
              424586.1294218303,
              4389255.1568354545
            ],
            [
              424586.0444226521,
              4389255.104969292
            ],
            [
              424585.9650029664,
              4389255.044907052
            ],
            [
              424585.8919502161,
              4389254.97724425
            ],
            [
              424585.8259887162,
              4389254.902651759
            ],
            [
              424585.7677724724,
              4389254.821869161
            ],
            [
              424585.7178786962,
              4389254.735697413
            ],
            [
              424585.67680208245,
              4389254.644990903
            ],
            [
              424585.6449499041,
              4389254.550648983
            ],
            [
              424585.6226379742,
              4389254.453607049
            ],
            [
              424585.6100875146,
              4389254.354827268
            ],
            [
              424585.6074229626,
              4389254.255289038
            ],
            [
              424585.6146707371,
              4389254.155979276
            ],
            [
              424585.6317589768,
              4389254.057882633
            ],
            [
              424585.6585182523,
              4389253.961971736
            ],
            [
              424585.9034764915,
              4389253.22743847
            ],
            [
              424585.9390460493,
              4389253.135994843
            ],
            [
              424585.98340584757,
              4389253.048477194
            ],
            [
              424586.0361288287,
              4389252.96572807
            ],
            [
              424586.0967074217,
              4389252.888544104
            ],
            [
              424586.16455842863,
              4389252.817668358
            ],
            [
              424586.23902863887,
              4389252.753783163
            ],
            [
              424586.31940111815,
              4389252.697503548
            ],
            [
              424586.40490210993,
              4389252.649371325
            ],
            [
              424586.4947084852,
              4389252.60984987
            ],
            [
              424586.5879556661,
              4389252.579319661
            ],
            [
              424586.68374595005,
              4389252.558074614
            ],
            [
              424586.7811571513,
              4389252.546319261
            ],
            [
              424586.8792514796,
              4389252.544166772
            ],
            [
              424586.97708456806,
              4389252.5516378665
            ],
            [
              424587.0737145647,
              4389252.5686606215
            ],
            [
              424587.1682111999,
              4389252.595071157
            ],
            [
              424588.53650611365,
              4389253.05095754
            ],
            [
              424588.6260719909,
              4389253.085661479
            ],
            [
              424588.7118950697,
              4389253.128798573
            ],
            [
              424588.7931835114,
              4389253.179970821
            ],
            [
              424588.8691873155,
              4389253.238706088
            ],
            [
              424588.93920523976,
              4389253.304462457
            ],
            [
              424589.0025912701,
              4389253.376633232
            ],
            [
              424589.0587605811,
              4389253.454552539
            ],
            [
              424589.10719493154,
              4389253.537501459
            ],
            [
              424589.14744744636,
              4389253.624714674
            ],
            [
              424589.1791467393,
              4389253.715387518
            ],
            [
              424589.2020003398,
              4389253.808683406
            ],
            [
              424589.21579739114,
              4389253.903741552
            ],
            [
              424589.220410596,
              4389253.99968491
            ],
            [
              424589.220410596,
              4389254.278331793
            ],
            [
              424589.21559532266,
              4389254.376348933
            ],
            [
              424589.2011958764,
              4389254.473422115
            ],
            [
              424589.17735093174,
              4389254.56861647
            ],
            [
              424589.1442901285,
              4389254.661015226
            ],
            [
              424589.10233186034,
              4389254.74972853
            ],
            [
              424589.0518802083,
              4389254.833902026
            ],
            [
              424588.9934210494,
              4389254.912725077
            ],
            [
              424588.9275173772,
              4389254.985438574
            ],
            [
              424588.85480388015,
              4389255.051342246
            ],
            [
              424588.775980829,
              4389255.109801405
            ],
            [
              424588.6918073328,
              4389255.160253057
            ],
            [
              424588.60309402837,
              4389255.202211325
            ],
            [
              424588.51069527323,
              4389255.235272129
            ],
            [
              424588.415500918,
              4389255.259117073
            ],
            [
              424588.31842773635,
              4389255.27351652
            ],
            [
              424588.220410596,
              4389255.278331793
            ],
            [
              424586.60715744307,
              4389255.278331793
            ]
          ],
          [
            [
              424571.7514828718,
              4389212.288823475
            ],
            [
              424571.6533829822,
              4389212.284000048
            ],
            [
              424571.5562294478,
              4389212.269576298
            ],
            [
              424571.46095949464,
              4389212.245691369
            ],
            [
              424571.36849217804,
              4389212.212575676
            ],
            [
              424571.2797195167,
              4389212.17054868
            ],
            [
              424571.19549788744,
              4389212.120015809
            ],
            [
              424571.11663976405,
              4389212.061464549
            ],
            [
              424571.0439058793,
              4389211.995459732
            ],
            [
              424570.97799788637,
              4389211.922638099
            ],
            [
              424570.91955159,
              4389211.843702149
            ],
            [
              424570.0036419743,
              4389210.470476078
            ],
            [
              424569.95205380133,
              4389210.383991867
            ],
            [
              424569.90942527395,
              4389210.292757736
            ],
            [
              424569.876188682,
              4389210.1976988735
            ],
            [
              424569.8526810729,
              4389210.09977926
            ],
            [
              424569.83914083417,
              4389209.999991885
            ],
            [
              424569.8357052754,
              4389209.899348678
            ],
            [
              424569.84240923607,
              4389209.798870247
            ],
            [
              424569.85918473225,
              4389209.699575529
            ],
            [
              424569.8858616461,
              4389209.602471459
            ],
            [
              424569.92216945067,
              4389209.508542754
            ],
            [
              424569.96773995383,
              4389209.418741933
            ],
            [
              424570.02211103146,
              4389209.333979652
            ],
            [
              424570.08473131416,
              4389209.2551154755
            ],
            [
              424570.15496577864,
              4389209.182949152
            ],
            [
              424570.232102187,
              4389209.118212511
            ],
            [
              424570.31535830995,
              4389209.061562036
            ],
            [
              424570.4038898589,
              4389209.013572213
            ],
            [
              424570.49679904804,
              4389208.974729701
            ],
            [
              424570.5931436984,
              4389208.945428394
            ],
            [
              424572.2469217341,
              4389208.532175988
            ],
            [
              424572.34316876845,
              4389208.513087363
            ],
            [
              424572.4408232288,
              4389208.503523179
            ],
            [
              424572.53894491086,
              4389208.503575519
            ],
            [
              424572.63658911217,
              4389208.513243879
            ],
            [
              424572.7328157273,
              4389208.532435173
            ],
            [
              424572.82669829915,
              4389208.560964631
            ],
            [
              424572.9173329388,
              4389208.598557574
            ],
            [
              424573.003847028,
              4389208.644852061
            ],
            [
              424573.0854076205,
              4389208.699402377
            ],
            [
              424573.1612294619,
              4389208.761683318
            ],
            [
              424573.2305825494,
              4389208.831095251
            ],
            [
              424573.2927991608,
              4389208.906969888
            ],
            [
              424573.34728028276,
              4389208.988576718
            ],
            [
              424573.3935013783,
              4389209.07513004
            ],
            [
              424573.4310174369,
              4389209.16579653
            ],
            [
              424573.4594672589,
              4389209.2597032655
            ],
            [
              424573.906294492,
              4389211.046181742
            ],
            [
              424573.92579890724,
              4389211.14511718
            ],
            [
              424573.93524022587,
              4389211.245513917
            ],
            [
              424573.9345224426,
              4389211.346351054
            ],
            [
              424573.92365285615,
              4389211.446603212
            ],
            [
              424573.9027419956,
              4389211.545250964
            ],
            [
              424573.8720024959,
              4389211.641291197
            ],
            [
              424573.8317469362,
              4389211.733747312
            ],
            [
              424573.78238466085,
              4389211.821679155
            ],
            [
              424573.7244176172,
              4389211.904192579
            ],
            [
              424573.65843525145,
              4389211.980448533
            ],
            [
              424573.58510851476,
              4389212.0496716
            ],
            [
              424573.5051830406,
              4389212.111157873
            ],
            [
              424573.41947156243,
              4389212.164282121
            ],
            [
              424573.32884564984,
              4389212.208504142
            ],
            [
              424573.2342268453,
              4389212.243374259
            ],
            [
              424573.1365772938,
              4389212.268537889
            ],
            [
              424573.0368899587,
              4389212.283739153
            ],
            [
              424572.936178525,
              4389212.288823475
            ],
            [
              424571.7514828718,
              4389212.288823475
            ]
          ],
          [
            [
              424567.93620736216,
              4389219.287115526
            ],
            [
              424567.8402853544,
              4389219.282504379
            ],
            [
              424567.7452479676,
              4389219.268713463
            ],
            [
              424567.65197166457,
              4389219.2458699625
            ],
            [
              424567.5613166668,
              4389219.214184546
            ],
            [
              424567.47411902127,
              4389219.173949426
            ],
            [
              424567.3911828904,
              4389219.125535663
            ],
            [
              424567.3132731356,
              4389219.069389743
            ],
            [
              424567.24110826355,
              4389219.00602946
            ],
            [
              424567.1753537999,
              4389218.93603914
            ],
            [
              424567.11661615164,
              4389218.860064257
            ],
            [
              424567.06543701474,
              4389218.778805471
            ],
            [
              424567.0222883782,
              4389218.693012177
            ],
            [
              424566.98756817146,
              4389218.603475584
            ],
            [
              424566.48980113695,
              4389217.110868328
            ],
            [
              424566.4640063177,
              4389217.019182169
            ],
            [
              424566.4470512954,
              4389216.92545783
            ],
            [
              424566.43908988143,
              4389216.830545552
            ],
            [
              424566.4401942994,
              4389216.735306353
            ],
            [
              424566.4503545303,
              4389216.640604219
            ],
            [
              424566.4694784035,
              4389216.54729826
            ],
            [
              424566.49739243236,
              4389216.456234922
            ],
            [
              424566.5338433885,
              4389216.368240306
            ],
            [
              424566.5785005989,
              4389216.284112676
            ],
            [
              424566.6309589457,
              4389216.204615215
            ],
            [
              424566.69074254116,
              4389216.130469101
            ],
            [
              424566.75730904506,
              4389216.062346966
            ],
            [
              424566.83005458425,
              4389216.000866798
            ],
            [
              424566.9083192314,
              4389215.946586327
            ],
            [
              424566.9913929913,
              4389215.89999797
            ],
            [
              424567.3215970508,
              4389215.734972654
            ],
            [
              424567.4114053433,
              4389215.695469964
            ],
            [
              424567.50465241604,
              4389215.6649580775
            ],
            [
              424567.60044067336,
              4389215.643730698
            ],
            [
              424567.6978480582,
              4389215.631992163
            ],
            [
              424567.795936928,
              4389215.629855465
            ],
            [
              424567.89376308,
              4389215.637341174
            ],
            [
              424567.99038484046,
              4389215.654377231
            ],
            [
              424568.08487212914,
              4389215.680799649
            ],
            [
              424568.17631541216,
              4389215.716354083
            ],
            [
              424568.2638344572,
              4389215.76069829
            ],
            [
              424568.3465868067,
              4389215.813405409
            ],
            [
              424568.4237758872,
              4389215.873968085
            ],
            [
              424568.49465867714,
              4389215.941803342
            ],
            [
              424568.55855285947,
              4389216.016258195
            ],
            [
              424568.6148433893,
              4389216.096615946
            ],
            [
              424568.66298841435,
              4389216.18210307
            ],
            [
              424569.49218998116,
              4389217.839735642
            ],
            [
              424569.5312731808,
              4389217.928348732
            ],
            [
              424569.5616010417,
              4389218.020326976
            ],
            [
              424569.58288909553,
              4389218.114807636
            ],
            [
              424569.594937665,
              4389218.210904504
            ],
            [
              424569.59763373726,
              4389218.307716216
            ],
            [
              424569.5909520238,
              4389218.404334698
            ],
            [
              424569.5749551976,
              4389218.49985369
            ],
            [
              424569.54979330517,
              4389218.593377246
            ],
            [
              424569.5157023596,
              4389218.684028135
            ],
            [
              424569.47300212627,
              4389218.770956073
            ],
            [
              424569.4220931238,
              4389218.853345694
            ],
            [
              424569.36345286726,
              4389218.930424204
            ],
            [
              424569.2976313891,
              4389219.001468622
            ],
            [
              424569.2252460802,
              4389219.065812567
            ],
            [
              424569.14697589836,
              4389219.122852509
            ],
            [
              424569.0635550005,
              4389219.172053425
            ],
            [
              424568.97576585604,
              4389219.212953821
            ],
            [
              424568.8844319074,
              4389219.2451700615
            ],
            [
              424568.7904098466,
              4389219.268399964
            ],
            [
              424568.69458157953,
              4389219.282425638
            ],
            [
              424568.597845954,
              4389219.287115526
            ],
            [
              424567.93620736216,
              4389219.287115526
            ]
          ],
          [
            [
              424564.65745041065,
              4389231.923416384
            ],
            [
              424564.5614800775,
              4389231.942464081
            ],
            [
              424564.46410767257,
              4389231.952041889
            ],
            [
              424564.3662653537,
              4389231.952058117
            ],
            [
              424564.26888977695,
              4389231.94251261
            ],
            [
              424564.1729131306,
              4389231.923496748
            ],
            [
              424564.07925421034,
              4389231.895192574
            ],
            [
              424563.9888096244,
              4389231.857871045
            ],
            [
              424563.9024452095,
              4389231.811889446
            ],
            [
              424563.82098774257,
              4389231.757687964
            ],
            [
              424563.7452170257,
              4389231.695785475
            ],
            [
              424563.6758584209,
              4389231.62677458
            ],
            [
              424563.6135759066,
              4389231.551315929
            ],
            [
              424563.5589657206,
              4389231.470131896
            ],
            [
              424563.5125506528,
              4389231.383999665
            ],
            [
              424563.47477504023,
              4389231.293743792
            ],
            [
              424563.4460005133,
              4389231.2002283055
            ],
            [
              424563.42650253396,
              4389231.104348441
            ],
            [
              424563.41646775877,
              4389231.007022068
            ],
            [
              424563.41599225183,
              4389230.909180903
            ],
            [
              424563.42508056515,
              4389230.811761592
            ],
            [
              424564.14753663057,
              4389225.756918911
            ],
            [
              424564.166305015,
              4389225.660024463
            ],
            [
              424564.1945333773,
              4389225.565452026
            ],
            [
              424564.2319467511,
              4389225.474122809
            ],
            [
              424564.27818070084,
              4389225.386926432
            ],
            [
              424564.33278487134,
              4389225.3047122555
            ],
            [
              424564.3952273751,
              4389225.2282811105
            ],
            [
              424564.46489997307,
              4389225.158377496
            ],
            [
              424564.5411239993,
              4389225.095682327
            ],
            [
              424564.6231569717,
              4389225.040806306
            ],
            [
              424567.2205315081,
              4389223.483105691
            ],
            [
              424567.30607281736,
              4389223.437294492
            ],
            [
              424567.3956514982,
              4389223.39998978
            ],
            [
              424567.4884240796,
              4389223.371542817
            ],
            [
              424567.58351701667,
              4389223.352221459
            ],
            [
              424567.680034916,
              4389223.342207635
            ],
            [
              424567.77706896677,
              4389223.341595635
            ],
            [
              424567.8737054983,
              4389223.350391221
            ],
            [
              424567.9690345827,
              4389223.368511575
            ],
            [
              424568.0621586031,
              4389223.395786076
            ],
            [
              424568.15220070543,
              4389223.431957907
            ],
            [
              424568.23831305484,
              4389223.476686476
            ],
            [
              424568.3196848192,
              4389223.529550618
            ],
            [
              424568.39554980333,
              4389223.590052566
            ],
            [
              424568.465193664,
              4389223.657622635
            ],
            [
              424568.5279606359,
              4389223.7316245865
            ],
            [
              424568.5832597064,
              4389223.811361619
            ],
            [
              424568.6305701804,
              4389223.89608293
            ],
            [
              424568.66944658343,
              4389223.984990787
            ],
            [
              424568.6995228559,
              4389224.077248032
            ],
            [
              424568.7205158003,
              4389224.1719859755
            ],
            [
              424568.7322277474,
              4389224.268312565
            ],
            [
              424568.7345484177,
              4389224.3653207915
            ],
            [
              424568.72745595983,
              4389224.462097228
            ],
            [
              424568.71101715614,
              4389224.557730628
            ],
            [
              424567.3496855021,
              4389230.680876686
            ],
            [
              424567.32293805515,
              4389230.777864433
            ],
            [
              424567.2865805502,
              4389230.871673711
            ],
            [
              424567.2409809997,
              4389230.961354978
            ],
            [
              424567.1866009646,
              4389231.046000479
            ],
            [
              424567.12399088225,
              4389231.124753424
            ],
            [
              424567.0537844949,
              4389231.196816674
            ],
            [
              424566.97669243516,
              4389231.261460802
            ],
            [
              424566.89349503256,
              4389231.318031474
            ],
            [
              424566.8050344152,
              4389231.365956082
            ],
            [
              424566.7122059859,
              4389231.404749529
            ],
            [
              424566.61594935844,
              4389231.4340191465
            ],
            [
              424564.65745041065,
              4389231.923416384
            ]
          ],
          [
            [
              424553.9143391738,
              4389261.189174152
            ],
            [
              424553.8199423227,
              4389261.196451566
            ],
            [
              424553.72528031433,
              4389261.194769177
            ],
            [
              424553.63120167307,
              4389261.184142064
            ],
            [
              424553.5385496942,
              4389261.164665487
            ],
            [
              424553.4481548845,
              4389261.136514028
            ],
            [
              424553.3608275184,
              4389261.099940029
            ],
            [
              424553.27735037456,
              4389261.055271329
            ],
            [
              424553.19847171917,
              4389261.002908328
            ],
            [
              424553.12489859894,
              4389260.943320391
            ],
            [
              424553.0572905031,
              4389260.877041648
            ],
            [
              424552.99625345226,
              4389260.804666206
            ],
            [
              424552.94233456574,
              4389260.726842817
            ],
            [
              424552.89601715776,
              4389260.644269068
            ],
            [
              424551.5346174513,
              4389257.922734778
            ],
            [
              424551.495812402,
              4389257.834844534
            ],
            [
              424551.4656208105,
              4389257.74363601
            ],
            [
              424551.44432136096,
              4389257.6499511115
            ],
            [
              424551.43211065856,
              4389257.554654596
            ],
            [
              424551.42910141445,
              4389257.458626104
            ],
            [
              424551.43532140565,
              4389257.362752027
            ],
            [
              424551.45071321825,
              4389257.267917334
            ],
            [
              424551.4751347778,
              4389257.174997399
            ],
            [
              424551.5083606604,
              4389257.084849921
            ],
            [
              424551.5500841736,
              4389256.998307011
            ],
            [
              424551.5999201875,
              4389256.916167503
            ],
            [
              424551.6574086893,
              4389256.839189591
            ],
            [
              424551.7220190298,
              4389256.768083818
            ],
            [
              424554.1959790638,
              4389254.295273286
            ],
            [
              424554.21164105536,
              4389254.278065352
            ],
            [
              424554.2156152849,
              4389254.255139014
            ],
            [
              424555.20980648417,
              4389246.305304952
            ],
            [
              424555.2115843285,
              4389246.2814797005
            ],
            [
              424555.1884193052,
              4389246.275632847
            ],
            [
              424551.0157728106,
              4389245.441491305
            ],
            [
              424550.9206666828,
              4389245.417575199
            ],
            [
              424550.82836044225,
              4389245.384458532
            ],
            [
              424550.73974181234,
              4389245.342459792
            ],
            [
              424550.6556630523,
              4389245.291982889
            ],
            [
              424550.57693276054,
              4389245.233513266
            ],
            [
              424550.5043080986,
              4389245.167613234
            ],
            [
              424550.43848750915,
              4389245.094916565
            ],
            [
              424550.38010399905,
              4389245.016122394
            ],
            [
              424550.3297190516,
              4389244.931988496
            ],
            [
              424550.28781722666,
              4389244.843324001
            ],
            [
              424550.25480150065,
              4389244.750981608
            ],
            [
              424550.2309893909,
              4389244.65584939
            ],
            [
              424550.2166099023,
              4389244.5588422455
            ],
            [
              424550.21180132445,
              4389244.460893109
            ],
            [
              424550.21180132445,
              4389243.101382307
            ],
            [
              424550.2166099023,
              4389243.003433171
            ],
            [
              424550.2309893909,
              4389242.9064260265
            ],
            [
              424550.25480150065,
              4389242.811293808
            ],
            [
              424550.28781722666,
              4389242.718951415
            ],
            [
              424550.32971905154,
              4389242.63028692
            ],
            [
              424550.380103999,
              4389242.546153022
            ],
            [
              424550.43848750903,
              4389242.467358851
            ],
            [
              424550.50430809846,
              4389242.394662182
            ],
            [
              424550.5769327604,
              4389242.32876215
            ],
            [
              424550.6556630521,
              4389242.270292527
            ],
            [
              424550.73974181217,
              4389242.219815624
            ],
            [
              424550.8283604421,
              4389242.177816885
            ],
            [
              424550.9206666826,
              4389242.144700217
            ],
            [
              424551.0157728104,
              4389242.120784111
            ],
            [
              424559.68941150897,
              4389240.386862396
            ],
            [
              424559.7865429443,
              4389240.372362924
            ],
            [
              424559.8846282174,
              4389240.367460921
            ],
            [
              424559.9827213201,
              4389240.372203666
            ],
            [
              424560.07987616904,
              4389240.386545414
            ],
            [
              424560.1751557298,
              4389240.410347845
            ],
            [
              424560.26764105493,
              4389240.44338139
            ],
            [
              424560.35644014645,
              4389240.485327448
            ],
            [
              424560.4406965594,
              4389240.53578146
            ],
            [
              424560.51959766157,
              4389240.594256809
            ],
            [
              424560.5923824718,
              4389240.660189516
            ],
            [
              424565.0009129325,
              4389245.066671595
            ],
            [
              424565.06673798343,
              4389245.139253463
            ],
            [
              424565.1251436437,
              4389245.217929021
            ],
            [
              424565.1755691566,
              4389245.301942904
            ],
            [
              424565.21753038355,
              4389245.390488487
            ],
            [
              424565.2506244521,
              4389245.482715637
            ],
            [
              424565.27453362395,
              4389245.577738878
            ],
            [
              424566.0838938963,
              4389249.622659931
            ],
            [
              424566.0984233272,
              4389249.719915378
            ],
            [
              424566.10333048523,
              4389249.818127629
            ],
            [
              424566.09856791946,
              4389249.916346998
            ],
            [
              424566.08418168256,
              4389250.01362373
            ],
            [
              424566.0603108856,
              4389250.109017186
            ],
            [
              424566.02718635264,
              4389250.201604937
            ],
            [
              424565.9851283888,
              4389250.290491686
            ],
            [
              424565.9345436831,
              4389250.374817921
            ],
            [
              424565.87592137576,
              4389250.453768232
            ],
            [
              424565.80982832855,
              4389250.526579189
            ],
            [
              424565.7369036431,
              4389250.592546731
            ],
            [
              424565.6578524814,
              4389250.651032971
            ],
            [
              424563.2338643031,
              4389252.266274235
            ],
            [
              424563.2155875176,
              4389252.279709822
            ],
            [
              424563.2090747692,
              4389252.301438619
            ],
            [
              424561.38048105536,
              4389259.61241492
            ],
            [
              424561.35137099517,
              4389259.708163322
            ],
            [
              424561.31283661776,
              4389259.800522694
            ],
            [
              424561.2652638508,
              4389259.888568046
            ],
            [
              424561.2091291427,
              4389259.971417588
            ],
            [
              424561.1449946912,
              4389260.04824157
            ],
            [
              424561.0735028125,
              4389260.118270587
            ],
            [
              424560.99536950863,
              4389260.18080329
            ],
            [
              424560.91137729655,
              4389260.235213403
            ],
            [
              424560.82236737106,
              4389260.280956
            ],
            [
              424560.72923118004,
              4389260.3175729625
            ],
            [
              424560.6329014966,
              4389260.344697567
            ],
            [
              424560.5343430773,
              4389260.362058155
            ],
            [
              424553.9143391738,
              4389261.189174152
            ]
          ],
          [
            [
              424536.73831188644,
              4389265.3199534975
            ],
            [
              424536.6538795642,
              4389265.367181436
            ],
            [
              424536.56527871016,
              4389265.406029653
            ],
            [
              424536.4733385658,
              4389265.436134554
            ],
            [
              424536.3789196261,
              4389265.457214382
            ],
            [
              424536.2829055859,
              4389265.469071841
            ],
            [
              424536.1861950688,
              4389265.471595955
            ],
            [
              424536.08969321725,
              4389265.4647631
            ],
            [
              424535.9943032204,
              4389265.4486372275
            ],
            [
              424535.90091786155,
              4389265.423369263
            ],
            [
              424535.8104111618,
              4389265.389195698
            ],
            [
              424535.72363019997,
              4389265.346436373
            ],
            [
              424535.64138718485,
              4389265.295491484
            ],
            [
              424535.564451853,
              4389265.23683784
            ],
            [
              424535.493544265,
              4389265.171024397
            ],
            [
              424535.4293280658,
              4389265.098667123
            ],
            [
              424535.37240427383,
              4389265.020443233
            ],
            [
              424535.3233056556,
              4389264.937084843
            ],
            [
              424535.2824917397,
              4389264.849372134
            ],
            [
              424535.25034451555,
              4389264.758126031
            ],
            [
              424535.2271648585,
              4389264.664200535
            ],
            [
              424535.2131697138,
              4389264.568474723
            ],
            [
              424535.2084900662,
              4389264.4718445195
            ],
            [
              424535.2084900662,
              4389261.812189559
            ],
            [
              424535.21331770247,
              4389261.7140469765
            ],
            [
              424535.2277539992,
              4389261.616851987
            ],
            [
              424535.25165956997,
              4389261.521543036
            ],
            [
              424535.2848036,
              4389261.429040356
            ],
            [
              424535.32686607464,
              4389261.340237086
            ],
            [
              424535.3774408692,
              4389261.255990645
            ],
            [
              424535.4360396703,
              4389261.177114457
            ],
            [
              424535.5020966905,
              4389261.104370092
            ],
            [
              424535.57497413136,
              4389261.038459917
            ],
            [
              424535.65396834107,
              4389260.980020312
            ],
            [
              424541.190621336,
              4389257.290633352
            ],
            [
              424541.20889813435,
              4389257.277197755
            ],
            [
              424541.21541088115,
              4389257.255468963
            ],
            [
              424543.0770541481,
              4389249.812355874
            ],
            [
              424543.10626311693,
              4389249.71633255
            ],
            [
              424543.1449504467,
              4389249.623720816
            ],
            [
              424543.1927264149,
              4389249.535453612
            ],
            [
              424543.24910974357,
              4389249.452420107
            ],
            [
              424543.31353244727,
              4389249.375456753
            ],
            [
              424543.3853455546,
              4389249.30533885
            ],
            [
              424543.4638256461,
              4389249.242772742
            ],
            [
              424543.54818214127,
              4389249.188388698
            ],
            [
              424543.63756526296,
              4389249.142734561
            ],
            [
              424543.7310745977,
              4389249.106270237
            ],
            [
              424544.5193579373,
              4389248.8436312135
            ],
            [
              424544.61207516724,
              4389248.817626754
            ],
            [
              424544.70686372096,
              4389248.800660706
            ],
            [
              424544.8028446508,
              4389248.792890392
            ],
            [
              424544.8991279528,
              4389248.794387864
            ],
            [
              424544.9948208193,
              4389248.805139234
            ],
            [
              424545.08903591736,
              4389248.825044811
            ],
            [
              424545.1808996171,
              4389248.853920015
            ],
            [
              424545.2695600924,
              4389248.891497092
            ],
            [
              424545.3541952199,
              4389248.937427604
            ],
            [
              424545.4340202019,
              4389248.991285647
            ],
            [
              424545.5082948441,
              4389249.0525718145
            ],
            [
              424545.57633041876,
              4389249.120717813
            ],
            [
              424545.6374960512,
              4389249.195091748
            ],
            [
              424545.69122456986,
              4389249.275003968
            ],
            [
              424545.73701776547,
              4389249.3597134715
            ],
            [
              424545.7744510106,
              4389249.44843477
            ],
            [
              424545.8031771975,
              4389249.540345176
            ],
            [
              424545.8229299563,
              4389249.6345924325
            ],
            [
              424545.8335261253,
              4389249.730302609
            ],
            [
              424545.8348674492,
              4389249.8265882125
            ],
            [
              424545.8269414903,
              4389249.922556415
            ],
            [
              424545.80982174375,
              4389250.0173173295
            ],
            [
              424543.30345113523,
              4389260.873210199
            ],
            [
              424543.27670520055,
              4389260.96764443
            ],
            [
              424543.2408306597,
              4389261.059001894
            ],
            [
              424543.1961730982,
              4389261.146402529
            ],
            [
              424543.1431627097,
              4389261.229004392
            ],
            [
              424543.0823101524,
              4389261.306011763
            ],
            [
              424543.0142016292,
              4389261.376682818
            ],
            [
              424542.9394932411,
              4389261.44033677
            ],
            [
              424542.8589046664,
              4389261.496360431
            ],
            [
              424536.73831188644,
              4389265.3199534975
            ]
          ],
          [
            [
              424532.92848109285,
              4389189.294435305
            ],
            [
              424532.8325590851,
              4389189.289824157
            ],
            [
              424532.7375216983,
              4389189.276033241
            ],
            [
              424532.64424539526,
              4389189.253189741
            ],
            [
              424532.55359039747,
              4389189.221504324
            ],
            [
              424532.46639275196,
              4389189.181269204
            ],
            [
              424532.3834566211,
              4389189.132855441
            ],
            [
              424532.30554686626,
              4389189.076709521
            ],
            [
              424532.23338199424,
              4389189.013349238
            ],
            [
              424532.1676275306,
              4389188.943358919
            ],
            [
              424532.10888988234,
              4389188.867384035
            ],
            [
              424532.05771074543,
              4389188.786125249
            ],
            [
              424532.0145621089,
              4389188.700331955
            ],
            [
              424531.97984190215,
              4389188.610795362
            ],
            [
              424531.5493223598,
              4389187.319836846
            ],
            [
              424531.5231584292,
              4389187.226543762
            ],
            [
              424531.50614609726,
              4389187.131156492
            ],
            [
              424531.49844507826,
              4389187.034570546
            ],
            [
              424531.50012767053,
              4389186.937692686
            ],
            [
              424531.5111780777,
              4389186.841432419
            ],
            [
              424531.5314925568,
              4389186.746693447
            ],
            [
              424531.5608803925,
              4389186.654365197
            ],
            [
              424531.5990656874,
              4389186.565314459
            ],
            [
              424531.64568995207,
              4389186.480377254
            ],
            [
              424531.700315471,
              4389186.400350987
            ],
            [
              424531.7624294115,
              4389186.325986956
            ],
            [
              424531.8314486386,
              4389186.257983302
            ],
            [
              424531.90672518936,
              4389186.196978453
            ],
            [
              424531.9875523562,
              4389186.143545131
            ],
            [
              424532.07317132154,
              4389186.098184979
            ],
            [
              424532.1627782815,
              4389186.061323841
            ],
            [
              424532.2555319926,
              4389186.033307778
            ],
            [
              424533.9660605083,
              4389185.605874344
            ],
            [
              424534.0649881856,
              4389185.58639331
            ],
            [
              424534.1653747312,
              4389185.576973253
            ],
            [
              424534.2661995957,
              4389185.577709938
            ],
            [
              424534.36643777386,
              4389185.5885958765
            ],
            [
              424534.46507022466,
              4389185.6095204
            ],
            [
              424534.56109423126,
              4389185.6402707845
            ],
            [
              424534.6535335948,
              4389185.680534417
            ],
            [
              424534.7414485586,
              4389185.7299019685
            ],
            [
              424534.8239453619,
              4389185.787871559
            ],
            [
              424534.900185326,
              4389185.853853859
            ],
            [
              424534.96939338057,
              4389185.927178078
            ],
            [
              424535.0308659428,
              4389186.00709879
            ],
            [
              424535.08397807076,
              4389186.092803503
            ],
            [
              424535.128189816,
              4389186.183420927
            ],
            [
              424535.1630517134,
              4389186.278029828
            ],
            [
              424535.18820934993,
              4389186.375668393
            ],
            [
              424535.20340696815,
              4389186.475344009
            ],
            [
              424535.2084900662,
              4389186.576043354
            ],
            [
              424535.2084900662,
              4389188.294435305
            ],
            [
              424535.20367479284,
              4389188.392452445
            ],
            [
              424535.1892753466,
              4389188.489525626
            ],
            [
              424535.1654304019,
              4389188.584719982
            ],
            [
              424535.13236959866,
              4389188.677118737
            ],
            [
              424535.0904113305,
              4389188.765832041
            ],
            [
              424535.0399596785,
              4389188.850005537
            ],
            [
              424534.98150051956,
              4389188.928828589
            ],
            [
              424534.91559684736,
              4389189.001542086
            ],
            [
              424534.8428833503,
              4389189.067445758
            ],
            [
              424534.7640602992,
              4389189.125904917
            ],
            [
              424534.679886803,
              4389189.176356569
            ],
            [
              424534.59117349854,
              4389189.218314837
            ],
            [
              424534.4987747434,
              4389189.251375641
            ],
            [
              424534.40358038817,
              4389189.275220585
            ],
            [
              424534.3065072065,
              4389189.289620032
            ],
            [
              424534.2084900662,
              4389189.294435305
            ],
            [
              424532.92848109285,
              4389189.294435305
            ]
          ],
          [
            [
              424513.964985492,
              4389182.943748423
            ],
            [
              424514.06209036155,
              4389182.929251592
            ],
            [
              424514.16014880704,
              4389182.924346993
            ],
            [
              424514.25821559265,
              4389182.929081904
            ],
            [
              424514.3553454022,
              4389182.943410683
            ],
            [
              424514.45060195157,
              4389182.967195208
            ],
            [
              424514.54306701396,
              4389183.000206208
            ],
            [
              424514.63184927107,
              4389183.042125471
            ],
            [
              424514.71609290515,
              4389183.092548917
            ],
            [
              424514.7949858485,
              4389183.150990489
            ],
            [
              424514.86776761146,
              4389183.216886838
            ],
            [
              424514.9337366133,
              4389183.289602755
            ],
            [
              424514.99225694494,
              4389183.368437295
            ],
            [
              424515.04276449874,
              4389183.452630529
            ],
            [
              424515.0847724065,
              4389183.541370878
            ],
            [
              424515.11787573237,
              4389183.633802927
            ],
            [
              424515.14175537636,
              4389183.7290356755
            ],
            [
              424515.1561811504,
              4389183.826151127
            ],
            [
              424515.161013997,
              4389183.924213135
            ],
            [
              424515.1562073298,
              4389184.022276429
            ],
            [
              424515.14180748287,
              4389184.119395729
            ],
            [
              424515.11795326363,
              4389184.214634849
            ],
            [
              424515.08487461525,
              4389184.307075732
            ],
            [
              424515.0428903997,
              4389184.395827292
            ],
            [
              424514.9924053244,
              4389184.480034009
            ],
            [
              424514.9339060411,
              4389184.558884168
            ],
            [
              424514.86795645434,
              4389184.631617694
            ],
            [
              424514.34754659934,
              4389185.151785745
            ],
            [
              424514.27583332115,
              4389185.216838372
            ],
            [
              424514.19816499914,
              4389185.274650743
            ],
            [
              424514.11526974576,
              4389185.324680888
            ],
            [
              424514.027924674,
              4389185.366459793
            ],
            [
              424513.93694861233,
              4389185.399595797
            ],
            [
              424513.8431944285,
              4389185.42377826
            ],
            [
              424513.74754103407,
              4389185.43878048
            ],
            [
              424513.65088514495,
              4389185.444461819
            ],
            [
              424513.5541328753,
              4389185.440769014
            ],
            [
              424513.45819124253,
              4389185.427736685
            ],
            [
              424513.3639596649,
              4389185.405487005
            ],
            [
              424513.2723215293,
              4389185.374228556
            ],
            [
              424513.1841359101,
              4389185.334254376
            ],
            [
              424513.1002295157,
              4389185.285939208
            ],
            [
              424513.0213889381,
              4389185.229735989
            ],
            [
              424512.9483532793,
              4389185.166171604
            ],
            [
              424512.8818072222,
              4389185.095841946
            ],
            [
              424512.822374612,
              4389185.01940633
            ],
            [
              424512.7706126079,
              4389184.937581313
            ],
            [
              424512.72700646,
              4389184.851133974
            ],
            [
              424512.6919649603,
              4389184.760874727
            ],
            [
              424512.5618624965,
              4389184.3707486885
            ],
            [
              424512.5350782782,
              4389184.2747274
            ],
            [
              424512.51798731263,
              4389184.1765165
            ],
            [
              424512.5107594408,
              4389184.0770919565
            ],
            [
              424512.51346648956,
              4389183.977441799
            ],
            [
              424512.5260815577,
              4389183.878556299
            ],
            [
              424512.54847928317,
              4389183.78141813
            ],
            [
              424512.58043708897,
              4389183.686992601
            ],
            [
              424512.62163739506,
              4389183.596218062
            ],
            [
              424512.671670774,
              4389183.509996586
            ],
            [
              424512.73004002013,
              4389183.429184996
            ],
            [
              424512.79616509,
              4389183.354586354
            ],
            [
              424512.869388867,
              4389183.2869419865
            ],
            [
              424512.9489836911,
              4389183.2269241065
            ],
            [
              424513.0341585902,
              4389183.175129139
            ],
            [
              424513.1240671403,
              4389183.132071798
            ],
            [
              424513.2178158767,
              4389183.098179963
            ],
            [
              424513.3144731732,
              4389183.073790436
            ],
            [
              424513.964985492,
              4389182.943748423
            ]
          ]
        ]
      },
      "properties": {
        "source": "260114_Professor_PTC_snowHeight.tif \u2192 260120_Professor_PTC_snowHeight.tif",
        "event_date": "20260118",
        "threshold_m": 0.15,
        "area_m2": 49079.2
      }
    }
  ]
}