{"type": "FeatureCollection", "features": [{"type": "Feature", "geometry": {"type": "MultiPolygon", "coordinates": [[[[-105.87857734928838, 39.645765466273915], [-105.87857677915767, 39.64572041980917], [-105.87858843290489, 39.64572033165721], [-105.87858820484995, 39.645702313071276], [-105.8785998585941, 39.64570222491822], [-105.87859997262308, 39.645711234211156], [-105.8786116263687, 39.6457111460569], [-105.8786113983078, 39.645693127471034], [-105.87862305205034, 39.64569303931567], [-105.87862293801845, 39.645684030022736], [-105.87863459175944, 39.64568394186622], [-105.87863481982627, 39.645701960451994], [-105.87864647357023, 39.64570187229427], [-105.87864658760523, 39.6457108815871], [-105.87863493385977, 39.64571096974486], [-105.87863504789333, 39.645719979037715], [-105.87861174039921, 39.64572015534981], [-105.8786119684604, 39.64573817393558], [-105.87860031471027, 39.64573826208993], [-105.87860054276864, 39.6457562806757], [-105.87858888901542, 39.645756368828934], [-105.87858911707099, 39.6457743874147], [-105.87856580955831, 39.64577456371778], [-105.87856569553354, 39.64576555442484], [-105.87857734928838, 39.645765466273915]]], [[[-105.87812467629487, 39.64591305199599], [-105.87812444835873, 39.64589503340841], [-105.87813610213668, 39.64589494530151], [-105.87813598816717, 39.645885936007716], [-105.87814764194358, 39.64588584789969], [-105.87814718606002, 39.64584981072452], [-105.87815883983032, 39.64584972261543], [-105.87815849791365, 39.64582269473397], [-105.87817015167936, 39.6458226066238], [-105.87817003770573, 39.64581359732998], [-105.87819334523397, 39.64581342110618], [-105.87819323125737, 39.64580441181241], [-105.8782048850199, 39.645804323698776], [-105.87820591082479, 39.64588540734198], [-105.87815929571993, 39.64588575979048], [-105.87815963763767, 39.64591278767163], [-105.87814798385679, 39.645912875780915], [-105.87814809782796, 39.64592188507462], [-105.87813644404551, 39.64592197318277], [-105.87813633007585, 39.64591296388904], [-105.87812467629487, 39.64591305199599]]], [[[-105.87723355632974, 39.64733438002618], [-105.87723367018799, 39.647343389319886], [-105.87722201616405, 39.64734347733891], [-105.87722167459401, 39.64731644945765], [-105.87723332861341, 39.64731636143872], [-105.87723310089729, 39.647298342851194], [-105.87724475491362, 39.64729825483115], [-105.8772450964924, 39.64732528271233], [-105.87725675051321, 39.64732519469102], [-105.8772564089299, 39.64729816680992], [-105.87727971696228, 39.64729799076399], [-105.87727960309823, 39.64728898147031], [-105.87729125711286, 39.64728889344562], [-105.87729102938191, 39.64727087485829], [-105.87730268339344, 39.647270786832486], [-105.8773027972604, 39.64727979612612], [-105.87732610528633, 39.64727962007095], [-105.87732621915636, 39.64728862936451], [-105.87733787317076, 39.64728854133515], [-105.877338100914, 39.64730655992221], [-105.87726817680868, 39.64730708808123], [-105.8772682906713, 39.6473160973749], [-105.8772799446905, 39.647316009351286], [-105.87728017241892, 39.64733402793853], [-105.8772685183967, 39.647334115962195], [-105.87726874612231, 39.64735213454943], [-105.87725709209701, 39.64735222257199], [-105.87725686437443, 39.6473342039847], [-105.87723355632974, 39.64733438002618]]], [[[-105.87946986126586, 39.648137392144726], [-105.8794697471142, 39.648128382857664], [-105.87945809296546, 39.648128471102474], [-105.87945797881535, 39.648119461815355], [-105.87946963296257, 39.64811937357057], [-105.879469518811, 39.64811036428347], [-105.87944621051953, 39.64811054077181], [-105.87944609637104, 39.648101531484635], [-105.87945775051529, 39.64810144324108], [-105.87945752221542, 39.64808342466676], [-105.87948083049773, 39.64808324817625], [-105.87948094465064, 39.64809225746337], [-105.87950425293576, 39.64809208096812], [-105.87950436709176, 39.64810109025515], [-105.87951602123574, 39.64810100200576], [-105.87951670618193, 39.64815505772756], [-105.87950505202886, 39.64815514597712], [-105.87950516618524, 39.64816415526408], [-105.8795168203398, 39.648164067014484], [-105.87951693449774, 39.64817307630139], [-105.87950528034165, 39.64817316455101], [-105.87950539449811, 39.648182173837924], [-105.87951704865571, 39.64818208558826], [-105.87951739112997, 39.64820911344885], [-105.87950573696781, 39.6482092016986], [-105.87950607943799, 39.64823622955913], [-105.87949442527126, 39.648236317807786], [-105.87949453942657, 39.64824532709464], [-105.87948288525828, 39.64824541534215], [-105.87948299941213, 39.648254424629], [-105.8794713452423, 39.64825451287538], [-105.87947145939468, 39.64826352216225], [-105.87945980522326, 39.64826361040748], [-105.8794599193742, 39.64827261969437], [-105.8794482652012, 39.64827270793845], [-105.87944837935068, 39.648281717225366], [-105.87943672517613, 39.64828180546831], [-105.87943638273242, 39.64825477760748], [-105.87944803690242, 39.64825468936462], [-105.87944746615636, 39.64820964292975], [-105.87943581199391, 39.64820973117248], [-105.87943592614151, 39.6482187404595], [-105.87941261781344, 39.6482189169415], [-105.87941227537988, 39.648191889080216], [-105.8794239295394, 39.648191800839875], [-105.87942358710175, 39.64816477297854], [-105.87944689541158, 39.648164596494546], [-105.87944678126277, 39.648155587207455], [-105.87945843541608, 39.648155498963725], [-105.87945820711562, 39.648137480389565], [-105.87946986126586, 39.648137392144726]], [[-105.87944700956044, 39.64817360578162], [-105.87943535540403, 39.64817369402423], [-105.87943546955142, 39.648182703311306], [-105.87944712370934, 39.64818261506867], [-105.8794473520073, 39.64820063364274], [-105.87945900616818, 39.64820054539887], [-105.87945854956641, 39.648164508250794], [-105.87944689541158, 39.648164596494546], [-105.87944700956044, 39.64817360578162]]], [[[-105.87966613920376, 39.64982981396843], [-105.87966625338781, 39.64983882325239], [-105.87967790782305, 39.64983873498354], [-105.87967813619433, 39.64985675355134], [-105.87970144507071, 39.64985657701002], [-105.87970133088201, 39.649847567726184], [-105.87971298531862, 39.6498474794538], [-105.87971287112846, 39.649838470169975], [-105.87968956225824, 39.64983864671352], [-105.87968944807116, 39.649829637429626], [-105.8797011025048, 39.64982954915846], [-105.87970075993933, 39.64980252130678], [-105.87971241436836, 39.64980243303453], [-105.87971218598862, 39.64978441446674], [-105.87973549484049, 39.64978423791885], [-105.87973515226219, 39.6497572100672], [-105.87975846110479, 39.64975703351481], [-105.879759032084, 39.64980207993387], [-105.87977068651277, 39.64980199165578], [-105.87977080071029, 39.64981100093951], [-105.87979410957072, 39.64981082437977], [-105.87979445217263, 39.64983785223073], [-105.8798061066073, 39.64983776394903], [-105.87980644921421, 39.64986479179978], [-105.87981810365338, 39.64986470351681], [-105.87981821785729, 39.64987371280034], [-105.87982987229792, 39.649873624516175], [-105.87983010070893, 39.649891643083144], [-105.87985340959607, 39.6498914665112], [-105.8798532953875, 39.649882457227775], [-105.8798649498295, 39.64988236894008], [-105.87986517824967, 39.64990038750685], [-105.87985352380467, 39.6499004757946], [-105.87985375222205, 39.64991849436136], [-105.87984209777397, 39.649918582648006], [-105.87984232618852, 39.64993660121476], [-105.87983067173735, 39.649936689500294], [-105.87983090014909, 39.64995470806705], [-105.87981924569486, 39.649954796351466], [-105.87981947410377, 39.64997281491822], [-105.87980781964646, 39.64997290320153], [-105.87980793384948, 39.6499819124849], [-105.87976131601368, 39.64998226560652], [-105.8797614302107, 39.64999127489001], [-105.87972646682877, 39.64999153971904], [-105.87972658102132, 39.650000549002584], [-105.87969161763439, 39.65000081382117], [-105.87969173182245, 39.6500098231048], [-105.87955187825199, 39.650010882274266], [-105.87955199242195, 39.650019891558195], [-105.87937717542579, 39.65002121528368], [-105.87937728957311, 39.650030224568034], [-105.87929570829371, 39.65003084221677], [-105.87929559415699, 39.65002183293221], [-105.87914408607965, 39.65002297984177], [-105.87914397196262, 39.65001397055684], [-105.87900411836324, 39.65001502906688], [-105.87900400426442, 39.65000601978159], [-105.87889911407365, 39.65000681355339], [-105.87889899998848, 39.64999780426785], [-105.87888734552409, 39.64999789245883], [-105.8788872314405, 39.64998888317325], [-105.87887557697758, 39.64998897136304], [-105.87887569105966, 39.649997980648656], [-105.87879410980717, 39.649998597944666], [-105.87879399573568, 39.64998958865885], [-105.87870076002756, 39.64999029406963], [-105.87870064596821, 39.64998128478359], [-105.87859575580627, 39.64998207828102], [-105.87859564176058, 39.649973068994704], [-105.87849075160811, 39.64997386239718], [-105.87849063757608, 39.64996485311061], [-105.87839740189361, 39.64996555827752], [-105.87839728787374, 39.649956548990694], [-105.87832736111879, 39.64995707781661], [-105.87832724710805, 39.649948068529596], [-105.87825732036035, 39.64994859731327], [-105.87825720635873, 39.649939588026065], [-105.87819893407513, 39.64994002864683], [-105.87819882008111, 39.649931019359485], [-105.8781405478038, 39.64993145995087], [-105.87814043381739, 39.64992245066337], [-105.87807050709199, 39.64992297933427], [-105.87807039311473, 39.64991397004661], [-105.8780121208497, 39.64991441057341], [-105.87801200688004, 39.649905401285565], [-105.87795373462131, 39.649905841782996], [-105.87795362065927, 39.64989683249501], [-105.87788369395618, 39.64989736105316], [-105.87788358000324, 39.649888351765], [-105.8778369622062, 39.64988870411361], [-105.87783684825939, 39.649879694825316], [-105.87780188491561, 39.64987995907441], [-105.87780177097338, 39.64987094978602], [-105.87776680763368, 39.64987121402452], [-105.87776669369602, 39.64986220473602], [-105.87774338480567, 39.64986238088911], [-105.87774327087108, 39.64985337160056], [-105.87771996198356, 39.64985354774891], [-105.87771984805205, 39.649844538460286], [-105.87769653916733, 39.64984471460391], [-105.87769642523891, 39.6498357053152], [-105.87767311635699, 39.649835881454095], [-105.87767300243165, 39.64982687216533], [-105.87763803911295, 39.64982713636482], [-105.87763792519219, 39.649818127075946], [-105.87761461631582, 39.649818303203034], [-105.87761450239813, 39.64980929391409], [-105.8775911935246, 39.64980947003645], [-105.87759107960999, 39.64980046074745], [-105.87756777073926, 39.649800636865066], [-105.87756765682774, 39.649791627575986], [-105.87754434795983, 39.649791803688885], [-105.87754423405137, 39.649782794399734], [-105.87752092518627, 39.649782970507886], [-105.8775208112809, 39.64977396121866], [-105.87748584798743, 39.64977422537204], [-105.87748573408663, 39.64976521608272], [-105.8774624252271, 39.64976539217908], [-105.87746231132938, 39.64975638288969], [-105.87743900247264, 39.649756558981316], [-105.877438888578, 39.64974754969185], [-105.87741557972409, 39.649747725778745], [-105.87741546583254, 39.6497387164892], [-105.87739215698144, 39.649738892571364], [-105.87739204309295, 39.649729883281765], [-105.87735707982047, 39.64973014739615], [-105.87735696593657, 39.649721138106436], [-105.87733365709101, 39.649721314176794], [-105.8773335432102, 39.64971230488703], [-105.87731023436746, 39.64971248095265], [-105.87731012048972, 39.64970347166281], [-105.87728681164981, 39.6497036477237], [-105.87728669777513, 39.649694638433786], [-105.87726338893805, 39.64969481448994], [-105.87726327506644, 39.649685805199965], [-105.87722831181495, 39.64968606927534], [-105.87722819794796, 39.64967705998526], [-105.8772048891164, 39.6496772360296], [-105.87720477525247, 39.649668226739465], [-105.87718146642374, 39.649668402779085], [-105.87718135256287, 39.649659393488854], [-105.87715804373696, 39.649659569523735], [-105.87715792987917, 39.649650560233454], [-105.87713462105609, 39.64965073626361], [-105.87713450720138, 39.649641726973236], [-105.8771111983811, 39.64964190299867], [-105.87711108452947, 39.64963289370824], [-105.8770761213032, 39.64963315773752], [-105.87707600745617, 39.64962414844698], [-105.87705269864144, 39.6496243244606], [-105.87705258479747, 39.649615315169996], [-105.87702927598555, 39.64961549117888], [-105.87702916214467, 39.64960648188821], [-105.87700585333556, 39.64960665789237], [-105.87700573949775, 39.64959764860162], [-105.87698243069147, 39.64959782460104], [-105.87698231685674, 39.64958881531024], [-105.87695900805326, 39.649588991304924], [-105.87695889422162, 39.64957998201404], [-105.87692393102058, 39.64958024599722], [-105.8769238171935, 39.649571236706244], [-105.87694712599122, 39.649571060718685], [-105.87694701216118, 39.64956205142774], [-105.87692370336649, 39.64956222741525], [-105.87692358953952, 39.64955321812424], [-105.87690028074763, 39.64955339410701], [-105.87690016692375, 39.64954438481594], [-105.87687685813471, 39.64954456079397], [-105.87687697195557, 39.649553570085104], [-105.87685366316329, 39.64955374605853], [-105.87685354934543, 39.64954473676733], [-105.87683024055598, 39.64954491273601], [-105.87683012674121, 39.64953590344476], [-105.87679516356117, 39.64953616738894], [-105.876795049751, 39.64952715809758], [-105.87677174096707, 39.649527334054454], [-105.87677162715997, 39.64951832476303], [-105.87674831837884, 39.649518500715175], [-105.87674820457482, 39.64950949142367], [-105.87672489579654, 39.64950966737109], [-105.87672478199559, 39.649500658079525], [-105.87670147322012, 39.64950083402221], [-105.87670135942224, 39.64949182473057], [-105.8766663962632, 39.64949208863574], [-105.87666628246991, 39.64948307934401], [-105.87664297369999, 39.64948325527489], [-105.87664285990977, 39.64947424598308], [-105.87661955114267, 39.64947442190922], [-105.87661943735553, 39.64946541261734], [-105.87659612859125, 39.64946558853875], [-105.87659601480718, 39.649456579246824], [-105.8765727060457, 39.64945675516349], [-105.87657259226472, 39.64944774587147], [-105.87654928350608, 39.64944792178342], [-105.87654916972818, 39.649438912491334], [-105.87651420659435, 39.649439176350405], [-105.87651409282103, 39.64943016705822], [-105.87649078406791, 39.649430342958354], [-105.87649067029767, 39.649421333666105], [-105.87646736154738, 39.64942150956152], [-105.87646724778021, 39.64941250026919], [-105.87644393903275, 39.649412676159876], [-105.87644382526865, 39.64940366686748], [-105.8764671340131, 39.64940349097685], [-105.87646702024603, 39.64939448168449], [-105.87645536587534, 39.64939456963037], [-105.87645525210984, 39.64938556033796], [-105.87642028900201, 39.64938582416847], [-105.87642040276299, 39.64939483346095], [-105.87639709402116, 39.64939500934217], [-105.87639686650532, 39.64937699075707], [-105.87638521213735, 39.64937707869586], [-105.87638509838102, 39.64936806940328], [-105.87637344401452, 39.64936815734089], [-105.87637333025974, 39.64935914804825], [-105.8763500215296, 39.64935932391988], [-105.87635013528136, 39.649368333212585], [-105.8763384809147, 39.64936842114667], [-105.87633836716446, 39.64935941185394], [-105.87632671279927, 39.64935949978684], [-105.8763265990506, 39.64935049049408], [-105.87630329032308, 39.64935066635631], [-105.8763031765775, 39.649341657063474], [-105.87627986785279, 39.64934183292097], [-105.87627975411026, 39.649332823628065], [-105.87626809974935, 39.64933291155503], [-105.8762679860084, 39.64932390226208], [-105.87625633164895, 39.64932399018786], [-105.87625621790956, 39.649314980894864], [-105.87624456355157, 39.64931506881945], [-105.87624444981374, 39.64930605952642], [-105.87623279545721, 39.64930614744979], [-105.87623256798473, 39.64928812886363], [-105.87622091363117, 39.649288216785784], [-105.87622079989653, 39.64927920749265], [-105.87620914554444, 39.649279295413606], [-105.87620891807832, 39.64926127682725], [-105.8761972637292, 39.649261364746984], [-105.87619714999772, 39.64925235545375], [-105.87618549565005, 39.64925244337228], [-105.8761852681903, 39.64923442478574], [-105.87617361384561, 39.64923451270303], [-105.87617338638907, 39.64921649411637], [-105.87616173204736, 39.649216582032444], [-105.87616150459405, 39.649198563445665], [-105.87614985025532, 39.64919865136052], [-105.87614950908028, 39.649171623480164], [-105.87613785474602, 39.64917171139376], [-105.87613762729929, 39.649153692806735], [-105.876125972968, 39.64915378071911], [-105.87612574552448, 39.64913576213196], [-105.87611409119617, 39.64913585004312], [-105.87611375003581, 39.649108822162205], [-105.876102095712, 39.6491089100721], [-105.87610164083829, 39.64907287289723], [-105.87608998652047, 39.64907296080585], [-105.87608964537026, 39.64904593292447], [-105.87610129968355, 39.649045845015934], [-105.87610084481126, 39.64900980784068], [-105.87608919050403, 39.64900989574911], [-105.87608896307123, 39.64899187716133], [-105.87610061737544, 39.64899178925297], [-105.87610050365761, 39.64898277995909], [-105.87611215796025, 39.64898269204958], [-105.87611204424095, 39.64897368275571], [-105.87613535284308, 39.64897350693324], [-105.87613558028778, 39.64899152552084], [-105.87612392598372, 39.64899161343272], [-105.87612403970464, 39.64900062272654], [-105.87611238539901, 39.64900071063727], [-105.87611272655751, 39.64902773851869], [-105.87612438086768, 39.64902765060788], [-105.87612460830996, 39.64904566919536], [-105.8761362626231, 39.649045581283325], [-105.87613637634584, 39.649054590577016], [-105.87617133928948, 39.649054326833785], [-105.8761714530168, 39.64906333612739], [-105.87619476164866, 39.64906316029268], [-105.87619487537906, 39.6490721695862], [-105.87620652969642, 39.64907208166706], [-105.87620664342838, 39.64908109096054], [-105.87625326070338, 39.649080739272186], [-105.87625348817956, 39.64909875785889], [-105.87626514250121, 39.649098669933814], [-105.87626525624087, 39.64910767922713], [-105.87628856488703, 39.64910750337342], [-105.87628867862979, 39.64911651266665], [-105.87630033295432, 39.64911642473802], [-105.87630021921005, 39.6491074154448], [-105.87633518217876, 39.649107151651975], [-105.87633484093267, 39.64908012377253], [-105.87632318661436, 39.64908021170456], [-105.87632284537325, 39.6490531838249], [-105.87634615400077, 39.649053007959836], [-105.87634592650092, 39.64903498937344], [-105.87638088943272, 39.64903472556725], [-105.8763805481697, 39.64900769768779], [-105.87639220247566, 39.649007609750136], [-105.87639208871992, 39.64899860045699], [-105.87642705163297, 39.648998336637106], [-105.87642693787274, 39.64898932734402], [-105.87643859217548, 39.64898923940175], [-105.87643836465213, 39.648971220815596], [-105.87642671035242, 39.64897130875782], [-105.87642648283231, 39.648953290171555], [-105.876438137129, 39.64895320222939], [-105.8764380233675, 39.64894419293627], [-105.87644967766263, 39.648944104992964], [-105.87644956389967, 39.648935095699855], [-105.87648452678019, 39.648934831863016], [-105.87648441301276, 39.64892582256998], [-105.87649606730464, 39.64892573462206], [-105.87649595353575, 39.648916725329016], [-105.8765309164066, 39.64891646147832], [-105.87653114395351, 39.6489344800642], [-105.87650783536697, 39.64893465596595], [-105.87650806290803, 39.64895267455188], [-105.87649640861166, 39.64895276250105], [-105.87649652238075, 39.64896177179403], [-105.87648486808281, 39.64896185974206], [-105.87648509561815, 39.64897987832801], [-105.87647344131713, 39.64897996627494], [-105.87647355508335, 39.648988975567924], [-105.87645024647814, 39.6489891514583], [-105.8764503602414, 39.64899816075134], [-105.87648532315367, 39.64899789691392], [-105.87648520938589, 39.64898888762097], [-105.8765318265955, 39.64898853582149], [-105.8765317128217, 39.64897952652864], [-105.87655502142317, 39.64897935062194], [-105.8765551352, 39.64898835991473], [-105.87654348089777, 39.64898844786869], [-105.87654359467312, 39.6489974571615], [-105.8765202860655, 39.648997633065974], [-105.87652039983789, 39.649006642358806], [-105.87649709122704, 39.64900681825866], [-105.87649720499644, 39.64901582755156], [-105.87648555068942, 39.64901591549976], [-105.87648566445738, 39.649024924792656], [-105.8764740101488, 39.64902501273972], [-105.87647389638235, 39.64901600344679], [-105.87645058776808, 39.64901617933735], [-105.87645070153148, 39.649025188630326], [-105.87646235584016, 39.6490251006856], [-105.87646269713524, 39.649052128564385], [-105.87648600576152, 39.64905195267128], [-105.87648611952967, 39.64906096196412], [-105.87646281090036, 39.649061137857295], [-105.87646292466555, 39.64907014715017], [-105.87648623329787, 39.64906997125694], [-105.87648634706613, 39.64907898054975], [-105.87649800138374, 39.64907889260136], [-105.87649822892341, 39.64909691118689], [-105.876509883244, 39.649096823237265], [-105.87651011078691, 39.64911484182269], [-105.87649845646331, 39.649114929772374], [-105.87649857023332, 39.64912393906508], [-105.87651022455844, 39.64912385111537], [-105.87651033833002, 39.649132860408045], [-105.8765219926566, 39.64913277245714], [-105.87652176511045, 39.64911475387184], [-105.87653341943395, 39.649114665919825], [-105.87653353320852, 39.64912367521245], [-105.87654518753347, 39.64912358725924], [-105.87654541508576, 39.6491416058444], [-105.87653376075778, 39.64914169379767], [-105.87653387453248, 39.64915070309027], [-105.876545528862, 39.64915061513696], [-105.87654564263826, 39.6491596244295], [-105.87655729696922, 39.649159536475004], [-105.87655752452494, 39.64917755506001], [-105.87658083319275, 39.649177379147396], [-105.87658071941185, 39.649168369854955], [-105.87656906507948, 39.64916845781182], [-105.87656860996238, 39.64913242064184], [-105.87660357294116, 39.64913215676808], [-105.87660334537385, 39.649114138183165], [-105.87659169105066, 39.6491142261422], [-105.87659123592269, 39.64907818897209], [-105.87657958160551, 39.64907827692984], [-105.8765791264844, 39.64904223975938], [-105.87659078079555, 39.64904215180175], [-105.87659066701389, 39.64903314250913], [-105.87661397563299, 39.649032966590404], [-105.87661408941769, 39.64904197588297], [-105.87662574372867, 39.64904188792182], [-105.87662585751491, 39.649050897214345], [-105.87663751182737, 39.649050809251996], [-105.87663785319094, 39.6490778371294], [-105.87662619887396, 39.64907792509182], [-105.87662631266042, 39.64908693438429], [-105.87664962129736, 39.649086758458196], [-105.8766497350869, 39.649095767750595], [-105.8766613894068, 39.64909567978578], [-105.8766615031979, 39.649104689078136], [-105.87668481184059, 39.649104513144934], [-105.8766845842524, 39.64908649456032], [-105.8766729299341, 39.64908658252744], [-105.8766728161416, 39.649077573235104], [-105.87666116182477, 39.649077661201034], [-105.87666093424295, 39.64905964261624], [-105.87664927992908, 39.64905973058095], [-105.87664916613976, 39.64905072128848], [-105.87666082045212, 39.64905063332381], [-105.87666070666133, 39.64904162403136], [-105.87667236097211, 39.64904153606554], [-105.87667201959553, 39.64901450818824], [-105.87666036528928, 39.64901459615397], [-105.87666013770817, 39.64899657756897], [-105.8766717920114, 39.648996489603284], [-105.87667167821941, 39.64898748031079], [-105.87668333252105, 39.64898739234396], [-105.87668321872762, 39.64897838305149], [-105.8766948730277, 39.648978295083516], [-105.87669475923279, 39.648969285791054], [-105.87670641353132, 39.64896919782194], [-105.87670629973496, 39.64896018852949], [-105.87668299114087, 39.648960364466475], [-105.87668310493422, 39.64896937375899], [-105.87664814203815, 39.64896963765579], [-105.87664825582702, 39.64897864694837], [-105.87662494722636, 39.64897882287378], [-105.87662483344053, 39.64896981358114], [-105.87663648773936, 39.64896972561905], [-105.87663637395207, 39.64896071632643], [-105.87664802824933, 39.64896062836319], [-105.87664791446058, 39.64895161907059], [-105.8766595687563, 39.648951531106206], [-105.87665945496607, 39.64894252181361], [-105.8766361463776, 39.64894269774114], [-105.87663603259047, 39.648933688448466], [-105.87661272400483, 39.64893386437126], [-105.87661238265278, 39.64890683649301], [-105.87662403694108, 39.64890674853229], [-105.87662380937027, 39.64888872994677], [-105.8766354636555, 39.64888864198493], [-105.87663534986865, 39.648879632692186], [-105.87664700415233, 39.648879544729205], [-105.87664689036401, 39.64887053543647], [-105.87665854464613, 39.64887044747235], [-105.87665843085637, 39.64886143817963], [-105.87667008513691, 39.64886135021436], [-105.87666940239033, 39.64880729445789], [-105.87665774811887, 39.64880738242298], [-105.87665763432946, 39.64879837313015], [-105.8766343257894, 39.648798549056785], [-105.87663421200307, 39.64878953976389], [-105.87668082907693, 39.64878918790608], [-105.87668071528462, 39.64878017861328], [-105.87665740675081, 39.64878035454446], [-105.87665729296155, 39.6487713452516], [-105.87666894722697, 39.64877125728662], [-105.87666883343626, 39.648762247993766], [-105.87668048770011, 39.64876216002764], [-105.87668037390793, 39.6487531507348], [-105.87669202817023, 39.64875306276753], [-105.87669180058302, 39.64873504418187], [-105.87670345484223, 39.64873495621349], [-105.87670299966236, 39.648698919042104], [-105.87671465391549, 39.648698831072664], [-105.87671454011912, 39.648689821779804], [-105.87672619437068, 39.648689733809235], [-105.87672608057287, 39.648680724516396], [-105.87674938907278, 39.64868054857179], [-105.87674916147127, 39.648662529986176], [-105.87677246996493, 39.64866235403701], [-105.87677235616123, 39.64865334474423], [-105.87680731889681, 39.64865308081179], [-105.87680720508861, 39.64864407151909], [-105.8768188593322, 39.648643983539294], [-105.87681851790339, 39.64861695566118], [-105.87679520942524, 39.64861713161943], [-105.87679509561877, 39.64860812232664], [-105.87680674985636, 39.648608034348136], [-105.87680652224053, 39.64859001576257], [-105.87681817647504, 39.64858992778295], [-105.87681806266569, 39.64858091849017], [-105.87679475419964, 39.64858109444819], [-105.87679452658715, 39.64856307586249], [-105.87678287235707, 39.64856316383968], [-105.87678275855242, 39.64855415454679], [-105.87677110432381, 39.64855424252279], [-105.87677121812695, 39.64856325181572], [-105.87675956389677, 39.648563339790584], [-105.87675967769846, 39.64857234908353], [-105.87673636923493, 39.648572525029806], [-105.87673625543627, 39.648563515736804], [-105.87672460120594, 39.648563603708155], [-105.87672414601785, 39.6485275665359], [-105.87673580024214, 39.64852747856466], [-105.87673568644374, 39.64851846927159], [-105.87672403222096, 39.64851855724281], [-105.8767236908306, 39.64849152936342], [-105.87671203661232, 39.648491617333384], [-105.87671180902201, 39.64847359874701], [-105.8767001548067, 39.64847368671574], [-105.87669935825285, 39.64841062166276], [-105.87667604984324, 39.64841079759635], [-105.87667593605306, 39.64840178830295], [-105.87668759025638, 39.64840170033677], [-105.87668747646474, 39.648392691043384], [-105.8766991306665, 39.64839260307607], [-105.87669901687339, 39.648383593782704], [-105.8767223252737, 39.64838341784462], [-105.87672221147763, 39.64837440855129], [-105.8767571740732, 39.64837414463548], [-105.87675706027264, 39.648365135342225], [-105.8767803686664, 39.648364959392566], [-105.87678025486287, 39.648355950099344], [-105.87679190905816, 39.648355862122784], [-105.8767920228632, 39.64836487141597], [-105.8768386396499, 39.648364519497946], [-105.87683898108351, 39.64839154737708], [-105.87682732688238, 39.64839163535843], [-105.87682744069215, 39.648400644651474], [-105.8768507490974, 39.64840046868756], [-105.87685120434915, 39.64843650585939], [-105.87686285855774, 39.64843641787556], [-105.87686297237234, 39.64844542716844], [-105.8768862807924, 39.64844525119723], [-105.87688639461005, 39.64845426049005], [-105.87689804882152, 39.64845417250267], [-105.87689816264073, 39.64846318179544], [-105.87690981685365, 39.64846309380686], [-105.87690993067444, 39.64847210309961], [-105.87692158488883, 39.64847201510982], [-105.87692169871117, 39.648481024402514], [-105.87694500714282, 39.64848084841939], [-105.87694512096824, 39.648489857712], [-105.8769567751855, 39.64848976971865], [-105.87695723049374, 39.6485258068889], [-105.876968884717, 39.64852571889427], [-105.87696922620326, 39.64855274677173], [-105.87695757197547, 39.64855283476643], [-105.87695768580281, 39.64856184405892], [-105.87700430271973, 39.64856149207294], [-105.87700453038666, 39.64857951065764], [-105.87699287615447, 39.64857959865596], [-105.87699298998652, 39.648588607948305], [-105.87696968151899, 39.648588783941456], [-105.87696945386102, 39.64857076535662], [-105.87693449116841, 39.64857102933741], [-105.87693506029102, 39.64861607579982], [-105.87692340605248, 39.64861616379122], [-105.87692363369887, 39.64863418237613], [-105.87691197945725, 39.648634270366415], [-105.876912093279, 39.648643279658884], [-105.8769354017652, 39.64864310367708], [-105.8769351741157, 39.64862508509225], [-105.87695848259564, 39.64862490910589], [-105.87695859642339, 39.648633918398254], [-105.87697025066478, 39.648633830403305], [-105.87697013683552, 39.64862482111095], [-105.87698179107537, 39.64862473311486], [-105.87698190490615, 39.64863374240716], [-105.87699355914744, 39.64863365440986], [-105.87699367297978, 39.648642663702134], [-105.87698201873697, 39.64864275169945], [-105.87698213256783, 39.64865176099175], [-105.87693551559002, 39.64865211296947], [-105.87693562941492, 39.648661122261856], [-105.87692397516882, 39.6486612102534], [-105.87692408899223, 39.648670219545785], [-105.87691243474457, 39.648670307536186], [-105.87691266238853, 39.64868832612099], [-105.8769010081378, 39.648688414110275], [-105.87690112195835, 39.64869742340268], [-105.87687781345372, 39.6486975993778], [-105.87687815490659, 39.6487246272551], [-105.87688980916347, 39.64872453926804], [-105.87688969534427, 39.648715529975654], [-105.8769013495996, 39.64871544198745], [-105.87690123577894, 39.648706432695064], [-105.87691289003271, 39.64870634470573], [-105.8769127762106, 39.64869733541336], [-105.8769244304628, 39.64869724742289], [-105.87692465811008, 39.64871526600754], [-105.87691300385487, 39.64871535399808], [-105.87691311767709, 39.64872436329042], [-105.87690146342031, 39.64872445127981], [-105.87690157724106, 39.64873346057217], [-105.87688992298271, 39.6487335485604], [-105.87689037826019, 39.648769585729795], [-105.87687872399574, 39.648769673716984], [-105.87687883781372, 39.64877868300932], [-105.8768671835477, 39.64877877099538], [-105.87686752499744, 39.64880579887238], [-105.87690248780892, 39.648805534910444], [-105.8769027154514, 39.64882355349488], [-105.87687940690441, 39.648823729470784], [-105.87687997599637, 39.64886877593188], [-105.87693824740126, 39.64886833598266], [-105.8769381335752, 39.64885932669061], [-105.87696144213378, 39.648859150702805], [-105.87696132830476, 39.64885014141078], [-105.87697298258244, 39.64885005341515], [-105.87697286875195, 39.64884104412315], [-105.8769845230281, 39.64884095612639], [-105.87698418153238, 39.64881392825039], [-105.87700749007543, 39.648813752253496], [-105.8770073762406, 39.64880474296153], [-105.87701903051054, 39.64880465496136], [-105.87701891667425, 39.64879564566941], [-105.87703057094262, 39.64879555766809], [-105.87703045710488, 39.64878654837616], [-105.8770421113717, 39.6487864603737], [-105.87704199753247, 39.64877745108178], [-105.87705365179772, 39.64877736307818], [-105.87705353795705, 39.64876835378626], [-105.87707684648436, 39.64876817777563], [-105.87707696032805, 39.64877718706748], [-105.87708861459313, 39.64877709906038], [-105.8770887284384, 39.6487861083522], [-105.87711203697144, 39.648785932334434], [-105.87711215081977, 39.64879494162617], [-105.87712380508773, 39.64879485361551], [-105.87712369123788, 39.6487858443238], [-105.87713534550429, 39.648785756311995], [-105.87713557320704, 39.648803774895356], [-105.87711226466816, 39.64880395091791], [-105.87711237851659, 39.64881296020963], [-105.87710072424555, 39.64881304821918], [-105.87710095193954, 39.64883106680263], [-105.87706598911706, 39.648831330824436], [-105.8770661029596, 39.64884034011623], [-105.87705444868382, 39.64884042812119], [-105.87705456252489, 39.648849437412984], [-105.87701959969273, 39.64884970142092], [-105.87701971352931, 39.648858710712794], [-105.87699640497125, 39.648858886712304], [-105.87699651880487, 39.64886789600422], [-105.87698486452425, 39.64886798400224], [-105.8769849783564, 39.64887699329418], [-105.87697332407423, 39.64887708129106], [-105.87697343790492, 39.64888609058299], [-105.87696178362117, 39.64888617857874], [-105.87696189745041, 39.6488951878707], [-105.87693858887974, 39.64889536385873], [-105.87693847505352, 39.64888635456672], [-105.87690351220168, 39.648886618539926], [-105.87690362602335, 39.64889562783202], [-105.87689197173778, 39.64889571582079], [-105.87689231319857, 39.648922743697064], [-105.87685735032795, 39.64892300765657], [-105.87685700888078, 39.64889597978004], [-105.87683370030919, 39.64889615574703], [-105.87683358649659, 39.64888714645477], [-105.87685689506515, 39.64888697048783], [-105.87685666743405, 39.64886895190339], [-105.87686832171524, 39.64886886391822], [-105.87686809408133, 39.64885084533376], [-105.87684478552495, 39.648851021302825], [-105.87684467171111, 39.64884201201052], [-105.87683301743435, 39.64884209999327], [-105.87683290362206, 39.64883309070091], [-105.87682124934678, 39.64883317868246], [-105.87682136315756, 39.648842187974836], [-105.8768097088807, 39.64884227595524], [-105.87680982269002, 39.64885128524763], [-105.87679816841161, 39.648851373226904], [-105.87679828221945, 39.648860382519295], [-105.87678662793948, 39.648860470497425], [-105.87678674174589, 39.64886947978983], [-105.87677508746435, 39.648869567766816], [-105.87677520126928, 39.64887857705926], [-105.87679850983534, 39.64887840110406], [-105.87679885125952, 39.64890542898109], [-105.87682215983445, 39.648905253021056], [-105.87682227364563, 39.64891426231331], [-105.87683392793454, 39.64891417433151], [-105.87683415556009, 39.64893219291593], [-105.87682250126818, 39.648932280897796], [-105.87682261507952, 39.64894129019001], [-105.87679930649249, 39.648941466150276], [-105.87679953410928, 39.64895948473478], [-105.87678787981267, 39.64895957271321], [-105.87678810742665, 39.648977591297715], [-105.87677645312695, 39.64897767927503], [-105.8767765669325, 39.64898668856728], [-105.87676491263126, 39.64898677654346], [-105.87676502643535, 39.64899578583573], [-105.87675337213253, 39.64899587381077], [-105.87675348593514, 39.649004883103046], [-105.87676514023948, 39.649004795127986], [-105.87676525404368, 39.64901380442023], [-105.87675359973784, 39.649013892395324], [-105.87675371354057, 39.64902290168757], [-105.87676536784791, 39.64902281371245], [-105.87676548165221, 39.64903182300468], [-105.87675382734334, 39.64903191097982], [-105.87675405494905, 39.64904992956426], [-105.87674240063711, 39.6490500175383], [-105.87674251443853, 39.649059026830535], [-105.87671920581148, 39.649059202775156], [-105.87671943340843, 39.64907722135966], [-105.876731087725, 39.649077133387884], [-105.87673120152508, 39.6490861426801], [-105.87675451016109, 39.64908596673297], [-105.87675462396425, 39.64909497602512], [-105.87677793260308, 39.64909480007326], [-105.87677804640929, 39.64910380936534], [-105.87685962665424, 39.649103193496806], [-105.87685951283744, 39.64909418420493], [-105.87691778443187, 39.649093744263915], [-105.8769181259051, 39.64912077213908], [-105.8769414345516, 39.64912059615431], [-105.87694132072411, 39.64911158686267], [-105.87701124665328, 39.649111058880486], [-105.87701113281676, 39.64910204958898], [-105.87703444145639, 39.64910187358563], [-105.87703432761691, 39.649092864294175], [-105.87708094488949, 39.64909251227355], [-105.87708105873502, 39.649101521564894], [-105.87709271305454, 39.64910143355679], [-105.87709282690165, 39.649110442848084], [-105.87711613554357, 39.64911026682831], [-105.87711624939374, 39.64911927611954], [-105.8771395580385, 39.64911910009503], [-105.87713967189174, 39.64912810938618], [-105.87715132621555, 39.64912802137214], [-105.87715144007036, 39.64913703066327], [-105.87716309439564, 39.64913694264803], [-105.87716320825201, 39.64914595193911], [-105.87713989959839, 39.649146127968464], [-105.8771400134518, 39.64915513725958], [-105.8771283591234, 39.64915522527253], [-105.8771282452715, 39.64914621598139], [-105.87704666498186, 39.64914683203912], [-105.87704677882319, 39.64915584133047], [-105.87702347016551, 39.6491560173365], [-105.87702369784222, 39.64917403591926], [-105.87698873484626, 39.64917429991969], [-105.8769889625141, 39.64919231850257], [-105.87700061684916, 39.64919223050354], [-105.8770005030137, 39.649183221212134], [-105.87702381168064, 39.64918304521061], [-105.87702392551914, 39.64919205450196], [-105.87703557985405, 39.649191966499416], [-105.87703546601405, 39.6491829572081], [-105.87707042901393, 39.649182693193545], [-105.87707054285846, 39.64919170248477], [-105.87709385152782, 39.64919152646917], [-105.87709373768026, 39.649182517177984], [-105.87718697234354, 39.64918181306901], [-105.87718651690543, 39.649145775905076], [-105.87719817123205, 39.64914568788631], [-105.87719737420674, 39.64908262284904], [-105.87720902852274, 39.6490825348293], [-105.87720834535111, 39.649028479082695], [-105.87721999965798, 39.64902839106196], [-105.8772195442052, 39.64899235389738], [-105.87725450710735, 39.64899208982846], [-105.8772542793722, 39.64897407124625], [-105.87724262507457, 39.648974159270345], [-105.87724251120856, 39.64896514997918], [-105.87725416550471, 39.648965061955124], [-105.87725393776985, 39.64894704337284], [-105.87724228347675, 39.64894713139683], [-105.87724216961092, 39.64893812210564], [-105.87727713248553, 39.64893785803021], [-105.87727679087473, 39.6489108301568], [-105.87728844516164, 39.6489107421294], [-105.87728821741833, 39.6488927235471], [-105.87727656313444, 39.64889281157444], [-105.87727622152441, 39.648865783700806], [-105.87726456724502, 39.6488658717269], [-105.87726411177172, 39.648829834561745], [-105.87725245749833, 39.64882992258655], [-105.87725234363165, 39.6488209132952], [-105.87722903508772, 39.64882108934124], [-105.87722892122413, 39.648812080049815], [-105.8772405754946, 39.64881199202741], [-105.87724023389956, 39.64878496415313], [-105.87722857963361, 39.648785052175455], [-105.87722835190687, 39.648767033592485], [-105.87721669764389, 39.64876712161358], [-105.87721601447394, 39.648713065864136], [-105.87720436021999, 39.64871315388391], [-105.87720344934169, 39.6486410795503], [-105.87721510358352, 39.64864099153076], [-105.87721396497511, 39.64855089861274], [-105.87722561920178, 39.64855081059231], [-105.87722550533972, 39.64854180130046], [-105.87720219688936, 39.6485419773401], [-105.8772023107484, 39.64855098663201], [-105.87717900229481, 39.648551162667026], [-105.87717888843878, 39.64854215337506], [-105.87716723421343, 39.648542241390786], [-105.87716734806793, 39.64855125068278], [-105.877155693841, 39.64855133869737], [-105.87715580769407, 39.648560347989374], [-105.87714415346558, 39.64856043600281], [-105.87714426731716, 39.64856944529483], [-105.8771326130871, 39.648569533307146], [-105.87713272693723, 39.64857854259917], [-105.87710941847395, 39.64857871862032], [-105.87710953232111, 39.64858772791241], [-105.87709787808788, 39.648587815921246], [-105.87709799193357, 39.64859682521334], [-105.87708633769878, 39.648596913221056], [-105.87708611001047, 39.6485788946368], [-105.87709776424224, 39.648578806629146], [-105.87709765039665, 39.648569797337025], [-105.87710930462684, 39.648569709328235], [-105.87710919077979, 39.64856070003613], [-105.87712084500845, 39.648560612026195], [-105.87712061731148, 39.64854259344201], [-105.87713227153704, 39.64854250543095], [-105.8771321576871, 39.64853349613885], [-105.87714381191111, 39.64853340812667], [-105.8771435842084, 39.6485153895425], [-105.87715523842931, 39.6485153015292], [-105.87715501072378, 39.64849728294502], [-105.87716666494164, 39.64849719493061], [-105.87716632337917, 39.64847016705432], [-105.87715466916586, 39.64847025506865], [-105.87715478301845, 39.6484792643608], [-105.87714312880358, 39.648479352374], [-105.8771432426547, 39.64848836166614], [-105.87713158843826, 39.64848844967818], [-105.87713170228793, 39.64849745897035], [-105.87712004806993, 39.64849754698127], [-105.87712016191814, 39.64850655627343], [-105.87710850769857, 39.64850664428321], [-105.87710862154532, 39.6485156535754], [-105.87707365888176, 39.64851591759777], [-105.87707354503955, 39.6485069083055], [-105.87708519925927, 39.64850682029923], [-105.8770850854156, 39.64849781100698], [-105.87709673963377, 39.64849772299957], [-105.87709662578864, 39.64848871370733], [-105.87710828000523, 39.64848862569879], [-105.8771080523121, 39.648470607114305], [-105.87711970652562, 39.64847051910465], [-105.87711959267762, 39.648461509812414], [-105.87713124688958, 39.64846142180161], [-105.87713113304011, 39.64845241250941], [-105.8771427872505, 39.64845232449746], [-105.8771425595487, 39.648434305913035], [-105.87715421375601, 39.64843421789998], [-105.87715409990369, 39.64842520860778], [-105.87716575410944, 39.64842512059358], [-105.87716564025564, 39.64841611130139], [-105.87717729445984, 39.64841602328605], [-105.87717706674937, 39.64839800470168], [-105.8771887209505, 39.64839791668524], [-105.87718815166768, 39.64835287022421], [-105.87721146005464, 39.648352694188084], [-105.87721123233581, 39.64833467560367], [-105.87722288652618, 39.64833458758391], [-105.87722277266533, 39.64832557829172], [-105.87723442685416, 39.64832549027082], [-105.8772341991296, 39.64830747168643], [-105.87724585331533, 39.648307383664424], [-105.87724573945162, 39.648298374372246], [-105.87726904781991, 39.64829819832476], [-105.87726859235346, 39.64826216115612], [-105.8772802465315, 39.64826207313074], [-105.87728013266349, 39.64825306383857], [-105.87725682431044, 39.648253239888106], [-105.87725614112168, 39.64819918413445], [-105.87724448695414, 39.64819927215729], [-105.87724437309103, 39.64819026286494], [-105.87725602725706, 39.64819017484213], [-105.87725568566353, 39.64816314696506], [-105.87724403150204, 39.64816323498779], [-105.8772438037763, 39.64814521640296], [-105.8772204954592, 39.64814539244481], [-105.87722015388006, 39.64811836456729], [-105.87724346218808, 39.6481181885256], [-105.87724323446284, 39.64810016994062], [-105.87720827200982, 39.64810043400122], [-105.87720838586786, 39.64810944329381], [-105.87719673171526, 39.64810953131168], [-105.87719684557183, 39.64811854060428], [-105.87720849972597, 39.64811845258636], [-105.87720872744234, 39.648136471171455], [-105.87719707328517, 39.64813655918944], [-105.87719718714192, 39.648145568481986], [-105.8771855329832, 39.64814565649881], [-105.87718564683848, 39.64815466579138], [-105.87716233851786, 39.6481548418216], [-105.87716256622254, 39.648172860406795], [-105.87712760373215, 39.64817312444351], [-105.87712794527593, 39.64820015232146], [-105.87713959944398, 39.6482000643103], [-105.8771401686922, 39.648245110773125], [-105.87715182286776, 39.64824502276066], [-105.87715193671907, 39.64825403205315], [-105.877140282542, 39.64825412006564], [-105.87714051024174, 39.64827213865063], [-105.8771288560616, 39.648272226662016], [-105.87712919760708, 39.64829925453949], [-105.87714085179176, 39.64829916652803], [-105.87714119334223, 39.648326194405286], [-105.877129539153, 39.64832628241684], [-105.87712965300176, 39.648335291709245], [-105.87711799881096, 39.648335379719654], [-105.87711788496374, 39.64832637042721], [-105.8771062307744, 39.64832645843642], [-105.87710611692874, 39.648317449143924], [-105.87709446274087, 39.64831753715195], [-105.87709423505271, 39.648299518566866], [-105.87705927249789, 39.64829978258372], [-105.87705938633741, 39.64830879187634], [-105.87704773215086, 39.648308879879664], [-105.87704750447489, 39.64829086129433], [-105.8770358502913, 39.6482909492964], [-105.87703573645491, 39.64828194000369], [-105.8770240822728, 39.64828202800458], [-105.87702385460318, 39.64826400941906], [-105.87701220042403, 39.64826409741871], [-105.87701208659082, 39.6482550881259], [-105.87700043241314, 39.64825517612436], [-105.87700054624484, 39.648264185417204], [-105.87693062116858, 39.648264713383604], [-105.87693005205594, 39.6482196669184], [-105.87691839788394, 39.648219754908574], [-105.87691851170486, 39.64822876420166], [-105.87688354918402, 39.64822902816524], [-105.87688366300044, 39.648238037458405], [-105.87686035464995, 39.64823821342832], [-105.8768604684634, 39.64824722272154], [-105.87682550593273, 39.64824748666774], [-105.87682539212382, 39.64823847737445], [-105.8768020837728, 39.64823865333268], [-105.87680196996696, 39.64822964403932], [-105.87681362414098, 39.648229556060805], [-105.87681351033368, 39.64822054676746], [-105.87682516450613, 39.64822045878783], [-105.87682493688865, 39.64820244020115], [-105.87680162854974, 39.64820261615915], [-105.8768015147441, 39.64819360686574], [-105.87678986057608, 39.64819369484297], [-105.876789746772, 39.6481846855495], [-105.87676643843884, 39.64818486150038], [-105.87676632463784, 39.64817585220685], [-105.87675467047269, 39.648175940180515], [-105.87675455667326, 39.64816693088694], [-105.87673124834582, 39.6481671068307], [-105.87673113454946, 39.648158097537056], [-105.87668451790003, 39.648158449410424], [-105.87668440410977, 39.64814944011666], [-105.87666109578778, 39.648149616046275], [-105.87666120957502, 39.6481586253401], [-105.8766379012498, 39.64815880126509], [-105.87663721854528, 39.6481047455016], [-105.87662556439169, 39.64810483346217], [-105.87662545060928, 39.648095824168195], [-105.87659048815267, 39.64809608804281], [-105.87659037437487, 39.64808707874872], [-105.87657872022407, 39.64808716670456], [-105.87657849267163, 39.64806914811628], [-105.87656683852381, 39.648069236070896], [-105.8765667247492, 39.64806022677672], [-105.87657837889549, 39.64806013882212], [-105.87657815134337, 39.648042120233754], [-105.87656649720009, 39.648042208188286], [-105.87656638342561, 39.64803319889405], [-105.87655472928378, 39.64803328684739], [-105.87655495682976, 39.6480513054359], [-105.87654330268487, 39.648051393388116], [-105.87654341645641, 39.648060402682376], [-105.87650845401687, 39.64806066653213], [-105.87650811271598, 39.64803363864904], [-105.87651976685801, 39.64803355070038], [-105.87651965308963, 39.64802454140603], [-105.87655461551088, 39.648024277553105], [-105.87655450173803, 39.64801526825882], [-105.87657781001556, 39.64801509235109], [-105.87657792379146, 39.64802410164532], [-105.87658957793165, 39.64802401368967], [-105.87658946415428, 39.648015004395475], [-105.87662442657006, 39.648014740521596], [-105.87662431278818, 39.648005731227464], [-105.87661265865115, 39.64800581918655], [-105.87661254487082, 39.647996809892376], [-105.87660089073526, 39.647996897850284], [-105.87660077695651, 39.64798788855607], [-105.87656581455401, 39.64798815242266], [-105.87656570077985, 39.647979143128346], [-105.87658900904519, 39.64797896721851], [-105.87658889526807, 39.647969957924225], [-105.8765539328745, 39.64797022178716], [-105.87655381910194, 39.647961212492774], [-105.87653051084233, 39.647961388395494], [-105.87653085215106, 39.64798841627876], [-105.87651919801665, 39.64798850422844], [-105.87651931178482, 39.64799751352286], [-105.87650765764884, 39.6479976014714], [-105.87650777141555, 39.64800661076584], [-105.87648446314041, 39.64800678665948], [-105.87648434937672, 39.647997777365], [-105.8764610411044, 39.64799795325392], [-105.87646069982274, 39.6479709253702], [-105.87643739155928, 39.64797110125428], [-105.87643716404448, 39.64795308266494], [-105.87641385578686, 39.64795325854422], [-105.87641374203257, 39.647944249249484], [-105.8764020879052, 39.64794433718735], [-105.87640186039977, 39.64792631859776], [-105.87639020627537, 39.647926406534395], [-105.87639032002654, 39.64793541582922], [-105.87636701177458, 39.647935591699046], [-105.87636689802643, 39.64792658240416], [-105.87634358977729, 39.64792675826925], [-105.87634347603222, 39.647917748974294], [-105.8763551301553, 39.64791766104236], [-105.87635490266227, 39.64789964245247], [-105.87636655678227, 39.647899554519434], [-105.87636644303433, 39.6478905452245], [-105.87637809715278, 39.64789045729031], [-105.87637775590471, 39.64786342940549], [-105.87638941001856, 39.64786334147022], [-105.8763892962678, 39.647854332175285], [-105.87645922094082, 39.64785380453929], [-105.8764588796616, 39.647826776654895], [-105.87648218787646, 39.64782660076704], [-105.87648230163916, 39.64783561006179], [-105.87649395574802, 39.6478355221161], [-105.8764940695123, 39.647844531410804], [-105.87650572362263, 39.6478444434639], [-105.87650583738848, 39.64785345275857], [-105.87651749150025, 39.64785336481047], [-105.87651726396561, 39.647835346221164], [-105.87650560985685, 39.64783543416921], [-105.8765054960911, 39.64782642487451], [-105.8764938419838, 39.64782651282136], [-105.87649372821963, 39.64781750352661], [-105.8764820741138, 39.64781759147227], [-105.87648196035119, 39.64780858217749], [-105.8764703062468, 39.64780867012194], [-105.87647042000789, 39.64781767941674], [-105.87645876590196, 39.64781776736007], [-105.87645865214238, 39.647808758065224], [-105.87644699803789, 39.647808846007344], [-105.87644688427987, 39.64779983671245], [-105.87643523017685, 39.64779992465337], [-105.87643488890762, 39.64777289676855], [-105.87642323480908, 39.64777298470821], [-105.8764231210543, 39.64776397541322], [-105.87638815876294, 39.64776423922511], [-105.87638804501272, 39.64775522993002], [-105.87641135320399, 39.647755054056645], [-105.87641123945082, 39.6477460447616], [-105.87637627716838, 39.647746308569815], [-105.876376390917, 39.647755317864956], [-105.87635308272543, 39.64775549373132], [-105.8763529689798, 39.64774648443612], [-105.87632966079104, 39.64774666029775], [-105.8763295470485, 39.64773765100248], [-105.87631789295556, 39.64773773893151], [-105.87631777921457, 39.647728729636206], [-105.87629447103156, 39.64772890549071], [-105.87629435729365, 39.64771989619533], [-105.87628270320357, 39.6477199841208], [-105.87628247573095, 39.64770196552994], [-105.87627082164384, 39.64770205345418], [-105.87627059417444, 39.647684034863225], [-105.87628224825852, 39.64768394693904], [-105.87628213452238, 39.647674937643565], [-105.8762937886049, 39.647674849718236], [-105.8762936748673, 39.64766584042276], [-105.87628202078629, 39.64766592834806], [-105.87628190705026, 39.64765691905256], [-105.87622363665206, 39.6476573586614], [-105.87622352292362, 39.64764834936573], [-105.87621186884533, 39.64764843728397], [-105.87621175511849, 39.64763942798827], [-105.87620010104166, 39.647639515905304], [-105.87619998731637, 39.64763050660956], [-105.87621164139168, 39.64763041869255], [-105.87621152766492, 39.64762140939682], [-105.87623483581237, 39.64762123355936], [-105.87623472208264, 39.64761222426367], [-105.87624637615477, 39.64761213634321], [-105.87624626242358, 39.647603127047546], [-105.87625791649414, 39.64760303912595], [-105.87625780276149, 39.64759402983028], [-105.8762694568305, 39.647593941907544], [-105.87626922936232, 39.64757592331624], [-105.87625757529634, 39.64757601123891], [-105.87625746156384, 39.64756700194321], [-105.87624580749932, 39.6475670898647], [-105.87624569376838, 39.64755808056895], [-105.87625734783138, 39.64755799264749], [-105.87625723409899, 39.64754898335176], [-105.87628054222183, 39.647548807505395], [-105.87628065595726, 39.64755781680107], [-105.87629231002012, 39.6475577288761], [-105.87629242375709, 39.64756673817173], [-105.87632738594989, 39.64756647438974], [-105.87632715846689, 39.64754845579863], [-105.87631550440571, 39.64754854372707], [-105.87631539066581, 39.647539534431466], [-105.87630373660608, 39.647539622358714], [-105.87630362286774, 39.64753061306307], [-105.87631527692595, 39.64753052513584], [-105.87631504944639, 39.64751250654456], [-105.87629174133596, 39.64751268239772], [-105.87629128638956, 39.64747664521475], [-105.87627963234031, 39.64747673313947], [-105.87627951860534, 39.64746772384366], [-105.87630282670077, 39.647467547993124], [-105.87630271296283, 39.647458538697364], [-105.87629105891665, 39.647458626623184], [-105.87629071770769, 39.64743159873573], [-105.87630237174932, 39.64743151080998], [-105.87630225801159, 39.647422501514164], [-105.87629060397147, 39.647422589439884], [-105.87629014902711, 39.64738655225634], [-105.87627849499299, 39.64738664018078], [-105.87627815378978, 39.64735961229289], [-105.87623153767092, 39.647359963978595], [-105.87623142394268, 39.6473509546825], [-105.87621976991434, 39.647351042600974], [-105.87621988364108, 39.6473600518971], [-105.87620822961118, 39.64736013981444], [-105.87620811588596, 39.64735113051828], [-105.87619646185753, 39.64735121843442], [-105.87619634813387, 39.64734220913822], [-105.8761846941069, 39.647342297053164], [-105.8761845803848, 39.64733328775692], [-105.87617292635929, 39.64733337567067], [-105.87617258519784, 39.647306347781765], [-105.87616093117681, 39.647306435694254], [-105.87616059002036, 39.64727940780515], [-105.87617224403684, 39.64727931989274], [-105.87617201659644, 39.647261301299984], [-105.87618367060985, 39.647261213386464], [-105.87618344316664, 39.6472431947937], [-105.87619509717697, 39.64724310687907], [-105.87619486973092, 39.64722508828632], [-105.87620652373819, 39.64722500037056], [-105.87620629628933, 39.647206981777806], [-105.87621795029351, 39.64720689386094], [-105.87621772284183, 39.64718887526819], [-105.87622937684294, 39.64718878735021], [-105.87622914938845, 39.647170768757455], [-105.87624080338648, 39.647170680838364], [-105.87624057592915, 39.64715266224561], [-105.87625222992412, 39.647152574325396], [-105.87625200246399, 39.647134555732634], [-105.87626365645586, 39.64713446781132], [-105.8762634289929, 39.64711644921856], [-105.8762750829817, 39.64711636129613], [-105.87627485551593, 39.64709834270335], [-105.87628650950167, 39.64709825477982], [-105.87628639576734, 39.647089245483436], [-105.87629804975151, 39.64708915755875], [-105.87629782228, 39.64707113896601], [-105.87630947626108, 39.647071051040214], [-105.87630958999834, 39.64708006033658], [-105.8763212439809, 39.64707997240957], [-105.87632215389281, 39.647152046779645], [-105.87633380788742, 39.64715195885125], [-105.87633403536896, 39.647169977443575], [-105.87634568936653, 39.64716988951396], [-105.87634614433622, 39.64720592669832], [-105.8763344903326, 39.64720601462803], [-105.87633505903831, 39.64725106110829], [-105.87632340502707, 39.64725114903698], [-105.87632351876685, 39.64726015833301], [-105.8763351727796, 39.6472600704043], [-105.87633540026233, 39.64727808899627], [-105.87634705427807, 39.647278001066326], [-105.8763473955071, 39.6473050289541], [-105.87635904952731, 39.6473049410229], [-105.87635916327194, 39.64731395031877], [-105.87637081729362, 39.647313862386376], [-105.8763709310398, 39.6473228716822], [-105.87638258506293, 39.647322783748606], [-105.87638281255849, 39.647340802340146], [-105.8763944665846, 39.64734071440533], [-105.87639458033397, 39.647349723701055], [-105.87640623436153, 39.647349635765046], [-105.87640634811245, 39.64735864506073], [-105.87641800214148, 39.64735855712352], [-105.87641811589398, 39.64736756641916], [-105.87637149977152, 39.647367918161095], [-105.87637161351802, 39.64737692745683], [-105.87633665142108, 39.647377191251095], [-105.87633653767914, 39.64736818195528], [-105.87632488364824, 39.64736826988433], [-105.8763246561675, 39.647350251292586], [-105.87631300213958, 39.647350339220424], [-105.87631288840079, 39.6473413299245], [-105.87630123437434, 39.64734141785113], [-105.87630112063711, 39.64733240855518], [-105.8762894666121, 39.64733249648061], [-105.87628992155526, 39.64736853366448], [-105.87630157558628, 39.64736844573894], [-105.87630168932371, 39.64737745503484], [-105.87632499738869, 39.64737727918019], [-105.87632511112918, 39.64738628847602], [-105.87634841919697, 39.64738611261664], [-105.87634853294055, 39.64739512191239], [-105.87636018697587, 39.64739503398092], [-105.87636030072102, 39.647404043276644], [-105.8763719547578, 39.647403955343975], [-105.87637218225126, 39.64742197393532], [-105.87638383629103, 39.647421886001425], [-105.87638406378771, 39.64743990459266], [-105.87639571783043, 39.64743981665753], [-105.87639583158037, 39.6474488259531], [-105.87641913966873, 39.64744865007928], [-105.87641925342173, 39.64745765937478], [-105.87643090746734, 39.64745757143611], [-105.87643113497651, 39.64747559002699], [-105.8764427890251, 39.64747550208709], [-105.87644290278128, 39.647484511382494], [-105.87645455683132, 39.64748442344137], [-105.87645467058907, 39.64749343273673], [-105.87646632464057, 39.64749334479442], [-105.87646655215924, 39.64751136338504], [-105.87645489810471, 39.6475114513274], [-105.87645501186262, 39.64752046062271], [-105.87646666591866, 39.647520372680326], [-105.87646689343764, 39.64753839127085], [-105.87647854749665, 39.64753830332723], [-105.87647888878003, 39.64756533121284], [-105.87649054284353, 39.64756524326797], [-105.87649077036906, 39.64758326185824], [-105.87650242443553, 39.64758317391215], [-105.87650276572876, 39.64761020179738], [-105.87651441979972, 39.64761011385003], [-105.87651453356574, 39.64761912314504], [-105.87652618763815, 39.647619035196506], [-105.87652630140575, 39.647628044491476], [-105.87653795547962, 39.647627956541726], [-105.87653806924877, 39.64763696583667], [-105.8765497233241, 39.64763687788573], [-105.87654983709483, 39.647645887180616], [-105.87656149117163, 39.64764579922848], [-105.8765616049439, 39.64765480852333], [-105.87658491310037, 39.6476546326155], [-105.87658514065113, 39.64767265120504], [-105.87657348656988, 39.647672739159596], [-105.87657360034383, 39.64768174845438], [-105.87658525442657, 39.6476816604998], [-105.87658536820207, 39.647690669794535], [-105.87659702228629, 39.64769058183875], [-105.87659724984049, 39.64770860042812], [-105.87660890392766, 39.647708512471105], [-105.8766093590427, 39.647744549649566], [-105.87662101313587, 39.64774446169128], [-105.87662124069672, 39.64776248028037], [-105.87663289479288, 39.64776239232086], [-105.87663300857488, 39.64777140161536], [-105.8766446626725, 39.647771313654644], [-105.87664477645608, 39.64778032294909], [-105.87665643055514, 39.647780234987195], [-105.87665654434029, 39.64778924428159], [-105.87666819844083, 39.647789156318495], [-105.87666842601428, 39.647807174907214], [-105.87668008011778, 39.64780708694288], [-105.87668042148289, 39.64783411482577], [-105.87669207559088, 39.64783402686019], [-105.87669218938088, 39.647843036154434], [-105.87670384349032, 39.64784294818765], [-105.87670395728186, 39.64785195748185], [-105.87675057372523, 39.64785160560292], [-105.87675068752287, 39.647860614897], [-105.87677399574727, 39.647860438950474], [-105.876774109548, 39.647869448244464], [-105.87673914720679, 39.647869712162596], [-105.87673926100302, 39.647878721456664], [-105.87672760688767, 39.64787880942706], [-105.87672783447728, 39.64789682801522], [-105.87673948859565, 39.64789674004477], [-105.87673960239204, 39.6479057493388], [-105.8767745647514, 39.64790548542033], [-105.87677467855237, 39.647914494714264], [-105.87678633267357, 39.64791440673908], [-105.87678621887108, 39.647905397445186], [-105.8768561435881, 39.64790486956968], [-105.87685602977659, 39.64789586027592], [-105.8768676838944, 39.647895772292614], [-105.87686734245564, 39.64786874441136], [-105.87685568834236, 39.647868832394586], [-105.87685523309744, 39.64783279521929], [-105.87682027077545, 39.64783305916163], [-105.87681992935592, 39.64780603127975], [-105.87683158345875, 39.64780594330022], [-105.87683146965084, 39.64779693400625], [-105.87684312375211, 39.64779684602558], [-105.8768428961334, 39.647778827437676], [-105.8768545502316, 39.647778739455894], [-105.87685432261007, 39.64776072086798], [-105.87684266851488, 39.647760808849696], [-105.87684278232412, 39.6477698181437], [-105.87683112822737, 39.647769906124275], [-105.87683124203514, 39.647778915418286], [-105.87681958793682, 39.64777900339774], [-105.87681970174314, 39.64778801269174], [-105.87679639354334, 39.64778818864718], [-105.87679627974006, 39.64777917935311], [-105.8767846256416, 39.64777926732905], [-105.87678451183989, 39.64777025803493], [-105.87677285774288, 39.64777034600968], [-105.87677263014261, 39.64775232742134], [-105.87678428423659, 39.64775223944665], [-105.87678371522925, 39.647707192975716], [-105.87677206114284, 39.64770728095026], [-105.8767721749427, 39.6477162902445], [-105.87676052085472, 39.6477163782179], [-105.87676029325809, 39.647698359629345], [-105.87677194734304, 39.647698271656], [-105.87677183354329, 39.64768926236173], [-105.87676017945985, 39.64768935033506], [-105.87676006566167, 39.647680341040726], [-105.87677171974359, 39.64768025306744], [-105.8767712645453, 39.64764421589014], [-105.87675961046943, 39.647644303863316], [-105.87675983806545, 39.64766232245205], [-105.87673652990748, 39.647662498395015], [-105.87673630231751, 39.64764447980617], [-105.8767479563935, 39.64764439183533], [-105.87674784259708, 39.647635382540926], [-105.8767361885226, 39.64763547051174], [-105.87673596093295, 39.6476174519228], [-105.87668934464665, 39.647617803794134], [-105.87668911706929, 39.647599785204925], [-105.87666580893188, 39.647599961133466], [-105.87666558136078, 39.647581942544086], [-105.87664227322921, 39.64758211846784], [-105.87664238701173, 39.647591127762595], [-105.87663073294435, 39.64759121572274], [-105.87663084672539, 39.64760022501752], [-105.87660753858746, 39.64760040093436], [-105.8766070834757, 39.64756436375498], [-105.87661873753864, 39.64756427579726], [-105.87661862375931, 39.647555266502415], [-105.87664193188202, 39.647555090583495], [-105.87664170431746, 39.64753707199386], [-105.87663005025918, 39.647537159953856], [-105.87662993647848, 39.647528150658985], [-105.87664159053527, 39.64752806269903], [-105.87664136297104, 39.6475100441093], [-105.87665301702475, 39.64750995614824], [-105.8766527894577, 39.64749193755852], [-105.87668775160944, 39.64749167366847], [-105.87668763782145, 39.647482664373676], [-105.87671094591934, 39.647482488441185], [-105.8767106045466, 39.64745546055686], [-105.87669895050223, 39.64745554852362], [-105.87669872292368, 39.64743752993395], [-105.87668706888228, 39.64743761789948], [-105.8766869550946, 39.64742860860458], [-105.8766403389345, 39.64742896045486], [-105.87664056649781, 39.64744697904484], [-105.87666387458401, 39.64744680312192], [-105.87666398836878, 39.647455812416844], [-105.8766756424133, 39.64745572445361], [-105.87667575619963, 39.64746473374848], [-105.87666410215358, 39.64746482171174], [-105.87666421593845, 39.64747383100663], [-105.87662925379546, 39.64747409488949], [-105.87662914001514, 39.647465085594526], [-105.87661748596888, 39.64746517355311], [-105.87661759974769, 39.6474741828481], [-105.87660594569988, 39.64747427080555], [-105.87660605947723, 39.647483280100566], [-105.87657109732895, 39.64748354396598], [-105.87657098355614, 39.647474534670884], [-105.87658263760409, 39.64747444671695], [-105.87658241005559, 39.64745642812677], [-105.87661737219013, 39.6474561642581], [-105.87661725841141, 39.647447154963075], [-105.87660560436812, 39.64744724292044], [-105.87660526303684, 39.647420215035204], [-105.87658195495919, 39.647420390946266], [-105.87658184118524, 39.6474113816511], [-105.87655853311041, 39.64741155755742], [-105.87655830556868, 39.64739353896694], [-105.87656995960307, 39.64739345101441], [-105.87657007337543, 39.64740246030964], [-105.87659338144714, 39.64740228440104], [-105.87659326767175, 39.64739327510586], [-105.876604921706, 39.64739318714984], [-105.87660480792917, 39.6473841778547], [-105.87655819179788, 39.647384529671676], [-105.87655807802714, 39.64737552037639], [-105.8765464239957, 39.647375608327685], [-105.87654608268832, 39.647348580441694], [-105.87658104476887, 39.647348316584555], [-105.87658115854248, 39.64735732587982], [-105.87659281257075, 39.647357237925064], [-105.87659292634592, 39.64736624722028], [-105.87660458037564, 39.64736615926435], [-105.87660446659895, 39.647357149969146], [-105.8766161206271, 39.64735706201206], [-105.87661589307086, 39.64733904342169], [-105.87662754709594, 39.6473389554635], [-105.87662743331639, 39.64732994616832], [-105.87666239538679, 39.64732968228679], [-105.87666262295502, 39.64734770087697], [-105.8766509689286, 39.64734778883871], [-105.87665108271128, 39.64735679813379], [-105.87663942868328, 39.647356886094386], [-105.8766395424645, 39.6473658953895], [-105.87666285052347, 39.647365719467096], [-105.87666273673923, 39.64735671017203], [-105.87667439076714, 39.6473566222091], [-105.87667370805363, 39.64730256643865], [-105.87668536207241, 39.64730247847472], [-105.8766852482855, 39.64729346917961], [-105.87667359426824, 39.64729355714353], [-105.87667336669757, 39.64727553855323], [-105.87666171268329, 39.64727562651591], [-105.87666159889955, 39.647266617220716], [-105.87663829087384, 39.64726679314251], [-105.87663840465454, 39.64727580243776], [-105.87662675064011, 39.64727589039693], [-105.87662652308175, 39.64725787180635], [-105.87660321505876, 39.647258047721074], [-105.87660332883489, 39.647267057016435], [-105.8765916748218, 39.64726714497207], [-105.87659156104718, 39.64725813567669], [-105.87656825302389, 39.647258311584395], [-105.87656813925234, 39.647249302288955], [-105.87657979326251, 39.64724921433571], [-105.87657967948951, 39.64724020504027], [-105.87659133349811, 39.64724011708589], [-105.87659110594925, 39.647222098495035], [-105.87660275995476, 39.647222010539544], [-105.8766026461789, 39.64721300124412], [-105.87657933817083, 39.64721317715389], [-105.87657922439801, 39.64720416785839], [-105.87659087840058, 39.647204079904114], [-105.87658939933924, 39.64708695906178], [-105.87657774535634, 39.64708704701569], [-105.87657763158427, 39.64707803772001], [-105.87658928556564, 39.64707794976612], [-105.87658905801862, 39.647059931174745], [-105.87657740404026, 39.647060019128574], [-105.87657751781225, 39.64706902842429], [-105.87654255587232, 39.647069292278836], [-105.87654244210488, 39.647060282983034], [-105.8765307881263, 39.647060370932174], [-105.87653067436044, 39.64705136163633], [-105.87649571242896, 39.64705162547667], [-105.87649548490646, 39.64703360688477], [-105.87650713888064, 39.64703351893921], [-105.87650702511793, 39.64702450964327], [-105.87653033306312, 39.6470243337487], [-105.87653021929744, 39.647015324452795], [-105.87654187326844, 39.64701523650378], [-105.87654175950131, 39.647006227207896], [-105.87655341347075, 39.64700613925775], [-105.8765535272394, 39.647015148553606], [-105.8765651812103, 39.647015060602264], [-105.87656529498051, 39.647024069898094], [-105.87657694895287, 39.647023981945544], [-105.87657683518114, 39.64701497264976], [-105.87658848915194, 39.64701488469607], [-105.87658826160563, 39.6469968661045], [-105.87659991557335, 39.6469967781497], [-105.87659980179878, 39.64698776885391], [-105.87661145576493, 39.64698768089798], [-105.87661134198888, 39.64697867160221], [-105.87662299595347, 39.646978583645144], [-105.87662265462109, 39.64695155575783], [-105.87661100066101, 39.646951643714836], [-105.8766104317823, 39.646906597235585], [-105.87663373968724, 39.6469064213207], [-105.8766338534659, 39.64691543061652], [-105.87664550741982, 39.6469153426573], [-105.87664562120004, 39.64692435195308], [-105.87665727515542, 39.64692426399266], [-105.87665738893722, 39.646933273288404], [-105.87664573498033, 39.64693336124884], [-105.87664607632149, 39.64696038913607], [-105.8766577302829, 39.64696030117553], [-105.87665761650096, 39.64695129187984], [-105.87666927046082, 39.64695120391816], [-105.87666915667741, 39.64694219462249], [-105.8766808106357, 39.64694210665967], [-105.876680583066, 39.64692408806831], [-105.87666892911074, 39.64692417603108], [-105.87666870154428, 39.646906157439616], [-105.87668035549653, 39.64690606947691], [-105.87668024171185, 39.64689706018119], [-105.87669189566255, 39.646896972217334], [-105.87669132673243, 39.64685192573862], [-105.8766796727893, 39.646852013702336], [-105.8766797865737, 39.646861022998124], [-105.87666813262902, 39.64686111096069], [-105.87666836019498, 39.64687912955231], [-105.87665670624722, 39.64687921751375], [-105.87665659246572, 39.64687020821792], [-105.87663328457307, 39.64687038413725], [-105.87663339835154, 39.64687939343314], [-105.87661009045567, 39.646879569347846], [-105.8766103180067, 39.646897587939684], [-105.87659866405566, 39.64689767589535], [-105.87659855028163, 39.646888666599416], [-105.87657524238243, 39.646888842507174], [-105.87657501484057, 39.64687082391513], [-105.8765517069472, 39.6468709998181], [-105.87655159317937, 39.646861990522005], [-105.87653993923414, 39.64686207847172], [-105.87653982546786, 39.64685306917558], [-105.8765514794116, 39.646852981225905], [-105.8765512518762, 39.646834962633655], [-105.87656290581685, 39.64683487468286], [-105.87656279204772, 39.64682586538675], [-105.8765744459868, 39.64682577743482], [-105.87657433221622, 39.6468167681387], [-105.87658598615376, 39.64681668018563], [-105.8765858723817, 39.646807670889544], [-105.87659752631767, 39.64680758293534], [-105.87659741254414, 39.64679857363925], [-105.87660906647855, 39.646798485683895], [-105.87660883892865, 39.64678046709175], [-105.87659718499727, 39.64678055504705], [-105.8765970712239, 39.64677154575093], [-105.87658541729398, 39.64677163370503], [-105.87658530352218, 39.64676262440886], [-105.87655034173665, 39.64676288826406], [-105.8765504555039, 39.64677189756031], [-105.87653880157377, 39.64677198550974], [-105.87653868780804, 39.64676297621345], [-105.87652703387936, 39.64676306416168], [-105.87652692011518, 39.64675405486536], [-105.87653857404233, 39.646753966917174], [-105.87653846027668, 39.64674495762086], [-105.87655011420226, 39.646744869671515], [-105.87654988666809, 39.646726851078924], [-105.87657319451307, 39.64672667517685], [-105.87657308074303, 39.64671766588058], [-105.87658473466394, 39.646717577927824], [-105.87658462089243, 39.646708568631574], [-105.87659627481177, 39.646708480677674], [-105.87659616103882, 39.64669947138144], [-105.87660781495659, 39.64669938342639], [-105.8766074736335, 39.64667235553769], [-105.87659581972027, 39.64667244349265], [-105.87659570594751, 39.64666343419635], [-105.87660735985922, 39.64666334624142], [-105.87660724608502, 39.64665433694514], [-105.87661889999518, 39.64665424898907], [-105.87661878621951, 39.6466452396928], [-105.87663044012811, 39.64664515173558], [-105.87663032635098, 39.646636142439334], [-105.87665363416498, 39.64663596652145], [-105.87665352038488, 39.646626957225244], [-105.87666517429031, 39.64662686926458], [-105.87666528807192, 39.646635878560765], [-105.8766769419788, 39.6466357905989], [-105.87667682819568, 39.646626781302736], [-105.876688482101, 39.64662669333974], [-105.8766883683164, 39.64661768404361], [-105.87671167612386, 39.646617508114154], [-105.87671178991148, 39.646626517410226], [-105.87672344381664, 39.64662642944371], [-105.87672378518434, 39.64665345733181], [-105.87673543909399, 39.64665336936404], [-105.87673555288484, 39.646662378660004], [-105.87674720679594, 39.646662290691054], [-105.87674732058835, 39.646671299986984], [-105.87675897450092, 39.646671212016834], [-105.87675931588299, 39.646698239904445], [-105.87677096980006, 39.64669815193303], [-105.87677108359568, 39.646707161228846], [-105.87675942967712, 39.64670724920029], [-105.8767595434713, 39.64671625849611], [-105.87677119739138, 39.64671617052465], [-105.87677131118713, 39.64672517982044], [-105.87679461903015, 39.64672500387395], [-105.87679473282897, 39.64673401316966], [-105.87680638675192, 39.64673392519464], [-105.87680695575432, 39.646778971672866], [-105.87683026361519, 39.64677879571902], [-105.87683037741886, 39.64678780501458], [-105.87684203135072, 39.64678771703586], [-105.87684237276655, 39.646814744922345], [-105.8768540267029, 39.64681465694238], [-105.87685414050979, 39.64682366623783], [-105.8768657944476, 39.64682357825667], [-105.87686590825605, 39.64683258755207], [-105.87687756219533, 39.64683249956971], [-105.8768781312459, 39.646877546046326], [-105.8768897851927, 39.64687745806266], [-105.87688989900447, 39.646886467357916], [-105.87690155295273, 39.646886379373065], [-105.8769018943929, 39.646913407258644], [-105.87689024044012, 39.64691349524359], [-105.87689058187622, 39.64694052312913], [-105.87690223583355, 39.646940435144096], [-105.87690234964721, 39.64694944443922], [-105.87691400360599, 39.646949356453], [-105.87691411742121, 39.646958365748084], [-105.87692577138145, 39.64695827776065], [-105.87692588519822, 39.646967287055695], [-105.87693753915993, 39.646967199067085], [-105.87693765297827, 39.64697620836208], [-105.87694930694144, 39.646976120372265], [-105.87694942076135, 39.646985129667215], [-105.87696107472595, 39.64698504167621], [-105.87696175765554, 39.647039097445465], [-105.8769734116292, 39.647039009453124], [-105.87697352545247, 39.647048018747924], [-105.87699683340263, 39.647047842759655], [-105.876996947229, 39.6470568520544], [-105.87700860120552, 39.647056764058476], [-105.87700882886142, 39.647074782647834], [-105.8770204828409, 39.6470746946507], [-105.87702105198912, 39.6471197411237], [-105.87703270597612, 39.64711965312525], [-105.87703281980743, 39.64712866241979], [-105.8770561277843, 39.64712848641934], [-105.87705646928761, 39.64715551430266], [-105.8770681232805, 39.6471554263006], [-105.877068578625, 39.64719146347807], [-105.87708023262388, 39.64719137547473], [-105.87708034646165, 39.647200384769036], [-105.877092000462, 39.64720029676449], [-105.87709222814071, 39.647218315353], [-105.87710388214404, 39.64721822734724], [-105.87710410982598, 39.64723624593562], [-105.87711576383228, 39.647236157928646], [-105.87711587767484, 39.647245167222785], [-105.87712753168259, 39.64724507921459], [-105.87712775937088, 39.64726309780279], [-105.87716272140294, 39.64726283377104], [-105.8771628352517, 39.647271843065035], [-105.87718614327584, 39.64727166703796], [-105.87718625712766, 39.64728067633189], [-105.87717460311411, 39.647280764346036], [-105.87717483081491, 39.647298782933895], [-105.87718648483148, 39.64729869491969], [-105.87718694023974, 39.64733473209513], [-105.87717528621711, 39.64733482010944], [-105.8771754000678, 39.64734382940329], [-105.8771637460436, 39.64734391741647], [-105.87716385989282, 39.647352926710326], [-105.87717551391853, 39.64735283869713], [-105.87717562776932, 39.64736184799095], [-105.87718728179647, 39.647361759976555], [-105.87718739564882, 39.647370769270324], [-105.87717574162015, 39.647370857284756], [-105.87717596932197, 39.64738887587234], [-105.87719927738532, 39.6473886998422], [-105.87719939123933, 39.64739770913592], [-105.87721104527243, 39.64739762111907], [-105.87721093141691, 39.647388611825384], [-105.8772458935114, 39.6473883477679], [-105.87724600737147, 39.647397357061514], [-105.87726931543722, 39.6473971810173], [-105.87726942930036, 39.64740619031082], [-105.87728108333467, 39.64740610228692], [-105.87728096947002, 39.64739709299343], [-105.87730427753547, 39.64739691694219], [-105.87730416366784, 39.64738790764873], [-105.87731581769899, 39.647387819621386], [-105.87731570382991, 39.64737881032794], [-105.87732735785949, 39.647378722299464], [-105.87732724398894, 39.64736971300603], [-105.8773505520449, 39.64736953694562], [-105.87735066591848, 39.64737854623898], [-105.87736231994789, 39.647378458207], [-105.87736243382302, 39.64738746750032], [-105.87737408785391, 39.64738737946714], [-105.8773742017306, 39.647396388760434], [-105.87738585576294, 39.64739630072605], [-105.8773859696412, 39.647405310019295], [-105.87739762367501, 39.64740522198371], [-105.8773978514347, 39.64742324057011], [-105.87737454336099, 39.647423416640216], [-105.87737477111483, 39.64744143522667], [-105.87738642515474, 39.647441347192135], [-105.87738665291181, 39.647459365778474], [-105.87739830695469, 39.64745927774273], [-105.87739842083482, 39.64746828703585], [-105.87743338296767, 39.6474680229215], [-105.87743326908301, 39.64745901362846], [-105.87744492312568, 39.64745892558804], [-105.87744503701187, 39.64746793488105], [-105.877456691056, 39.64746784683942], [-105.87745691883151, 39.64748586542534], [-105.87746857287863, 39.64748577738249], [-105.87746845898933, 39.64747676808957], [-105.8775034211258, 39.647476503954096], [-105.87750353501963, 39.64748551324693], [-105.87749188097268, 39.64748560129328], [-105.8774921087575, 39.647503619878975], [-105.87751541685739, 39.647503443784984], [-105.87751530296194, 39.6474944344922], [-105.87753861105861, 39.6474942583936], [-105.87753849716019, 39.647485249100846], [-105.87756180525362, 39.64748507299761], [-105.87756169135223, 39.647476063704914], [-105.87759665348747, 39.64747579954138], [-105.87759676739341, 39.647484808833994], [-105.8776084214399, 39.647484720777115], [-105.8776085353474, 39.6474937300697], [-105.87762018939534, 39.64749364201162], [-105.87762030330443, 39.647502651304144], [-105.87764361140319, 39.64750247518443], [-105.87764372531532, 39.64751148447691], [-105.87765537936615, 39.64751139641526], [-105.87765594893517, 39.647556442877196], [-105.8776676029935, 39.64755635481425], [-105.87766783082449, 39.64757437339887], [-105.87765617676313, 39.64757446146187], [-105.87765663241969, 39.64761049863107], [-105.87766828648708, 39.64761041056795], [-105.87766851431869, 39.6476284291524], [-105.87768016838906, 39.64762834108805], [-105.87768028230646, 39.64763735038023], [-105.8776919363783, 39.64763726231469], [-105.87769205029726, 39.647646271606824], [-105.87770370437056, 39.6476461835401], [-105.87770393221165, 39.64766420212426], [-105.8777155862879, 39.647664114056305], [-105.87771581413223, 39.64768213264037], [-105.87772746821148, 39.64768204457118], [-105.87772758213522, 39.64769105386315], [-105.87775089029658, 39.647690877721224], [-105.87775100422341, 39.64769988701313], [-105.87776265830551, 39.64769979894038], [-105.87776277223392, 39.647708808232245], [-105.87777442631749, 39.6477087201583], [-105.87777454024743, 39.64771772945013], [-105.87778619433247, 39.64771764137498], [-105.87778630826399, 39.64772665066676], [-105.87779796235048, 39.64772656259042], [-105.87779807628357, 39.647735571882166], [-105.87780973037152, 39.647735483804624], [-105.87780995824085, 39.64775350238801], [-105.87782161233179, 39.64775341430925], [-105.87782172626805, 39.64776242360089], [-105.87783338036043, 39.64776233552092], [-105.87783326642267, 39.647753326229314], [-105.87784492051351, 39.64775323814821], [-105.87784571808952, 39.647816303189], [-105.87785737219089, 39.64781621510654], [-105.87785760007323, 39.64783423368943], [-105.87786925417758, 39.64783414560574], [-105.87786936812034, 39.64784315489713], [-105.87788102222615, 39.64784306681225], [-105.87788068039347, 39.64781603893809], [-105.87789233449467, 39.64781595085213], [-105.87789244844036, 39.647824960143495], [-105.87790410254304, 39.647824872056326], [-105.8779042164903, 39.64783388134766], [-105.87791587059442, 39.64783379325929], [-105.87791598454324, 39.64784280255058], [-105.87792763864883, 39.647842714461014], [-105.8779275246985, 39.64783370516975], [-105.87796248701045, 39.647833440894125], [-105.8779626009653, 39.647842450185315], [-105.87798590917603, 39.647842273995664], [-105.87798602313397, 39.64785128328676], [-105.87793940670626, 39.647851635661496], [-105.8779395206582, 39.647860644952694], [-105.87792786654963, 39.64786073304348], [-105.87792809445064, 39.64787875162591], [-105.87795140267377, 39.647878575443045], [-105.87795151662738, 39.64788758473418], [-105.87796317074037, 39.647887496640976], [-105.8779629428302, 39.64786947805875], [-105.87798625105, 39.64786930186894], [-105.8779863650081, 39.64787831116], [-105.87799801911942, 39.647878223063316], [-105.87799813307907, 39.64788723235432], [-105.87802144130463, 39.64788705615737], [-105.87802132734194, 39.64787804686642], [-105.87805628967534, 39.647877782562325], [-105.87805617570818, 39.64786877327142], [-105.87807948392717, 39.64786859706289], [-105.87807959789735, 39.64787760635374], [-105.87809125200828, 39.6478775182477], [-105.87809136598003, 39.64788652753849], [-105.8780797118676, 39.647886615644566], [-105.87807982583787, 39.64789562493537], [-105.87806817172387, 39.647895713040306], [-105.8780682856927, 39.64790472233113], [-105.87804497746151, 39.64790489853753], [-105.87804509142737, 39.647913907828396], [-105.87802178319295, 39.64791408403019], [-105.87802212508176, 39.64794111190286], [-105.87803377920353, 39.64794102380246], [-105.87803423506203, 39.64797706096572], [-105.87804588918979, 39.64797697286405], [-105.87804600315606, 39.6479859821548], [-105.87803434902678, 39.6479860702565], [-105.87803503281636, 39.64804012600087], [-105.87804668695472, 39.64804003789901], [-105.87804680092134, 39.648049047189666], [-105.87805845506115, 39.64804895908659], [-105.87805834109302, 39.648039949795965], [-105.87806999523126, 39.64803986169176], [-105.87806965332264, 39.648012833819884], [-105.8780813074563, 39.64801274571459], [-105.87808119348534, 39.648003736423966], [-105.87806953935319, 39.64800382452923], [-105.8780694253838, 39.64799481523857], [-105.87808107951444, 39.64799472713333], [-105.87808096554359, 39.64798571784269], [-105.87811592793065, 39.647985453520036], [-105.87811615588147, 39.64800347210116], [-105.87812781001342, 39.64800338399122], [-105.87812792399042, 39.648012393281725], [-105.87816288639048, 39.64801212894479], [-105.87816277240896, 39.64800311965437], [-105.87817442654068, 39.648003031539744], [-105.87817397060898, 39.64796699437801], [-105.87820893298576, 39.647966730027484], [-105.8782093889356, 39.64800276718887], [-105.87823269719861, 39.648002590949126], [-105.87823281118922, 39.64801160023938], [-105.87826777358791, 39.64801133587088], [-105.87826720361267, 39.64796628941987], [-105.87829051186307, 39.64796611316864], [-105.87829062586106, 39.64797512245882], [-105.87831393411427, 39.64797494620286], [-105.87831404811531, 39.64798395549296], [-105.87832570224337, 39.64798386736321], [-105.87832581624598, 39.64799287665327], [-105.87834912450495, 39.64799270039018], [-105.87834923851064, 39.64800170968017], [-105.87836089264155, 39.64800162154685], [-105.8783610066488, 39.6480106308368], [-105.87838431491352, 39.64801045456659], [-105.87838465694463, 39.64803748243619], [-105.87840796521822, 39.64803730616112], [-105.8784080792317, 39.64804631545091], [-105.87841973336994, 39.6480462273116], [-105.87841984738499, 39.64805523660133], [-105.87844315566431, 39.64805506031915], [-105.87844304164622, 39.648046051029475], [-105.8784546957843, 39.648045962886656], [-105.87845446774526, 39.64802794430731], [-105.87848943015008, 39.64802767987201], [-105.87848954417413, 39.6480366891616], [-105.87850119831047, 39.648036601014134], [-105.87850131233607, 39.64804561030369], [-105.87852462061166, 39.6480454340052], [-105.87852484866906, 39.64806345258416], [-105.87853650280978, 39.648063364433106], [-105.87853661684008, 39.648072373722535], [-105.87854827098226, 39.64807228557027], [-105.87854884114203, 39.64811733201707], [-105.87857214944141, 39.648117155708775], [-105.87857203540632, 39.648108146419496], [-105.87858368955442, 39.64810805826362], [-105.87858391762765, 39.648126076842104], [-105.87859557177872, 39.648125988684995], [-105.87859579985519, 39.64814400726337], [-105.87860745400923, 39.64814391910504], [-105.87860756804905, 39.64815292839418], [-105.87863087635999, 39.64815275207397], [-105.8786309904029, 39.64816176136302], [-105.8786426445598, 39.648161673201145], [-105.87864275860427, 39.64817068249017], [-105.87865441276264, 39.64817059432708], [-105.87865452680866, 39.64817960361606], [-105.87867783512827, 39.64817942728632], [-105.87867806322652, 39.64819744586412], [-105.87868971738928, 39.64819735769744], [-105.87868983144, 39.6482063669863], [-105.87871313976838, 39.64820619064938], [-105.87871302571463, 39.64819718136058], [-105.87872467987724, 39.648197093190404], [-105.87872479393249, 39.64820610247917], [-105.87873644809655, 39.64820601430779], [-105.87873656215336, 39.64821502359652], [-105.87877152464978, 39.64821475907528], [-105.87877175277264, 39.64823277765252], [-105.8788183694459, 39.64823242494094], [-105.8788187116487, 39.64825945280635], [-105.87883036582143, 39.648259364625446], [-105.87883047989065, 39.648268373913865], [-105.87884213406484, 39.64826828573176], [-105.87884224813563, 39.64827729502014], [-105.87885390231126, 39.64827720683684], [-105.87885401638361, 39.64828621612517], [-105.87887732473779, 39.64828603975502], [-105.87887755288867, 39.64830405833151], [-105.87890086124868, 39.64830388195658], [-105.87890131756318, 39.64833991910918], [-105.87891297174916, 39.648339830919845], [-105.87891285766894, 39.64833082163175], [-105.8789361660377, 39.64833064524962], [-105.87893593787139, 39.64831262667348], [-105.87898255459622, 39.64831227389542], [-105.8789826686854, 39.648321283183385], [-105.878994322868, 39.64832119498591], [-105.87899443695875, 39.64833020427383], [-105.8790060911428, 39.64833011607518], [-105.8790062052351, 39.64833912536305], [-105.87901785942063, 39.64833903716319], [-105.87901808760843, 39.648357055738856], [-105.87902974179693, 39.64835696753777], [-105.87903133913846, 39.6484830975654], [-105.87904299334807, 39.64848300936276], [-105.87904333564138, 39.648510037225364], [-105.87905498985548, 39.648509949021474], [-105.8790553321538, 39.64853697688388], [-105.87906698637237, 39.64853688867872], [-105.87906732867569, 39.648563916540915], [-105.87907898289876, 39.6485638283345], [-105.87907966751584, 39.64861788405834], [-105.87906801328371, 39.64861797226491], [-105.87906824148679, 39.64863599083946], [-105.87905658725157, 39.64863607904493], [-105.87905670135169, 39.6486450883322], [-105.8790450471149, 39.64864517653652], [-105.87904538941099, 39.64867220439838], [-105.87903373516963, 39.64867229260161], [-105.87903453385171, 39.64873535761227], [-105.87904618810364, 39.64873526940884], [-105.87904641630202, 39.64875328798313], [-105.87905807055695, 39.648753199778476], [-105.87905818465772, 39.64876220906557], [-105.87908149317043, 39.648762032652684], [-105.87908160727429, 39.64877104193971], [-105.87909326153206, 39.6487709537315], [-105.87909303332141, 39.64875293515749], [-105.87910468757612, 39.64875284694815], [-105.87910434525597, 39.64872581908711], [-105.8791159995061, 39.64872573087669], [-105.87911577128989, 39.648707712302645], [-105.87912742553695, 39.648707624091124], [-105.87912719731791, 39.648689605517085], [-105.87913885156189, 39.648689517304426], [-105.87913862334005, 39.64867149873039], [-105.87915027758095, 39.64867141051663], [-105.8791501634686, 39.64866240122961], [-105.87916181770794, 39.64866231301471], [-105.87916158948035, 39.64864429444069], [-105.87917324371661, 39.64864420622468], [-105.8791730154862, 39.64862618765066], [-105.8791846697194, 39.64862609943354], [-105.87918432736963, 39.6485990715725], [-105.87919598159823, 39.648598983354276], [-105.87919586748023, 39.64858997406727], [-105.87920752170727, 39.64858988584792], [-105.87920729346841, 39.648571867273894], [-105.87921894769237, 39.64857177905343], [-105.8792188335715, 39.64856276976642], [-105.8792304877939, 39.64856268154481], [-105.87923025954929, 39.64854466297082], [-105.87924191376861, 39.6485445747481], [-105.87924179964487, 39.64853556546112], [-105.87925345386263, 39.64853547723725], [-105.87925322561229, 39.64851745866329], [-105.87926487982696, 39.64851737043831], [-105.8792637385632, 39.6484272775679], [-105.87927539276271, 39.64842718934203], [-105.87927505038003, 39.64840016148071], [-105.87924008779498, 39.64840042615454], [-105.87923997367206, 39.64839141686731], [-105.87922831947844, 39.648391505089556], [-105.87922809123579, 39.64837348651502], [-105.87923974542637, 39.64837339829284], [-105.87923963130362, 39.64836438900558], [-105.87922797711454, 39.648364477227744], [-105.87922786299333, 39.64835546794043], [-105.87921620880573, 39.6483555561614], [-105.87921609468609, 39.64834654687404], [-105.87920444049993, 39.648346635093816], [-105.87920432638187, 39.64833762580642], [-105.8792276347511, 39.648337449365776], [-105.87922740650906, 39.64831943079108], [-105.87923906069058, 39.64831934256906], [-105.87923894656812, 39.64831033328171], [-105.87925060074807, 39.64831024505855], [-105.87925048662416, 39.64830123577122], [-105.87926214080254, 39.6483011475469], [-105.87926236905345, 39.64831916612151], [-105.87927402323481, 39.648319077895984], [-105.87927482212518, 39.648382142906435], [-105.87928647631709, 39.64838205467954], [-105.87928533503076, 39.64829196180754], [-105.87929698920749, 39.64829187357976], [-105.87929676094781, 39.64827385500525], [-105.87930841512146, 39.648273766776356], [-105.87930818685896, 39.648255748201834], [-105.87931984102954, 39.64825565997184], [-105.87931972689685, 39.64824665068459], [-105.8793080727278, 39.64824673891456], [-105.87930795859667, 39.64823772962727], [-105.87934292109917, 39.648237464933906], [-105.87934280696356, 39.64822845564669], [-105.87935446112944, 39.64822836741327], [-105.87935434699237, 39.64821935812604], [-105.87937765532097, 39.64821918165573], [-105.87937799774137, 39.64824620951716], [-105.87936634357258, 39.64824629775298], [-105.87936680012781, 39.64828233490146], [-105.8793551459529, 39.648282423136216], [-105.8793556025029, 39.64831846028458], [-105.87934394832189, 39.64831854851829], [-105.87934440486667, 39.64835458566652], [-105.87935605905372, 39.6483544974327], [-105.87935594491594, 39.64834548814569], [-105.87936759910143, 39.64834539991073], [-105.87936725668385, 39.648318372049694], [-105.87937891086476, 39.648318283813644], [-105.87937879672415, 39.648309274526646], [-105.87939045090349, 39.64830918628945], [-105.87939033676143, 39.648300177002454], [-105.87941364511691, 39.64830000052463], [-105.87941398755233, 39.64832702838541], [-105.87940233337008, 39.64832711662499], [-105.87940244751381, 39.64833612591191], [-105.87939079332997, 39.648336214150355], [-105.87939090747224, 39.648345223437296], [-105.87937925328686, 39.648345311674596], [-105.87937936742767, 39.648354320961545], [-105.87936771324071, 39.64835440919771], [-105.87936794151946, 39.648372427771626], [-105.87939124989936, 39.648372251298035], [-105.87939113575693, 39.648363242011136], [-105.87940278994529, 39.64836315377261], [-105.87940256165759, 39.648345135198824], [-105.87941421584286, 39.648345046959186], [-105.87941410169758, 39.6483360376723], [-105.8794257558813, 39.64833594943152], [-105.87942552758784, 39.648317930857765], [-105.87943718176848, 39.648317842615874], [-105.87943706762032, 39.648308833329004], [-105.87946037597843, 39.64830865684176], [-105.87946049012962, 39.64831766612858], [-105.8794721443101, 39.648317577883184], [-105.87947225846285, 39.648326587169954], [-105.87946060428085, 39.64832667541538], [-105.87946071843214, 39.64833568470218], [-105.87947237261565, 39.64833559645672], [-105.8794724867685, 39.64834460574346], [-105.87948414095348, 39.64834451749681], [-105.8794840267991, 39.64833550821009], [-105.87950733516588, 39.64833533171333], [-105.87950710685126, 39.64831731313997], [-105.87949545267092, 39.64831740138888], [-105.8794953385152, 39.648308392102145], [-105.87950699269402, 39.64830830385326], [-105.87950687853684, 39.64829929456654], [-105.8795185327141, 39.64829920631652], [-105.87951830439687, 39.64828118774311], [-105.87952995857104, 39.64828109949198], [-105.879529730251, 39.64826308091855], [-105.87954138442208, 39.648262992666304], [-105.87954104193786, 39.64823596480615], [-105.87955269610438, 39.64823587655282], [-105.87955258194155, 39.648226867266104], [-105.87956423610652, 39.64822677901163], [-105.87956412194222, 39.648217769724916], [-105.87957577610563, 39.6482176814693], [-105.87957566193988, 39.64820867218261], [-105.87959897026347, 39.64820849566793], [-105.87959908443224, 39.648217504954566], [-105.8796107385955, 39.64821741669544], [-105.87961085276582, 39.64822642598204], [-105.87962250693052, 39.64822633772173], [-105.87962262110241, 39.648235347008274], [-105.87963427526859, 39.64823525874676], [-105.87963461778912, 39.64826228660624], [-105.87964627195976, 39.648262198343474], [-105.87964650031006, 39.64828021691633], [-105.87962319196268, 39.648280393440814], [-105.87962330613487, 39.64828940272728], [-105.87963496031011, 39.6482893144656], [-105.87963518865769, 39.648307333038424], [-105.87962353447944, 39.648307421300174], [-105.8796237628242, 39.648325439873005], [-105.87960045446148, 39.64832561639308], [-105.87960056863092, 39.64833462567953], [-105.87957726026497, 39.648334802194995], [-105.87957760276451, 39.64836183005443], [-105.87958925695204, 39.648361741797196], [-105.87958914278396, 39.64835273251076], [-105.87960079696994, 39.648352644252384], [-105.8796006828004, 39.648343634965954], [-105.87962399116917, 39.64834345844577], [-105.87962387699666, 39.648334449159385], [-105.87963553117946, 39.648334360897564], [-105.87963564535347, 39.648343370183916], [-105.87964729953774, 39.6483432819209], [-105.87964752788896, 39.64836130049349], [-105.87965918207618, 39.648361212229254], [-105.87965941043065, 39.648379230801744], [-105.879682718811, 39.64837905426963], [-105.87968260463073, 39.64837004498344], [-105.87969425881931, 39.64836995671566], [-105.8796943730011, 39.64837896600181], [-105.87970602719115, 39.64837887773284], [-105.8797061413745, 39.64838788701895], [-105.87969448718295, 39.648387975287946], [-105.87969460136483, 39.64839698457408], [-105.8797062555579, 39.64839689630505], [-105.87970659810843, 39.64842392416324], [-105.87967163551545, 39.64842418896709], [-105.87967174969452, 39.64843319825322], [-105.87966009549524, 39.648433286518866], [-105.87965998131769, 39.64842427723271], [-105.87961336452612, 39.648424630283465], [-105.87961325035465, 39.64841562099719], [-105.87960159615815, 39.64841570925692], [-105.87960171032809, 39.64842471854323], [-105.87959005613003, 39.648424806801835], [-105.8795899419616, 39.6484157975155], [-105.87956663356832, 39.648415974029135], [-105.87956651940296, 39.648406964742726], [-105.87955486520775, 39.648407052997754], [-105.87955475104395, 39.64839804371131], [-105.87954309685023, 39.64839813196516], [-105.8795428685258, 39.64838011339216], [-105.87953121433503, 39.64838020164477], [-105.87953098601385, 39.64836218307166], [-105.87948436926236, 39.648362536070195], [-105.87948448341689, 39.64837154535686], [-105.87947282922738, 39.6483716336036], [-105.87947305753354, 39.64838965217695], [-105.87946140334095, 39.64838974042258], [-105.8794616316443, 39.648407758995944], [-105.87943832325293, 39.64840793548379], [-105.87943855155042, 39.6484259540572], [-105.87942689735164, 39.64842604229943], [-105.87942701149896, 39.64843505158615], [-105.87941535729861, 39.64843513982723], [-105.87941547144446, 39.648444149113956], [-105.87940381724255, 39.648444237353914], [-105.87940404553139, 39.648462255927384], [-105.87939239132639, 39.64846234416622], [-105.87939261961242, 39.64848036273968], [-105.87938096540434, 39.648480450977395], [-105.87938119368755, 39.64849846955086], [-105.8793695394764, 39.648498557787484], [-105.87937022431817, 39.648552613507704], [-105.8793585700979, 39.64855270174331], [-105.87935914079323, 39.64859774817657], [-105.87934748656535, 39.648597836411156], [-105.87934771484082, 39.64861585498441], [-105.87933606060986, 39.648615943217884], [-105.87933628888248, 39.64863396179114], [-105.87932463464847, 39.64863405002349], [-105.8793248629183, 39.648652068596746], [-105.87931320868118, 39.648652156827985], [-105.8793136652154, 39.64868819397444], [-105.8793020109722, 39.648688282204624], [-105.87930212510436, 39.648697291491246], [-105.87929047085959, 39.64869737972028], [-105.87929069912106, 39.648715398293504], [-105.8792790448732, 39.648715486521425], [-105.87927915900251, 39.648724495808054], [-105.87926750475309, 39.648724584034845], [-105.87926773300882, 39.648742602608095], [-105.87925607875634, 39.64874269083377], [-105.87925619288276, 39.64875170012041], [-105.87926784713676, 39.6487516118947], [-105.87926830364904, 39.64878764904099], [-105.87925664938899, 39.6487877372668], [-105.87925676351567, 39.64879674655336], [-105.87924510925407, 39.64879683477804], [-105.8792452233793, 39.648805844064626], [-105.87923356911611, 39.64880593228815], [-105.87923391148756, 39.64883296014787], [-105.8792222572198, 39.64883304837032], [-105.87922259958717, 39.64886007623], [-105.87921094531481, 39.648860164451364], [-105.8792112876781, 39.64888719231101], [-105.87919963340117, 39.648887280531284], [-105.87919974752086, 39.64889628981782], [-105.87918809324235, 39.64889637803696], [-105.87918832147886, 39.64891439661005], [-105.87917666719729, 39.64891448482809], [-105.87917689543096, 39.64893250340119], [-105.87918854971556, 39.64893241518311], [-105.87918946266447, 39.64900448947472], [-105.87917780836776, 39.649004577693034], [-105.87917792248508, 39.64901358697945], [-105.87916626818682, 39.649013675196606], [-105.8791663823027, 39.64902268448304], [-105.87915472800286, 39.64902277269905], [-105.87915495623173, 39.64904079127193], [-105.87916661053458, 39.64904070305586], [-105.87916775169712, 39.64913079591908], [-105.87915609737914, 39.64913088413543], [-105.87915632560924, 39.649148902707964], [-105.87916797993024, 39.64914881449154], [-105.87916820816358, 39.649166833063965], [-105.87915655383955, 39.64916692128043], [-105.87915689618539, 39.64919394913903], [-105.87916855051395, 39.64919386092249], [-105.87916900698183, 39.64922989806697], [-105.87915735264723, 39.649229986283636], [-105.87915746676282, 39.64923899556975], [-105.87914581242663, 39.649239083785275], [-105.87914615476917, 39.64926611164363], [-105.8791345004284, 39.64926619985807], [-105.879134728654, 39.64928421843026], [-105.87919300037241, 39.64928377734609], [-105.87919288625204, 39.64927476806014], [-105.87920454059405, 39.64927467983981], [-105.8792044264722, 39.64926567055388], [-105.87921608081267, 39.649265582332426], [-105.87921619493602, 39.64927459161834], [-105.87923950361979, 39.64927441517186], [-105.87923961774622, 39.64928342445771], [-105.87925127208955, 39.64928333623269], [-105.87925150034559, 39.64930135480428], [-105.87926315469188, 39.64930126657804], [-105.87926326882149, 39.64931027586378], [-105.87927492316925, 39.64931018763634], [-105.87927503730042, 39.64931919692205], [-105.87928669164964, 39.649319108693405], [-105.87928646338432, 39.64930109012204], [-105.87929811773046, 39.64930100189229], [-105.87929788946234, 39.64928298332093], [-105.87933285249139, 39.649282718624825], [-105.87933273835286, 39.649273709339184], [-105.87934439269425, 39.649273621104854], [-105.87934427855427, 39.64926461181924], [-105.8793559328941, 39.64926452358375], [-105.87935581875266, 39.64925551429816], [-105.87936747309092, 39.649255426061536], [-105.8793677013769, 39.64927344463266], [-105.87935604703561, 39.64927353286934], [-105.87935616117716, 39.64928254215491], [-105.8793445068343, 39.64928263039044], [-105.87934507753526, 39.649327676818196], [-105.87933342318479, 39.64932776505272], [-105.87933353732362, 39.649336774338245], [-105.87932188297158, 39.64933686257162], [-105.87932256779659, 39.649390918284716], [-105.87933422215771, 39.649390830051175], [-105.87933445043615, 39.64940884862203], [-105.87932279607202, 39.64940893685562], [-105.87932302434764, 39.64942695542647], [-105.8793346787148, 39.64942686719283], [-105.87933536355196, 39.64948092290489], [-105.87935867230428, 39.64948074643375], [-105.87935855816161, 39.64947173714849], [-105.87937021253617, 39.64947164891119], [-105.8793698701039, 39.64944462105544], [-105.87938152447389, 39.64944453281704], [-105.87938141032838, 39.6494355235318], [-105.8793930646968, 39.649435435292276], [-105.879393407138, 39.649462463147906], [-105.87941671588375, 39.64946228666518], [-105.87941614513356, 39.64941724023934], [-105.87943945386398, 39.64941706375221], [-105.87943922555822, 39.64939904518188], [-105.87945087992034, 39.64939895693662], [-105.87945076576602, 39.649389947651464], [-105.87946242012657, 39.64938985940506], [-105.8794625342824, 39.649398868690184], [-105.87947418864441, 39.649398780442596], [-105.87947430280181, 39.649407789727675], [-105.87946264843828, 39.64940787797531], [-105.87946299090623, 39.64943490583056], [-105.87945133653811, 39.649434994077104], [-105.8794519073115, 39.64948004050238], [-105.87947521606279, 39.64947986400785], [-105.87947498774723, 39.64946184543789], [-105.87949829649227, 39.64946166893879], [-105.87949841065304, 39.64947067822372], [-105.87948675627904, 39.64947076647389], [-105.87948778371472, 39.64955185003786], [-105.87947612932707, 39.6495519382871], [-105.879476928436, 39.6496150032807], [-105.87948858283426, 39.649614915031265], [-105.87948881115457, 39.64963293360067], [-105.87950046555581, 39.649632845350006], [-105.87950069387936, 39.64965086391931], [-105.87951234828355, 39.64965077566742], [-105.87951257661034, 39.649668794236604], [-105.87952423101751, 39.64966870598349], [-105.8795243451825, 39.64967771526803], [-105.87953599959114, 39.649677627013716], [-105.8795357712582, 39.64965960844466], [-105.87952411685258, 39.649659696698926], [-105.87952388852287, 39.64964167812976], [-105.879547197328, 39.649641501620195], [-105.8795475398317, 39.64966852947374], [-105.87955919423872, 39.64966844121712], [-105.8795596509171, 39.64970447835488], [-105.87957130533012, 39.64970439009697], [-105.87957176201537, 39.64974042723438], [-105.87958341643439, 39.64974033897521], [-105.87958375895339, 39.64976736682804], [-105.87957210452986, 39.64976745508729], [-105.87957256121653, 39.64980349222431], [-105.87958421564613, 39.649803403964924], [-105.87958432981945, 39.649812413249116], [-105.87959598425051, 39.649812324988524], [-105.87959621260032, 39.6498303435568], [-105.87960786703435, 39.64983025529501], [-105.87960798121084, 39.64983926457911], [-105.87961963564634, 39.6498391763161], [-105.87961974982439, 39.649848185600135], [-105.87963140426135, 39.64984809733594], [-105.87963151844097, 39.64985710661995], [-105.87964317287938, 39.64985701835455], [-105.87964328706056, 39.64986602763851], [-105.87966659594026, 39.64986585110415], [-105.87966648175606, 39.649856841820245], [-105.87965482731775, 39.649856930087985], [-105.87965448476997, 39.649829902236085], [-105.87966613920376, 39.64982981396843]], [[-105.87734519763148, 39.64971221685246], [-105.8773450837492, 39.64970320756271], [-105.87733342932943, 39.64970329559725], [-105.8773335432102, 39.64971230488703], [-105.87734519763148, 39.64971221685246]], [[-105.8773217749096, 39.649703383630616], [-105.8773216610304, 39.649694374340775], [-105.87731000661202, 39.649694462372956], [-105.87731012048972, 39.64970347166281], [-105.8773217749096, 39.649703383630616]], [[-105.87730989273437, 39.64968545308308], [-105.87729823831747, 39.64968554111406], [-105.8772983521936, 39.64969455040394], [-105.87731000661202, 39.649694462372956], [-105.87730989273437, 39.64968545308308]], [[-105.87723985236364, 39.649676971961334], [-105.87723973849518, 39.64966796267126], [-105.87722808408098, 39.64966805069517], [-105.87722819794796, 39.64967705998526], [-105.87723985236364, 39.649676971961334]], [[-105.87719300697576, 39.64965930546966], [-105.87719289311345, 39.64965029617945], [-105.87718123870206, 39.64965038419862], [-105.87718135256287, 39.649659393488854], [-105.87719300697576, 39.64965930546966]], [[-105.87712273893813, 39.649632805696136], [-105.87712262508504, 39.64962379640571], [-105.8771109706779, 39.649623884417785], [-105.87711108452947, 39.64963289370824], [-105.87712273893813, 39.649632805696136]], [[-105.8770993162707, 39.649623972428685], [-105.87709920242068, 39.64961496313819], [-105.87707589360917, 39.649615139156445], [-105.87707600745617, 39.64962414844698], [-105.8770993162707, 39.649623972428685]], [[-105.87706423920335, 39.64961522716381], [-105.87706412535792, 39.64960621787321], [-105.87705247095354, 39.64960630587939], [-105.87705258479747, 39.649615315169996], [-105.87706423920335, 39.64961522716381]], [[-105.87704081654913, 39.649606393884376], [-105.87704070270678, 39.64959738459373], [-105.87702904830383, 39.64959747259753], [-105.87702916214467, 39.64960648188821], [-105.87704081654913, 39.649606393884376]], [[-105.87699397125839, 39.64958872731114], [-105.87699385742218, 39.64957971802034], [-105.87698220302205, 39.64957980601941], [-105.87698231685674, 39.64958881531024], [-105.87699397125839, 39.64958872731114]], [[-105.87697054862186, 39.649579894017315], [-105.87697043478873, 39.64957088472645], [-105.87695878039, 39.64957097272315], [-105.87695889422162, 39.64957998201404], [-105.87697054862186, 39.649579894017315]], [[-105.87686520374008, 39.64954464878124], [-105.87686508992078, 39.64953563949006], [-105.87685343552764, 39.64953572747613], [-105.87685354934543, 39.64954473676733], [-105.87686520374008, 39.64954464878124]], [[-105.87684178113446, 39.64953581546103], [-105.87684166731822, 39.64952680616978], [-105.87683001292649, 39.64952689415348], [-105.87683012674121, 39.64953590344476], [-105.87684178113446, 39.64953581546103]], [[-105.87680670414287, 39.64952707011738], [-105.87680659033123, 39.64951806082603], [-105.87679493594086, 39.64951814880621], [-105.876795049751, 39.64952715809758], [-105.87680670414287, 39.64952707011738]], [[-105.87678328155043, 39.6495182367852], [-105.87678316774186, 39.64950922749378], [-105.8767715133529, 39.64950931547158], [-105.87677162715997, 39.64951832476303], [-105.87678328155043, 39.6495182367852]], [[-105.87671301380848, 39.64949173675984], [-105.87671290000915, 39.64948272746822], [-105.87670124562442, 39.649482815438915], [-105.87670135942224, 39.64949182473057], [-105.87671301380848, 39.64949173675984]], [[-105.87650232467274, 39.649421245716646], [-105.87650221090104, 39.6494122364244], [-105.87649055652747, 39.64941232437383], [-105.87649067029767, 39.649421333666105], [-105.87650232467274, 39.649421245716646]], [[-105.87633825341429, 39.64935040256122], [-105.87633813966416, 39.64934139326846], [-105.87632648530197, 39.6493414812013], [-105.8763265990506, 39.64935049049408], [-105.87633825341429, 39.64935040256122]], [[-105.87612540435958, 39.64910873425113], [-105.87612529063806, 39.649099724957495], [-105.87611363631581, 39.649099812868535], [-105.87611375003581, 39.649108822162205], [-105.87612540435958, 39.64910873425113]], [[-105.87611329515606, 39.649072784987446], [-105.87611318143625, 39.649063775693726], [-105.87610152711999, 39.649063863603494], [-105.87610164083829, 39.64907287289723], [-105.87611329515606, 39.649072784987446]], [[-105.87633552342531, 39.6491341795313], [-105.87634717775265, 39.64913409159793], [-105.87634706400223, 39.64912508230486], [-105.876358718328, 39.649124994370354], [-105.87635860457614, 39.649115985077316], [-105.87634695025187, 39.64911607301179], [-105.87634683650157, 39.649107063718695], [-105.87633518217876, 39.649107151651975], [-105.87633552342531, 39.6491341795313]], [[-105.87638100318715, 39.64904373486036], [-105.87639265749917, 39.649043646922614], [-105.87639254374321, 39.64903463762951], [-105.87638088943272, 39.64903472556725], [-105.87638100318715, 39.64904373486036]], [[-105.8764962948426, 39.64894375320807], [-105.87648464054767, 39.64894384115605], [-105.87648475431523, 39.648952850449064], [-105.87649640861166, 39.64895276250105], [-105.8764962948426, 39.64894375320807]], [[-105.8764512703493, 39.64907023509503], [-105.87645115658563, 39.64906122580212], [-105.87643950227086, 39.64906131374579], [-105.87643972979521, 39.64907933233165], [-105.87642807547736, 39.6490794202742], [-105.8764283029989, 39.64909743886007], [-105.87641664867796, 39.64909752680151], [-105.8764167624373, 39.64910653609445], [-105.8764051081148, 39.64910662403475], [-105.87640533563061, 39.649124642620635], [-105.87642864428159, 39.64912446673876], [-105.8764287580426, 39.649133476031636], [-105.87644041236952, 39.64913338808891], [-105.87643984355746, 39.64908834162456], [-105.8764514978768, 39.649088253680816], [-105.87645138411303, 39.64907924438793], [-105.87646303843077, 39.649079156443044], [-105.87646292466555, 39.64907014715017], [-105.8764512703493, 39.64907023509503]], [[-105.8764392747467, 39.64904329515986], [-105.87645092905846, 39.64904320721625], [-105.87645081529494, 39.6490341979233], [-105.8764391609847, 39.64903428586688], [-105.87643893346086, 39.64901626728088], [-105.87641562484626, 39.64901644316441], [-105.87641596612303, 39.649043471043576], [-105.87640431181113, 39.64904355898368], [-105.8764045393262, 39.64906157756976], [-105.87641619364115, 39.64906148962961], [-105.87641630740028, 39.6490704989226], [-105.87642796171667, 39.649070410981246], [-105.87642784795602, 39.649061401688286], [-105.87643950227086, 39.64906131374579], [-105.8764392747467, 39.64904329515986]], [[-105.87640465308382, 39.6490705868628], [-105.8764047668415, 39.6490795961558], [-105.87641642115945, 39.64907950821559], [-105.87641630740028, 39.6490704989226], [-105.87640465308382, 39.6490705868628]], [[-105.87658094697373, 39.649186388439816], [-105.87659260130906, 39.64918630048172], [-105.87659271509159, 39.649195309774115], [-105.87660436942838, 39.64919522181482], [-105.87660425564435, 39.64918621252248], [-105.87661590997959, 39.64918612456206], [-105.87661579619409, 39.64917711526971], [-105.87658083319275, 39.649177379147396], [-105.87658094697373, 39.649186388439816]], [[-105.87669236955144, 39.64878009064592], [-105.87669225575766, 39.64877108135314], [-105.87668060149234, 39.64877116932046], [-105.87668071528462, 39.64878017861328], [-105.87669236955144, 39.64878009064592]], [[-105.87685974047109, 39.64911220278868], [-105.8768713947931, 39.649112114802755], [-105.87687128097474, 39.64910310551091], [-105.87685962665424, 39.649103193496806], [-105.87685974047109, 39.64911220278868]], [[-105.87698862101242, 39.64916529062825], [-105.8769653123512, 39.64916546662264], [-105.8769655400129, 39.64918348520565], [-105.87697719434655, 39.64918339720898], [-105.87697708051418, 39.64917438791751], [-105.87698873484626, 39.64917429991969], [-105.87698862101242, 39.64916529062825]], [[-105.87729178683996, 39.64825297581204], [-105.8772916729705, 39.64824396651989], [-105.87728001879555, 39.64824405454639], [-105.87728013266349, 39.64825306383857], [-105.87729178683996, 39.64825297581204]], [[-105.87694170622788, 39.64821957892707], [-105.876941592404, 39.648210569634024], [-105.87692993823357, 39.64821065762533], [-105.87693005205594, 39.6482196669184], [-105.87694170622788, 39.64821957892707]], [[-105.87654318891337, 39.64804238409385], [-105.87653153476992, 39.64804247204487], [-105.87653164853991, 39.648051481339174], [-105.87654330268487, 39.648051393388116], [-105.87654318891337, 39.64804238409385]], [[-105.87658666878717, 39.6468707359619], [-105.87658655501481, 39.64686172666589], [-105.87659820895985, 39.64686163871152], [-105.87659809518603, 39.64685262941551], [-105.87657478729892, 39.64685280532304], [-105.87657501484057, 39.64687082391513], [-105.87658666878717, 39.6468707359619]], [[-105.8766097491295, 39.64685254146001], [-105.87660952157897, 39.64683452286803], [-105.87659786763854, 39.64683461082349], [-105.87659809518603, 39.64685262941551], [-105.8766097491295, 39.64685254146001]], [[-105.87681906489367, 39.646814920878754], [-105.87681917869602, 39.64682393017428], [-105.876807524758, 39.64682401815075], [-105.8768076385589, 39.64683302744629], [-105.8768309464379, 39.64683285149211], [-105.87683083263398, 39.646823842196625], [-105.87684248657192, 39.64682375421781], [-105.87684237276655, 39.646814744922345], [-105.87681906489367, 39.646814920878754]], [[-105.87966671012454, 39.649874860388046], [-105.87967836456582, 39.64987477211909], [-105.87967825038005, 39.64986576283522], [-105.87966659594026, 39.64986585110415], [-105.87966671012454, 39.649874860388046]], [[-105.87837386493882, 39.649947715983785], [-105.87837375092208, 39.64993870669687], [-105.87836209646598, 39.64993879483505], [-105.87836221048121, 39.64994780412199], [-105.87837386493882, 39.649947715983785]], [[-105.87972509652234, 39.649883428315285], [-105.87972475394687, 39.64985640046402], [-105.87971309950882, 39.64985648873761], [-105.87971321369908, 39.6498654980214], [-105.87970155925946, 39.64986558629384], [-105.87970167344825, 39.64987459557766], [-105.87969001900706, 39.64987468384895], [-105.87969013319439, 39.64988369313277], [-105.87967847875164, 39.64988378140293], [-105.87967859293752, 39.649892790686756], [-105.8796669384932, 39.649892878955775], [-105.87966705267762, 39.64990188823964], [-105.87965539823173, 39.649901976507515], [-105.87965551241469, 39.64991098579137], [-105.87964385796724, 39.64991107405812], [-105.87964397214873, 39.64992008334199], [-105.87972555329033, 39.6499194654501], [-105.87972543909825, 39.64991045616642], [-105.87973709354533, 39.64991036789149], [-105.87973675096488, 39.64988334004044], [-105.87972509652234, 39.649883428315285]], [[-105.87830371017706, 39.64993022622134], [-105.87830348216197, 39.64991220764712], [-105.87829182771009, 39.6499122957782], [-105.87829205572216, 39.649930314352474], [-105.87830371017706, 39.64993022622134]], [[-105.87831502260481, 39.64990311022776], [-105.87831468057816, 39.64987608236636], [-105.87830302613239, 39.649876170498494], [-105.87830336815449, 39.64990319835998], [-105.87831502260481, 39.64990311022776]], [[-105.87885089910682, 39.64988103630994], [-105.87885101318527, 39.64989004559578], [-105.87886266763167, 39.64988995740864], [-105.87886255355171, 39.64988094812283], [-105.87885089910682, 39.64988103630994]], [[-105.8788506709501, 39.64986301773822], [-105.87882736206622, 39.64986319410883], [-105.87882724799097, 39.649854184822885], [-105.87878063022866, 39.64985453754998], [-105.87878085836716, 39.64987255612208], [-105.87879251281083, 39.649872467942], [-105.87879262688166, 39.64988147722799], [-105.87881593577188, 39.64988130086429], [-105.87881582169803, 39.64987229157834], [-105.87882747614155, 39.64987220339475], [-105.87882759021691, 39.649881212680675], [-105.87885089910682, 39.64988103630994], [-105.8788506709501, 39.64986301773822]], [[-105.87878017395231, 39.64981850040562], [-105.87879182838691, 39.64981841222571], [-105.87879194245743, 39.6498274215118], [-105.8788152513295, 39.64982724514842], [-105.8788153654031, 39.649836254434426], [-105.87880371096558, 39.64983634261673], [-105.87880382503772, 39.64984535190276], [-105.87883878835467, 39.64984508735227], [-105.87883844612479, 39.6498180594944], [-105.87886175499344, 39.64981788312171], [-105.87886164091388, 39.649808873835795], [-105.8788499864811, 39.64980896202269], [-105.87884987240312, 39.64979995273671], [-105.8788382179718, 39.649800040922415], [-105.87883810389538, 39.649791031636404], [-105.87882644946552, 39.6497911198209], [-105.87882633539066, 39.649782110534844], [-105.87877971767676, 39.64978246326104], [-105.87877983174556, 39.64979147254721], [-105.87876817731546, 39.64979156072587], [-105.8787684054502, 39.649809579298214], [-105.87875675101701, 39.64980966747576], [-105.87875697914895, 39.6498276860481], [-105.87874532471268, 39.649827774224526], [-105.87874555284178, 39.64984579279688], [-105.87875720728107, 39.6498457046204], [-105.87875732134721, 39.649854713906514], [-105.87878063022866, 39.64985453754998], [-105.87878017395231, 39.64981850040562]], [[-105.87800001052426, 39.64987846152372], [-105.87800012449226, 39.649887470811635], [-105.87801177894087, 39.64988738270986], [-105.87801155100192, 39.649869364134105], [-105.87798824211066, 39.64986954033634], [-105.8779883560771, 39.64987854962429], [-105.87800001052426, 39.64987846152372]], [[-105.87832622101361, 39.64986698494592], [-105.87832599299317, 39.64984896637161], [-105.87831433855199, 39.649849054504834], [-105.87831456656939, 39.6498670730792], [-105.87832622101361, 39.64986698494592]], [[-105.87797658766497, 39.64986962843573], [-105.87797635973529, 39.64985160985974], [-105.87796470529256, 39.649851697957885], [-105.87796493321923, 39.649869716533935], [-105.87797658766497, 39.64986962843573]], [[-105.87973629419166, 39.64984730290551], [-105.87973617999849, 39.64983829362175], [-105.8797245255635, 39.64983838189645], [-105.87972463975515, 39.64984739118024], [-105.87973629419166, 39.64984730290551]], [[-105.87820956257407, 39.64985885693868], [-105.878209448579, 39.64984984765124], [-105.87819779413731, 39.64984993577277], [-105.87819790813086, 39.64985894506024], [-105.87820956257407, 39.64985885693868]], [[-105.87903691380868, 39.649843588034024], [-105.87903679970628, 39.64983457874856], [-105.87902514526974, 39.64983466695308], [-105.87902525937061, 39.64984367623857], [-105.87903691380868, 39.649843588034024]], [[-105.87817448525375, 39.649850112012324], [-105.87817437126327, 39.649841102724785], [-105.87816271682293, 39.649841190842785], [-105.8781628308119, 39.64985020013035], [-105.87817448525375, 39.649850112012324]], [[-105.87972418298881, 39.64981135404497], [-105.87972429718033, 39.649820363328814], [-105.87973595161228, 39.649820275054175], [-105.87973606580535, 39.649829284337976], [-105.87974772023878, 39.64982919606213], [-105.87974726346073, 39.64979315892697], [-105.87973560903336, 39.6497932472027], [-105.87973583741926, 39.64981126577037], [-105.87972418298881, 39.64981135404497]], [[-105.87845407781609, 39.64983898754212], [-105.87845396378935, 39.649829978255234], [-105.87844230935175, 39.64983006640127], [-105.87844242337697, 39.64983907568818], [-105.87845407781609, 39.64983898754212]], [[-105.87773127462847, 39.64982643180946], [-105.87773116069562, 39.64981742252082], [-105.87771950625788, 39.649817510594296], [-105.87771962018921, 39.64982651988297], [-105.87773127462847, 39.64982643180946]], [[-105.87845327963011, 39.64977592253366], [-105.87845339365653, 39.64978493182062], [-105.87844173922649, 39.6497850199665], [-105.87844208130149, 39.6498120478274], [-105.87845373573607, 39.649811959681436], [-105.87845362170951, 39.6498029503945], [-105.87846527614252, 39.649802862247384], [-105.87846493405858, 39.64977583438662], [-105.87845327963011, 39.64977592253366]], [[-105.87889591970848, 39.64975455355272], [-105.87889569154109, 39.64973653498082], [-105.87888403712056, 39.64973662317099], [-105.87888426528492, 39.64975464174296], [-105.87889591970848, 39.64975455355272]], [[-105.87785844791341, 39.6497443793281], [-105.87785833396438, 39.64973537003964], [-105.87784667954081, 39.64973545812573], [-105.87784679348832, 39.64974446741423], [-105.87785844791341, 39.6497443793281]], [[-105.87834759168337, 39.649713650793366], [-105.87834747767097, 39.649704641506034], [-105.87833582325409, 39.649704729641144], [-105.87833593726496, 39.64971373892851], [-105.87834759168337, 39.649713650793366]], [[-105.87803292236859, 39.64971603003181], [-105.87803280839704, 39.649707020743726], [-105.87800949956045, 39.64970719694965], [-105.87800961352897, 39.649716206237784], [-105.87803292236859, 39.64971603003181]], [[-105.87879023140492, 39.64969228221906], [-105.8787898891958, 39.64966525436012], [-105.8787782347869, 39.64966534253956], [-105.8787785769915, 39.649692370398576], [-105.87879023140492, 39.64969228221906]], [[-105.87860364673837, 39.64968468366424], [-105.87860376078392, 39.64969369295099], [-105.87861541519811, 39.64969360478902], [-105.87861518710403, 39.649675586215565], [-105.87859187828163, 39.64967576253824], [-105.87859199232562, 39.64968477182502], [-105.87860364673837, 39.64968468366424]], [[-105.87820659871905, 39.64962461546055], [-105.87820648472533, 39.64961560617274], [-105.87819483032294, 39.649615694293544], [-105.87819494431515, 39.64962470358139], [-105.87820659871905, 39.64962461546055]], [[-105.87869585552178, 39.64960289475657], [-105.87869574146463, 39.649593885469905], [-105.87868408706744, 39.64959397363976], [-105.87868420112306, 39.64960298292645], [-105.87869585552178, 39.64960289475657]], [[-105.87762273928288, 39.64953892717711], [-105.87762308103599, 39.6495659550451], [-105.87763473543183, 39.649565866981746], [-105.87763484935114, 39.64957487627102], [-105.87764650374842, 39.64957478820647], [-105.8776462759068, 39.64955676962797], [-105.87763462151254, 39.64955685769245], [-105.87763439367416, 39.64953883911384], [-105.87762273928288, 39.64953892717711]], [[-105.87787936378106, 39.64955500809271], [-105.87787913587917, 39.64953698951527], [-105.87786748148895, 39.649537077603085], [-105.87786770938783, 39.64955509618058], [-105.87787936378106, 39.64955500809271]], [[-105.87752939024531, 39.649530622351534], [-105.87752950415081, 39.64953963164111], [-105.87754115854251, 39.6495395435872], [-105.87754104463549, 39.64953053429765], [-105.87752939024531, 39.649530622351534]], [[-105.87752916243446, 39.64951260377232], [-105.87751750804725, 39.64951269182499], [-105.87751739414341, 39.649503682535325], [-105.87750573975767, 39.64950377058678], [-105.87750551195316, 39.64948575200738], [-105.8774938575704, 39.64948584005762], [-105.8774941992727, 39.64951286792679], [-105.87750585366, 39.64951277987647], [-105.87750596756237, 39.64952178916613], [-105.87751762195114, 39.64952170111463], [-105.87751773585508, 39.64953071040425], [-105.87752939024531, 39.649530622351534], [-105.87752916243446, 39.64951260377232]], [[-105.87749374366975, 39.64947683076787], [-105.87748208928843, 39.6494769188169], [-105.87748220318758, 39.649485928106685], [-105.8774938575704, 39.64948584005762], [-105.87749374366975, 39.64947683076787]], [[-105.87786736753958, 39.64952806831432], [-105.87786725359027, 39.64951905902553], [-105.87785559920304, 39.649519147112116], [-105.87785571315085, 39.64952815640093], [-105.87786736753958, 39.64952806831432]], [[-105.8775993165856, 39.64953009401071], [-105.87759920267106, 39.649521084721286], [-105.87758754828266, 39.64952117278098], [-105.87758766219568, 39.64953018207044], [-105.8775993165856, 39.64953009401071]], [[-105.87947555853651, 39.64950689186267], [-105.87947544437856, 39.64949788257774], [-105.8794637899999, 39.64949797082566], [-105.87946390415635, 39.6495069801106], [-105.87947555853651, 39.64950689186267]], [[-105.8786247886503, 39.649513330889356], [-105.87862456055522, 39.64949531231539], [-105.87861290617435, 39.64949540047792], [-105.8786131342664, 39.649513419051935], [-105.8786247886503, 39.649513330889356]], [[-105.87810022734459, 39.649508287759986], [-105.8781003413241, 39.64951729704822], [-105.87811199571026, 39.649517208937084], [-105.87811176774827, 39.64949919036064], [-105.87808845898196, 39.64949936658165], [-105.87808857295991, 39.64950837586993], [-105.87810022734459, 39.649508287759986]], [[-105.87853109743614, 39.64947799900841], [-105.87853098340088, 39.649468989721164], [-105.87851932902413, 39.64946907787425], [-105.87851944305787, 39.64947808716153], [-105.87853109743614, 39.64947799900841]], [[-105.87681744803089, 39.64945490780508], [-105.87681767565654, 39.64947292638791], [-105.87682933003924, 39.649472838405536], [-105.87682944385367, 39.649481847696904], [-105.87686440700602, 39.649481583742705], [-105.87686417936818, 39.64946356516014], [-105.87685252498714, 39.64946365314598], [-105.8768524111698, 39.649454643854654], [-105.87681744803089, 39.64945490780508]], [[-105.87883342680622, 39.649421650897544], [-105.87883331273196, 39.649412641610915], [-105.87882165836561, 39.649412729794236], [-105.87882177243836, 39.649421739080886], [-105.87883342680622, 39.649421650897544]], [[-105.87771415154255, 39.649394074010445], [-105.87771392368482, 39.64937605543171], [-105.87769061495739, 39.64937623157241], [-105.8776907288832, 39.64938524086185], [-105.87770238324846, 39.64938515279205], [-105.87770283895826, 39.649421189949514], [-105.8777144933295, 39.64942110187844], [-105.8777146072586, 39.64943011116774], [-105.87773791600398, 39.64942993502202], [-105.87773780207188, 39.64942092573277], [-105.87772614770071, 39.64942101380618], [-105.87772580590922, 39.649393985938275], [-105.87771415154255, 39.649394074010445]], [[-105.87685184208391, 39.64940959739777], [-105.87685195590099, 39.64941860668918], [-105.87686361027446, 39.64941851870347], [-105.8768637240931, 39.649427527994824], [-105.87688703284294, 39.64942735201987], [-105.87688669137809, 39.64940032414591], [-105.87686338263734, 39.64940050012071], [-105.87686349645588, 39.6494095094121], [-105.87685184208391, 39.64940959739777]], [[-105.87682876096797, 39.64942779194853], [-105.87682864715387, 39.64941878265709], [-105.87681699278023, 39.64941887063928], [-105.87681710659282, 39.64942787993075], [-105.87682876096797, 39.64942779194853]], [[-105.8783320609238, 39.64940742315019], [-105.87833194691466, 39.64939841386233], [-105.87832029254913, 39.64939850199532], [-105.87832040655675, 39.6494075112832], [-105.8783320609238, 39.64940742315019]], [[-105.87661852706026, 39.649393338281804], [-105.87661875463377, 39.649411356865784], [-105.87665371775259, 39.64941109297539], [-105.87665360396127, 39.6494020836835], [-105.8766419495899, 39.649402171648106], [-105.87664183580014, 39.64939316235616], [-105.87661852706026, 39.649393338281804]], [[-105.87658367773224, 39.64940261145358], [-105.87658356395005, 39.649393602161496], [-105.87656025520965, 39.649393778075456], [-105.87656036898882, 39.649402787367585], [-105.87658367773224, 39.64940261145358]], [[-105.8783898766917, 39.649370945316626], [-105.87838999070824, 39.649379954604385], [-105.87840164507044, 39.64937986646442], [-105.87840141703435, 39.64936184788896], [-105.8783547995974, 39.64936220044152], [-105.87835491360936, 39.64937120972938], [-105.8783898766917, 39.649370945316626]], [[-105.87647844707963, 39.649376375152755], [-105.87647856084811, 39.64938538444511], [-105.87649021521719, 39.64938529649694], [-105.8764901014472, 39.6493762872046], [-105.87647844707963, 39.649376375152755]], [[-105.87647833331121, 39.64936736586038], [-105.87646667894512, 39.64936745380734], [-105.87646679271204, 39.649376463099735], [-105.87647844707963, 39.649376375152755], [-105.87647833331121, 39.64936736586038]], [[-105.87757395740645, 39.64936810291611], [-105.87757372958532, 39.64935008433662], [-105.87756207522555, 39.64935017239345], [-105.87756230304365, 39.649368190973], [-105.87757395740645, 39.64936810291611]], [[-105.87657156823813, 39.64936666224267], [-105.87655991387246, 39.64936675019897], [-105.87656002765146, 39.64937575949114], [-105.87657168201866, 39.64937567153481], [-105.87657156823813, 39.64936666224267]], [[-105.87658322260377, 39.64936657428519], [-105.87658310882179, 39.64935756499305], [-105.87657145445766, 39.6493576529505], [-105.87657156823813, 39.64936666224267], [-105.87658322260377, 39.64936657428519]], [[-105.87657134067723, 39.649348643658335], [-105.87655968631458, 39.64934873161458], [-105.87655980009349, 39.64935774090678], [-105.87657145445766, 39.6493576529505], [-105.87657134067723, 39.649348643658335]], [[-105.8777952763506, 39.649357420323966], [-105.87779516241133, 39.64934841103474], [-105.87778350805253, 39.649348499113785], [-105.87778362199028, 39.649357508403035], [-105.8777952763506, 39.649357420323966]], [[-105.87678134681175, 39.649365078829206], [-105.87678123300407, 39.64935606953754], [-105.8767579242775, 39.64935624549102], [-105.87675803808217, 39.64936525478273], [-105.87678134681175, 39.649365078829206]], [[-105.87653649136499, 39.64935791681582], [-105.87653660514093, 39.64936692610808], [-105.87654825950672, 39.64936683815411], [-105.87654814572927, 39.649357828861895], [-105.87653649136499, 39.64935791681582]], [[-105.8765363775891, 39.649348907523574], [-105.87652472322628, 39.64934899547632], [-105.87652483700066, 39.6493580047686], [-105.87653649136499, 39.64935791681582], [-105.8765363775891, 39.649348907523574]], [[-105.87794666907111, 39.6493472659008], [-105.87794655511223, 39.649338256611934], [-105.8779349007556, 39.64933834470615], [-105.87793501471297, 39.64934735399505], [-105.87794666907111, 39.6493472659008]], [[-105.87664126685215, 39.649348115896274], [-105.87664138064164, 39.649357125188274], [-105.87665303500545, 39.64935703722381], [-105.87665280742348, 39.64933901863984], [-105.87662949870185, 39.649339194567474], [-105.87662961248978, 39.64934820385953], [-105.87664126685215, 39.649348115896274]], [[-105.87640806583612, 39.64934086564687], [-105.87640817959532, 39.64934987493946], [-105.87641983395864, 39.64934978699841], [-105.87641972019793, 39.649340777705845], [-105.87640806583612, 39.64934086564687]], [[-105.87640795207696, 39.649331856354266], [-105.87639629771661, 39.649331944294104], [-105.87639641147425, 39.64934095358672], [-105.87640806583612, 39.64934086564687], [-105.87640795207696, 39.649331856354266]], [[-105.87682762282923, 39.649337699033424], [-105.87682750901563, 39.649328689741836], [-105.87681585465712, 39.64932877772375], [-105.8768159684692, 39.64933778701537], [-105.87682762282923, 39.649337699033424]], [[-105.8767576966683, 39.64933822690756], [-105.87675758286379, 39.649329217615794], [-105.87673427414609, 39.649329393564436], [-105.8767343879476, 39.64933840285625], [-105.8767576966683, 39.64933822690756]], [[-105.87661784434094, 39.64933928252955], [-105.87661773055459, 39.64933027323746], [-105.87660607619515, 39.64933036119833], [-105.87660618998001, 39.649339370490445], [-105.87661784434094, 39.64933928252955]], [[-105.8764426876305, 39.649313573942706], [-105.87644257386697, 39.64930456465016], [-105.87641926515559, 39.64930474053549], [-105.87641949267665, 39.64932275912069], [-105.87644280139408, 39.649322583235254], [-105.87644291515772, 39.649331592527766], [-105.876477878238, 39.649331328690764], [-105.87647776446984, 39.649322319398316], [-105.87645445575271, 39.649322495290775], [-105.87645434198762, 39.64931348599827], [-105.8764426876305, 39.649313573942706]], [[-105.87702517774584, 39.64929115670577], [-105.87702540542406, 39.64930917528809], [-105.87703705977863, 39.64930908728518], [-105.87703717361934, 39.649318096576295], [-105.87706048233136, 39.64931792056692], [-105.87706002695673, 39.649281883402615], [-105.87703671825682, 39.64928205941176], [-105.87703683209736, 39.649291068702915], [-105.87702517774584, 39.64929115670577]], [[-105.87780624706696, 39.64930327650834], [-105.87780601918607, 39.64928525792977], [-105.8777943648379, 39.6492853460098], [-105.87779459271577, 39.64930336458841], [-105.87780624706696, 39.64930327650834]], [[-105.87637264773223, 39.64930509229213], [-105.87637276148668, 39.64931410158485], [-105.87638441584411, 39.64931401364741], [-105.87638430208814, 39.64930500435472], [-105.87637264773223, 39.64930509229213]], [[-105.8763725339778, 39.64929608299939], [-105.87636087962335, 39.6492961709356], [-105.87636099337624, 39.64930518022837], [-105.87637264773223, 39.64930509229213], [-105.8763725339778, 39.64929608299939]], [[-105.8763607658705, 39.649287161642825], [-105.87634911151751, 39.649287249577824], [-105.87634922526884, 39.64929625887063], [-105.87636087962335, 39.6492961709356], [-105.8763607658705, 39.649287161642825]], [[-105.87634899776623, 39.64927824028501], [-105.87633734341469, 39.64927832821882], [-105.87633745716445, 39.64928733751167], [-105.87634911151751, 39.649287249577824], [-105.87634899776623, 39.64927824028501]], [[-105.87689709369795, 39.64930113395143], [-105.87689697987547, 39.64929212465995], [-105.87688532552332, 39.64929221264877], [-105.87688543934426, 39.649301221940284], [-105.87689709369795, 39.64930113395143]], [[-105.87672216458776, 39.64929344436949], [-105.87672227838753, 39.6493024536614], [-105.87673393274191, 39.64930236568892], [-105.87673370513939, 39.64928434710516], [-105.87671039643662, 39.649284523048834], [-105.87671051023483, 39.64929353234078], [-105.87672216458776, 39.64929344436949]], [[-105.87650061810248, 39.6492861063315], [-105.87650073187346, 39.649295115623936], [-105.8765123862273, 39.649295027673695], [-105.87651249999986, 39.64930403696611], [-105.87652415435517, 39.64930394901467], [-105.8765240405811, 39.649294939722296], [-105.87653569493484, 39.64929485176972], [-105.87653558115932, 39.64928584247736], [-105.87650061810248, 39.6492861063315]], [[-105.87787571737515, 39.64926671084683], [-105.8778756034258, 39.649257701557666], [-105.8778639490825, 39.649257789644615], [-105.87786406303032, 39.6492667989338], [-105.87787571737515, 39.64926671084683]], [[-105.87681517178571, 39.649274721973754], [-105.87681505797399, 39.64926571268204], [-105.87679174927798, 39.64926588864198], [-105.87679186308668, 39.64927489793374], [-105.87681517178571, 39.649274721973754]], [[-105.8762084631467, 39.649225239654356], [-105.8762086906124, 39.64924325824083], [-105.87623199930444, 39.64924308239799], [-105.8762321130404, 39.64925209169115], [-105.87624376738786, 39.649252003767934], [-105.87624353991296, 39.64923398518167], [-105.87623188556854, 39.64923407310482], [-105.87623177183268, 39.649225063811635], [-105.8762084631467, 39.649225239654356]], [[-105.87675598960588, 39.649203087529706], [-105.87675587580215, 39.64919407823774], [-105.876744221466, 39.64919416621223], [-105.87674410766381, 39.649185156920204], [-105.87670914465964, 39.64918542083656], [-105.87670903086203, 39.649176411544445], [-105.87669737652871, 39.6491764995142], [-105.87669726273268, 39.64916749022205], [-105.87668560840082, 39.64916757819059], [-105.87668583598993, 39.64918559677495], [-105.87666252732002, 39.649185772708655], [-105.87666241352846, 39.649176763416435], [-105.87665075919494, 39.649176851381505], [-105.87665087298498, 39.649185860673754], [-105.8766392186499, 39.64918594863769], [-105.87663933243849, 39.64919495792996], [-105.87662767810184, 39.649195045892746], [-105.87662779188896, 39.649204055185024], [-105.87667440924128, 39.649203703326734], [-105.87667463682776, 39.64922172191102], [-105.87669794550968, 39.64922154597475], [-105.87669760412095, 39.64919451809847], [-105.87672091279359, 39.649194342157685], [-105.87672102659279, 39.64920335144974], [-105.87674433526824, 39.64920317550422], [-105.87674444907053, 39.64921218479621], [-105.8767677577488, 39.649212008845964], [-105.87676787155416, 39.649221018137865], [-105.87677952589473, 39.649220930160965], [-105.87677975350864, 39.6492389487447], [-105.8767914078522, 39.649238860766566], [-105.87679106642686, 39.64921183289104], [-105.87677941208786, 39.649211920869085], [-105.87677929828104, 39.649202911577184], [-105.87675598960588, 39.649203087529706]], [[-105.8769310323175, 39.64921978635482], [-105.87693091849096, 39.649210777063296], [-105.87691926415256, 39.64921086505537], [-105.87691937797759, 39.64921987434692], [-105.8769310323175, 39.64921978635482]], [[-105.87628992980342, 39.649215614891254], [-105.87629004354679, 39.64922462418432], [-105.87630169788946, 39.649224536255346], [-105.87630158414457, 39.64921552696232], [-105.87628992980342, 39.649215614891254]], [[-105.87628981606011, 39.64920660559819], [-105.8762781617204, 39.64920669352593], [-105.87627827546221, 39.649215702819035], [-105.87628992980342, 39.649215614891254], [-105.87628981606011, 39.64920660559819]], [[-105.87694245900128, 39.64920167977853], [-105.87694223134544, 39.64918366119548], [-105.87693057701163, 39.64918374918864], [-105.87693080466445, 39.64920176777175], [-105.87694245900128, 39.64920167977853]], [[-105.8769186950282, 39.649165818597396], [-105.87691858120347, 39.64915680930576], [-105.8769069268741, 39.64915689729651], [-105.8769070406973, 39.649165906588166], [-105.87689538636639, 39.649165994577764], [-105.87689550018813, 39.64917500386943], [-105.87690715452057, 39.64917491587982], [-105.87690726834388, 39.64918392517145], [-105.87691892267779, 39.64918383718063], [-105.87691880885296, 39.64917482788902], [-105.87693046318532, 39.649174739897056], [-105.87693034935903, 39.64916573060547], [-105.8769186950282, 39.649165818597396]], [[-105.87682557419238, 39.64917553178265], [-105.8768256880051, 39.64918454107448], [-105.87683734233936, 39.64918445309184], [-105.87683711471094, 39.64916643450822], [-105.87681380604842, 39.649166610472214], [-105.87681391985957, 39.64917561976409], [-105.87682557419238, 39.64917553178265]], [[-105.87684865522648, 39.64915733723266], [-105.87684888285783, 39.649175355816254], [-105.87687219152308, 39.64917517984518], [-105.87687207770436, 39.64916617055346], [-105.87686042337327, 39.649166258539545], [-105.87686030955612, 39.64915724924777], [-105.87684865522648, 39.64915733723266]], [[-105.87647583041871, 39.64916916142462], [-105.87647594418601, 39.6491781707173], [-105.8764875985203, 39.649178082769765], [-105.87648737098272, 39.64916006418444], [-105.87646406232015, 39.649160240078224], [-105.87646417608588, 39.649169249370956], [-105.87647583041871, 39.64916916142462]], [[-105.87641755875407, 39.64916960114462], [-105.87641767251382, 39.649178610437446], [-105.87642932684835, 39.64917852249575], [-105.8764292130871, 39.64916951320296], [-105.87641755875407, 39.64916960114462]], [[-105.87641744499437, 39.64916059185178], [-105.87640579066282, 39.649160679792246], [-105.87640567690468, 39.649151670499364], [-105.87639402257457, 39.649151758438634], [-105.876393908818, 39.6491427491457], [-105.87638225448936, 39.64914283708378], [-105.87638259575468, 39.649169864962595], [-105.87641755875407, 39.64916960114462], [-105.87641744499437, 39.64916059185178]], [[-105.87837537197177, 39.64914580125626], [-105.87837525795808, 39.649136791968125], [-105.87836360363661, 39.64913688010498], [-105.87836371764881, 39.649145889393154], [-105.87837537197177, 39.64914580125626]], [[-105.87661556862324, 39.649159096685], [-105.87661545483789, 39.64915008739263], [-105.87659214617945, 39.64915026331208], [-105.87659225996177, 39.649159272604514], [-105.87661556862324, 39.649159096685]], [[-105.87662688159345, 39.6491319808464], [-105.8766269953802, 39.64914099013877], [-105.87663864970777, 39.64914090217615], [-105.87663853591951, 39.649131892883794], [-105.87662688159345, 39.6491319808464]], [[-105.87662676780674, 39.64912297155401], [-105.87661511348215, 39.6491230595154], [-105.87661522726734, 39.64913206880782], [-105.87662688159345, 39.6491319808464], [-105.87662676780674, 39.64912297155401]], [[-105.87638214073436, 39.64913382779083], [-105.87638202697941, 39.64912481849784], [-105.87637037265374, 39.64912490643468], [-105.87637048640718, 39.649133915727695], [-105.87638214073436, 39.64913382779083]], [[-105.87618367597769, 39.64910829467826], [-105.8761835622486, 39.64909928538476], [-105.87617190792659, 39.64909937330164], [-105.87617202165417, 39.64910838259517], [-105.87618367597769, 39.64910829467826]], [[-105.87639311252349, 39.64907968409485], [-105.87639299876733, 39.649070674801806], [-105.87638134445078, 39.649070762739655], [-105.87638145820542, 39.64907977203272], [-105.87639311252349, 39.64907968409485]], [[-105.87670755149787, 39.649059290745704], [-105.87670743770099, 39.649050281453384], [-105.87669578338885, 39.64905036942274], [-105.87669589718422, 39.64905937871509], [-105.87670755149787, 39.649059290745704]], [[-105.87671852302186, 39.64900514702123], [-105.87671829542573, 39.648987128436474], [-105.87670664112423, 39.64898721640681], [-105.87670675492076, 39.64899622569923], [-105.8766951006177, 39.64899631366841], [-105.87669521441276, 39.64900532296083], [-105.87668356010812, 39.649005410928886], [-105.87668378769537, 39.64902342951375], [-105.87669544200304, 39.649023341545636], [-105.87669532820786, 39.649014332253245], [-105.87670698251395, 39.649014244284004], [-105.87670686871733, 39.64900523499162], [-105.87671852302186, 39.64900514702123]], [[-105.87788247187953, 39.64887922331271], [-105.87788258582823, 39.64888823260245], [-105.87789424010944, 39.64888814451432], [-105.87789401220908, 39.64887012593488], [-105.87787070365265, 39.64887030210988], [-105.87787081759977, 39.64887931139966], [-105.87788247187953, 39.64887922331271]], [[-105.87781254620023, 39.648879751816814], [-105.87781220438166, 39.648852723947], [-105.87780055010613, 39.64885281202684], [-105.87780089192017, 39.648879839896736], [-105.87781254620023, 39.648879751816814]], [[-105.87761419560452, 39.6488632304357], [-105.87761385386338, 39.64883620256438], [-105.87760219959002, 39.64883629062428], [-105.87760254132661, 39.6488633184957], [-105.87761419560452, 39.6488632304357]], [[-105.87750930710152, 39.64886402293355], [-105.87750907930125, 39.648846004352166], [-105.8774974250259, 39.64884609240159], [-105.87749765282314, 39.64886411098302], [-105.87750930710152, 39.64886402293355]], [[-105.87777712762004, 39.648843978892955], [-105.87777689975043, 39.64882596031282], [-105.87776524547928, 39.64882604838907], [-105.87776547334587, 39.64884406696927], [-105.87777712762004, 39.648843978892955]], [[-105.87784693932005, 39.648834441120684], [-105.8778468253762, 39.64882543183077], [-105.87783517110536, 39.64882551991404], [-105.87783528504771, 39.64883452920398], [-105.87784693932005, 39.648834441120684]], [[-105.87778798434078, 39.64878082578493], [-105.87777633007727, 39.6487809138622], [-105.87777655794638, 39.64879893244249], [-105.87779986647944, 39.64879875628665], [-105.87780009435478, 39.64881677486678], [-105.87781174862427, 39.64881668678704], [-105.8778112928677, 39.648780649626865], [-105.87779963860427, 39.64878073770648], [-105.87779975254182, 39.64878974699657], [-105.87778809827684, 39.64878983507504], [-105.87778798434078, 39.64878082578493]], [[-105.87783460139441, 39.64878047346412], [-105.87783437351038, 39.648762454884064], [-105.87782271925008, 39.64876254296596], [-105.87782283319055, 39.64877155225603], [-105.8778111789287, 39.64877164033678], [-105.8778112928677, 39.648780649626865], [-105.87783460139441, 39.64878047346412]], [[-105.87862743331532, 39.6488015090127], [-105.87862731927028, 39.64879249972463], [-105.87861566500742, 39.648792587886135], [-105.87861577905093, 39.64880159717424], [-105.87862743331532, 39.6488015090127]], [[-105.8783243084191, 39.64879479154397], [-105.87832408040784, 39.64877677296631], [-105.87831242614666, 39.64877686109737], [-105.8783126541549, 39.64879487967508], [-105.8783243084191, 39.64879479154397]], [[-105.87863851734747, 39.64875637440961], [-105.87863885948663, 39.64878340227388], [-105.87865051374787, 39.648783314110055], [-105.87865039969992, 39.648774304822005], [-105.87866205395962, 39.64877421665704], [-105.87866182586085, 39.64875619808096], [-105.87863851734747, 39.64875637440961]], [[-105.8783591572012, 39.64878551785487], [-105.87835892918096, 39.648767499277355], [-105.87834727492145, 39.64876758741189], [-105.87834750293867, 39.64878560598946], [-105.8783591572012, 39.64878551785487]], [[-105.87791606728362, 39.64877084756788], [-105.87791618123624, 39.648779856857715], [-105.87792783549918, 39.6487797687664], [-105.87792794945335, 39.64878877805619], [-105.87793960371773, 39.64878868996367], [-105.87793926185078, 39.648761662094365], [-105.87792760759095, 39.648761750186786], [-105.87792772154502, 39.6487707594766], [-105.87791606728362, 39.64877084756788]], [[-105.87684341976207, 39.64874290979422], [-105.87684353357535, 39.64875191908667], [-105.87685518783692, 39.64875183110305], [-105.87685507402213, 39.64874282181062], [-105.87684341976207, 39.64874290979422]], [[-105.87684330594881, 39.648733900501746], [-105.87685496020737, 39.64873381251816], [-105.87685484639266, 39.64872480322572], [-105.87683153787854, 39.648724979191634], [-105.87683165169021, 39.648733988484146], [-105.87681999743157, 39.64873407646539], [-105.87682011124178, 39.64874308575793], [-105.87684341976207, 39.64874290979422], [-105.87684330594881, 39.648733900501746]], [[-105.87778695891875, 39.648699742173186], [-105.8777868449832, 39.64869073288292], [-105.8777751907348, 39.64869082095991], [-105.87777530466882, 39.64869983025021], [-105.87778695891875, 39.648699742173186]], [[-105.87688924006804, 39.64867949280595], [-105.87688912624911, 39.64867048351347], [-105.8768774720013, 39.64867057150036], [-105.87687758581872, 39.64867958079285], [-105.87688924006804, 39.64867949280595]], [[-105.87690066667648, 39.648661386232966], [-105.87690055285613, 39.648652376940504], [-105.87688889861138, 39.6486524649285], [-105.87688901243023, 39.64866147422099], [-105.87690066667648, 39.648661386232966]], [[-105.87693414969546, 39.6485440014598], [-105.87693403587124, 39.648534992167235], [-105.87692238164632, 39.648535080158375], [-105.87692226782367, 39.64852607086576], [-105.87689895937669, 39.6485262468445], [-105.87689907319633, 39.64853525613716], [-105.87688741897125, 39.64853534412481], [-105.87688764660763, 39.648553362710146], [-105.87692260929177, 39.648553098743555], [-105.87692272311459, 39.64856210803611], [-105.87693437734404, 39.648562020044885], [-105.87693426351973, 39.648553010752345], [-105.87694591774763, 39.64855292275998], [-105.87694580392184, 39.64854391346745], [-105.87693414969546, 39.6485440014598]], [[-105.87687519566362, 39.64849038564753], [-105.87687530948001, 39.64849939494031], [-105.87686365526088, 39.648499482925494], [-105.87686399670585, 39.64852651080382], [-105.8768756509295, 39.64852642281854], [-105.87687553711297, 39.64851741352581], [-105.87688719133507, 39.648517325539395], [-105.87688684988117, 39.64849029766119], [-105.87687519566362, 39.64849038564753]], [[-105.87875175215245, 39.648494223366455], [-105.87875152403267, 39.64847620478994], [-105.8787398698233, 39.64847629296334], [-105.87874009794005, 39.6484943115399], [-105.87875175215245, 39.648494223366455]], [[-105.87739735772526, 39.64830623927187], [-105.87739724384188, 39.648297229980045], [-105.87738558965832, 39.64829731801723], [-105.87738570354018, 39.648306327309065], [-105.87739735772526, 39.64830623927187]], [[-105.87734994384446, 39.64824352636989], [-105.87734982996749, 39.64823451707785], [-105.87733817579432, 39.64823460511016], [-105.87733828966977, 39.648243614402226], [-105.87734994384446, 39.64824352636989]], [[-105.87711640495434, 39.648209249624095], [-105.87711617726136, 39.64819123103879], [-105.87709286892803, 39.6481914070552], [-105.87709298277147, 39.64820041634791], [-105.87708132860323, 39.648200504354385], [-105.87708144244519, 39.648209513647124], [-105.87706978827538, 39.648209601652454], [-105.87706990211589, 39.6482186109452], [-105.87708155628724, 39.64821852293984], [-105.87708167012931, 39.648227532232546], [-105.8770933243021, 39.648227444225974], [-105.87709321045851, 39.6482184349333], [-105.87710486462973, 39.6482183469256], [-105.87710475078468, 39.64820933763295], [-105.87711640495434, 39.648209249624095]], [[-105.87706944675412, 39.64818257377414], [-105.87705779258879, 39.648182661778215], [-105.87705790642765, 39.648191671071054], [-105.87706956059448, 39.64819158306693], [-105.87706944675412, 39.64818257377414]], [[-105.87708110091941, 39.648182485768885], [-105.87708098707758, 39.64817347647611], [-105.8770693329138, 39.64817356448133], [-105.87706944675412, 39.64818257377414], [-105.87708110091941, 39.648182485768885]], [[-105.87708075939408, 39.64815545789052], [-105.8770808732358, 39.64816446718333], [-105.877092527398, 39.648164379176954], [-105.87709241355478, 39.64815536988418], [-105.87708075939408, 39.64815545789052]], [[-105.8770806455524, 39.648146448597714], [-105.87706899139317, 39.648146536602844], [-105.87706910523333, 39.64815554589569], [-105.87708075939408, 39.64815545789052], [-105.8770806455524, 39.648146448597714]], [[-105.87710406771541, 39.648155281876676], [-105.87710395387072, 39.648146272583915], [-105.87711560802978, 39.64814618457527], [-105.87711538033753, 39.64812816598976], [-105.87710372618147, 39.64812825399835], [-105.87710384002607, 39.648137263291126], [-105.87709218586845, 39.64813735129858], [-105.87709241355478, 39.64815536988418], [-105.87710406771541, 39.648155281876676]], [[-105.87713811940459, 39.64808294350532], [-105.87713800555576, 39.64807393421253], [-105.87712635140888, 39.6480740222233], [-105.8771264652562, 39.64808303151611], [-105.87711481110775, 39.64808311952574], [-105.8771150387995, 39.648101138111386], [-105.87713834710239, 39.64810096209085], [-105.87713823325348, 39.648091952798104], [-105.87714988740332, 39.64809186478612], [-105.87714977355293, 39.64808285549336], [-105.87713811940459, 39.64808294350532]], [[-105.87651862917657, 39.64794345775614], [-105.87649532092271, 39.647943633651735], [-105.8764954346876, 39.64795264294629], [-105.87650708881607, 39.64795255499904], [-105.87650720258253, 39.64796156429354], [-105.87651885671245, 39.64796147634511], [-105.87651862917657, 39.64794345775614]], [[-105.87648378055907, 39.64795273089234], [-105.8764838943225, 39.64796174018691], [-105.87649554845254, 39.64796165224081], [-105.8764954346876, 39.64795264294629], [-105.87648378055907, 39.64795273089234]], [[-105.87646035854152, 39.647943897486364], [-105.87646024478123, 39.64793488819171], [-105.87644859065557, 39.647934976134216], [-105.87644870441436, 39.64794398542889], [-105.87646035854152, 39.647943897486364]], [[-105.87649520715787, 39.64793462435717], [-105.87649509339309, 39.647925615062604], [-105.8764834392691, 39.64792570300859], [-105.87648355303237, 39.64793471230319], [-105.87649520715787, 39.64793462435717]], [[-105.87641101194461, 39.647728026171436], [-105.8764108981916, 39.64771901687634], [-105.87639924410203, 39.6477191048135], [-105.87639935785353, 39.647728114108624], [-105.87641101194461, 39.647728026171436]], [[-105.8763877037624, 39.64772820204465], [-105.8763875900124, 39.64771919274949], [-105.87637593592274, 39.647719280684306], [-105.87637604967124, 39.647728289979504], [-105.8763877037624, 39.64772820204465]], [[-105.87634074616568, 39.647701525891186], [-105.87634063242189, 39.64769251659589], [-105.87631732425118, 39.64769269245484], [-105.87631743799194, 39.6477017017502], [-105.87634074616568, 39.647701525891186]], [[-105.87734265582176, 39.64766693165113], [-105.87734254194807, 39.64765792235819], [-105.87735419602441, 39.647657834326495], [-105.87735408214927, 39.64764882503356], [-105.87733077399955, 39.64764900109572], [-105.87733122948836, 39.64768503826759], [-105.8773428835693, 39.647684950236986], [-105.8773427696955, 39.64767594094407], [-105.87735442377488, 39.64767585291232], [-105.87735430989962, 39.64766684361942], [-105.87734265582176, 39.64766693165113]], [[-105.87638724876271, 39.64769216486395], [-105.87638702126317, 39.64767414627351], [-105.87636371309891, 39.647674322141704], [-105.8763639405924, 39.647692340732256], [-105.87638724876271, 39.64769216486395]], [[-105.87713299625806, 39.64767752531557], [-105.87713288241153, 39.64766851602214], [-105.8771212283327, 39.64766860403164], [-105.8771213421777, 39.64767761332509], [-105.87713299625806, 39.64767752531557]], [[-105.87737750417696, 39.64765765825961], [-105.87737761805519, 39.64766666755247], [-105.8773892721329, 39.64766657951724], [-105.87738904437347, 39.64764856093157], [-105.87736573622405, 39.647648737000736], [-105.87736585010072, 39.64765774629364], [-105.87737750417696, 39.64765765825961]], [[-105.8763280684001, 39.647620530162754], [-105.87632818214198, 39.64762953945818], [-105.87633983621673, 39.64762945152832], [-105.87633960872999, 39.64761143293747], [-105.8763163005865, 39.64761160879592], [-105.87631641432681, 39.64762061809141], [-105.8763280684001, 39.647620530162754]], [[-105.87667700785255, 39.647563835991086], [-105.87667689406567, 39.64755482669637], [-105.8766652400045, 39.64755491465992], [-105.87666535378987, 39.64756392395465], [-105.87667700785255, 39.647563835991086]], [[-105.87668809297371, 39.64751870155278], [-105.87668820676191, 39.64752771084752], [-105.87667655270532, 39.64752779881215], [-105.87667643891865, 39.64751878951738], [-105.87666478486352, 39.64751887748082], [-105.8766650124339, 39.6475368960704], [-105.87669997460819, 39.64753663217641], [-105.87669986081843, 39.64752762288171], [-105.87671151487491, 39.64752753491475], [-105.8767114010837, 39.647518525620065], [-105.87668809297371, 39.64751870155278]], [[-105.87743361073716, 39.64748604150753], [-105.87743349685239, 39.647477032214525], [-105.87742184280664, 39.64747712025383], [-105.87742195668989, 39.64748612954687], [-105.87743361073716, 39.64748604150753]], [[-105.87633710638944, 39.64741322843426], [-105.87633699264728, 39.6474042191385], [-105.87632533861034, 39.64740430706765], [-105.87632545235098, 39.64741331636344], [-105.87633710638944, 39.64741322843426]], [[-105.87684908737113, 39.64734629333024], [-105.87684920117952, 39.64735530262485], [-105.87683754715239, 39.64735539060532], [-105.87683766095931, 39.64736439989996], [-105.87682600693061, 39.64736448787929], [-105.87682612073608, 39.64737349717392], [-105.87684942879645, 39.64737332121405], [-105.87684931498796, 39.64736431191947], [-105.87686096901656, 39.6473642239378], [-105.8768607413967, 39.647346205348626], [-105.87684908737113, 39.64734629333024]], [[-105.87635961825096, 39.64734998750209], [-105.87635950450613, 39.64734097820627], [-105.87634785047986, 39.64734106613758], [-105.87634796422319, 39.64735007543342], [-105.87635961825096, 39.64734998750209]], [[-105.87693043791126, 39.64732765884553], [-105.87691878388901, 39.64732774683411], [-105.87691889770637, 39.64733675612858], [-105.87693055173013, 39.647336668139985], [-105.87693043791126, 39.64732765884553]], [[-105.87695374595559, 39.647327482864895], [-105.87695351831194, 39.64730946427606], [-105.87694186429283, 39.647309552266904], [-105.87694197811311, 39.64731856156136], [-105.87693032409243, 39.64731864955107], [-105.87693043791126, 39.64732765884553], [-105.87695374595559, 39.647327482864895]], [[-105.876965172331, 39.64730937628405], [-105.87696505850774, 39.64730036698963], [-105.8769534044902, 39.64730045498162], [-105.87695351831194, 39.64730946427606], [-105.876965172331, 39.64730937628405]], [[-105.8769417504726, 39.64730054297244], [-105.87693009645494, 39.64730063096209], [-105.87693021027366, 39.647309640256594], [-105.87694186429283, 39.647309552266904], [-105.8769417504726, 39.64730054297244]], [[-105.87690701605092, 39.647318825526966], [-105.87689536203008, 39.64731891351318], [-105.87689558965872, 39.64733693210227], [-105.87690724368258, 39.64733684411601], [-105.87690701605092, 39.647318825526966]], [[-105.8769186700717, 39.6473187375396], [-105.87691855625444, 39.6473097282451], [-105.87690690223518, 39.64730981623244], [-105.87690701605092, 39.647318825526966], [-105.8769186700717, 39.6473187375396]], [[-105.87689513440166, 39.64730089492403], [-105.87689502058754, 39.647291885629436], [-105.87688336657119, 39.64729197361439], [-105.87688348038381, 39.64730098290901], [-105.87689513440166, 39.64730089492403]], [[-105.87620743353568, 39.647297074741026], [-105.87620731981082, 39.64728806544478], [-105.87619566579298, 39.64728815336071], [-105.87619589323974, 39.647306171953275], [-105.87621920128143, 39.64730599612011], [-105.876219087555, 39.64729698682388], [-105.87620743353568, 39.647297074741026]], [[-105.87619555206967, 39.64727914406441], [-105.87618389805328, 39.64727923197916], [-105.87618401177508, 39.6472882412755], [-105.87619566579298, 39.64728815336071], [-105.87619555206967, 39.64727914406441]], [[-105.87685823759176, 39.647148000863986], [-105.87685835140054, 39.647157010158885], [-105.87684669740672, 39.64715709813991], [-105.87684692502141, 39.647175116729734], [-105.87685857901825, 39.64717502874866], [-105.87685869282718, 39.64718403804353], [-105.87684703882883, 39.64718412602464], [-105.8768471526363, 39.64719313531951], [-105.87687046063597, 39.647192959356076], [-105.87687023301504, 39.64717494076641], [-105.87688188701178, 39.647174852782996], [-105.87688154557621, 39.64714782489849], [-105.87685823759176, 39.647148000863986]], [[-105.8769631235202, 39.64714720898244], [-105.87696300969786, 39.64713819968777], [-105.87697466368813, 39.64713811169512], [-105.87697454986434, 39.647129102400456], [-105.87698620385306, 39.647129014406666], [-105.87698609002781, 39.64712000511202], [-105.8769744360406, 39.64712009310579], [-105.87697432221691, 39.647111083811104], [-105.87696266823116, 39.64711117180368], [-105.87696278205335, 39.6471201810984], [-105.87695112806604, 39.64712026908982], [-105.87695124188676, 39.64712927838455], [-105.8769395878979, 39.647129366374834], [-105.87693970171713, 39.64713837566957], [-105.87691639373622, 39.647138551646705], [-105.87691673518523, 39.647165579531], [-105.87692838918026, 39.64716549154294], [-105.87692827536237, 39.647156482248214], [-105.87695158334924, 39.647156306268634], [-105.87695146952835, 39.64714729697396], [-105.8769631235202, 39.64714720898244]], [[-105.87673015746574, 39.64715797788581], [-105.87673027125793, 39.64716698718101], [-105.87675357924957, 39.647166811241135], [-105.87675335165918, 39.64714879265083], [-105.8767416976664, 39.6471488806213], [-105.87674181146006, 39.647157889916485], [-105.87673015746574, 39.64715797788581]], [[-105.87675266888924, 39.64709473687958], [-105.87675255509443, 39.64708572758432], [-105.87672924713002, 39.647085903523696], [-105.87672947471363, 39.64710392211431], [-105.87671782072833, 39.64710401008231], [-105.87671793451871, 39.64711301937763], [-105.87670628053183, 39.647113107344474], [-105.87670639432075, 39.64712211663981], [-105.87674135628573, 39.64712185273566], [-105.8767415838728, 39.6471398713261], [-105.87676489185526, 39.64713969538405], [-105.87676455046567, 39.64711266749853], [-105.87674124249229, 39.64711284344041], [-105.87674101490553, 39.64709482484988], [-105.87675266888924, 39.64709473687958]], [[-105.87665966458384, 39.64711345920019], [-105.87665955080102, 39.647104449904724], [-105.87664789681541, 39.64710453786571], [-105.87664801059671, 39.6471135471612], [-105.87665966458384, 39.64711345920019]], [[-105.87664744169071, 39.647068500683645], [-105.8766475554718, 39.64707750997918], [-105.87663590149067, 39.64707759793891], [-105.87663601527031, 39.647086607234456], [-105.87665932323554, 39.64708643131378], [-105.87665920945288, 39.64707742201829], [-105.87667086343392, 39.64707733405623], [-105.87667074964979, 39.647068324760745], [-105.87664744169071, 39.647068500683645]], [[-105.87688063508362, 39.647075750539166], [-105.87688052127228, 39.64706674124419], [-105.8768688672937, 39.64706682922727], [-105.87686898110353, 39.647075838522284], [-105.87688063508362, 39.647075750539166]], [[-105.87683367774717, 39.647049074579265], [-105.87683322252691, 39.64701303739864], [-105.87684487649659, 39.64701294941924], [-105.87684476269015, 39.647003940124065], [-105.87683310872198, 39.64700402810345], [-105.8768329949171, 39.64699501880825], [-105.87682134095039, 39.64699510678643], [-105.87682145475377, 39.64700411608166], [-105.8768098007855, 39.647004204058696], [-105.87680991458741, 39.64701321335394], [-105.87679826061759, 39.647013301329835], [-105.87679848821854, 39.64703131992035], [-105.87678683424565, 39.64703140789513], [-105.87678694804468, 39.6470404171904], [-105.8767986020191, 39.647040329215585], [-105.87679905722182, 39.64707636639637], [-105.87681071120222, 39.64707627842028], [-105.87681059739995, 39.64706726912513], [-105.87682225137881, 39.64706718114789], [-105.8768220237714, 39.647049162557614], [-105.87683367774717, 39.647049074579265]], [[-105.87674033214651, 39.64704076907795], [-105.87674021835352, 39.64703175978257], [-105.87675187232662, 39.647031671812464], [-105.87675175853217, 39.64702266251712], [-105.87672845058893, 39.6470228384561], [-105.87672856438034, 39.64703184775151], [-105.87671691040714, 39.64703193571928], [-105.8767170241971, 39.64704094501471], [-105.87670537022234, 39.647041032981335], [-105.8767055977994, 39.64705905157221], [-105.8767172517772, 39.64705896360553], [-105.87671713798713, 39.64704995431012], [-105.87672879196336, 39.64704986634229], [-105.87672867817183, 39.64704085704692], [-105.87674033214651, 39.64704076907795]], [[-105.87673896663397, 39.64693265753254], [-105.87672731267745, 39.646932745501175], [-105.87672742646836, 39.646941754796714], [-105.8767390804264, 39.64694166682807], [-105.87673896663397, 39.64693265753254]], [[-105.87675062059044, 39.646932569562736], [-105.87675050679655, 39.646923560267226], [-105.87673885284158, 39.646923648237], [-105.87673896663397, 39.64693265753254], [-105.87675062059044, 39.646932569562736]], [[-105.87679723641583, 39.646932217671846], [-105.87679712261588, 39.64692320837645], [-105.87678546866114, 39.6469232963509], [-105.87678558245956, 39.64693230564632], [-105.87679723641583, 39.646932217671846]], [[-105.87683174306673, 39.64689591656004], [-105.87683185687105, 39.64690492585541], [-105.8768435108226, 39.646904837876335], [-105.87684328321097, 39.646886819285655], [-105.87681997531391, 39.64688699524251], [-105.87682008911666, 39.646896004537915], [-105.87683174306673, 39.64689591656004]], [[-105.87674959644725, 39.64685148590259], [-105.87674982403428, 39.64686950449382], [-105.87673817008839, 39.64686959246343], [-105.87673828388047, 39.64687860175907], [-105.8767615917752, 39.646878425818635], [-105.87676147798011, 39.64686941652305], [-105.8767731319259, 39.646869328551105], [-105.87677290433284, 39.64685130995998], [-105.87674959644725, 39.64685148590259]], [[-105.87683117404589, 39.646850870083014], [-105.87683106024187, 39.646841860787575], [-105.87681940630088, 39.64684194876527], [-105.87681952010338, 39.646850958060746], [-105.87683117404589, 39.646850870083014]], [[-105.87666767749775, 39.64682507377731], [-105.8766674499324, 39.64680705518552], [-105.87664414206102, 39.646807231106806], [-105.87664436962032, 39.64682524969869], [-105.87663271568152, 39.646825337657646], [-105.876632943238, 39.64684335624953], [-105.87662128929612, 39.646843444207356], [-105.87662140307293, 39.646852453503314], [-105.87664471095964, 39.646852277586426], [-105.8766445971798, 39.64684326829053], [-105.87665625112157, 39.646843180330364], [-105.87665602355905, 39.6468251617386], [-105.87666767749775, 39.64682507377731]], [[-105.87660815628014, 39.64672641131497], [-105.87659650235784, 39.646726499270095], [-105.87659661613095, 39.6467355085663], [-105.87660827005477, 39.64673542061115], [-105.87660815628014, 39.64672641131497]], [[-105.87661981020241, 39.64672632335868], [-105.87661969642632, 39.64671731406253], [-105.87660804250558, 39.6467174020188], [-105.87660815628014, 39.64672641131497], [-105.87661981020241, 39.64672632335868]], [[-105.87668905102473, 39.64667173982024], [-105.87668927859457, 39.64668975841232], [-105.87671258642622, 39.64668958248242], [-105.87671247263826, 39.64668057318643], [-105.87672412655249, 39.646680485219754], [-105.87672401276306, 39.64667147592379], [-105.87668905102473, 39.64667173982024]]], [[[-105.87683574894471, 39.64905832300528], [-105.8768356351312, 39.64904931371328], [-105.87682398081962, 39.6490494016955], [-105.87682352557209, 39.649013364527235], [-105.87683517987763, 39.649013276545126], [-105.87683506606436, 39.64900426725304], [-105.87687002897611, 39.64900400329979], [-105.87687014279392, 39.64901301259179], [-105.87688179709924, 39.64901292460501], [-105.87688168327993, 39.64900391531304], [-105.8768933375837, 39.64900382732511], [-105.87689322376292, 39.64899481803317], [-105.87690487806512, 39.6489947300441], [-105.8769049918874, 39.649003739336024], [-105.87691664619106, 39.64900365134576], [-105.87691676001492, 39.64901266063764], [-105.87692841432003, 39.64901257264617], [-105.87692852814546, 39.64902158193801], [-105.87694018245205, 39.64902149394535], [-105.87694029627902, 39.64903050323716], [-105.87691698766277, 39.649030679221354], [-105.87691710148678, 39.649039688513184], [-105.87688213855749, 39.64903995248081], [-105.876882252377, 39.64904896177271], [-105.87687059806564, 39.649049049759604], [-105.8768708257018, 39.649067068343435], [-105.87684751707285, 39.64906724431383], [-105.87684740325776, 39.64905823502186], [-105.87683574894471, 39.64905832300528]]], [[[-105.87597776400123, 39.64756911173622], [-105.87598941806692, 39.647569023841626], [-105.87598919067165, 39.64755100524888], [-105.87600084473426, 39.64755091735317], [-105.87600061733616, 39.64753289876044], [-105.8760122713957, 39.647532810863616], [-105.87601204399478, 39.647514792270876], [-105.87602369805126, 39.64751470437294], [-105.87602358434934, 39.647505695076575], [-105.87603523840426, 39.6475056071775], [-105.87603535210766, 39.64751461647382], [-105.87604700616404, 39.64751452857356], [-105.87604711986901, 39.64752353786985], [-105.87605877392684, 39.64752344996838], [-105.87605888763338, 39.64753245926463], [-105.8760239254552, 39.64753272296562], [-105.87602438026371, 39.647568760150804], [-105.87601272619816, 39.64756884804891], [-105.8760128398989, 39.64757785734521], [-105.8760011858318, 39.64757794524217], [-105.87600141323041, 39.647595963834775], [-105.87596645101972, 39.64759622751881], [-105.87596633732493, 39.647587218222434], [-105.8759779913937, 39.64758713032895], [-105.87597776400123, 39.64756911173622]]], [[[-105.87593512692389, 39.64788478867144], [-105.875935013232, 39.64787577937544], [-105.87591170499722, 39.64787595515367], [-105.87591159130841, 39.647866945857594], [-105.87589993719244, 39.64786703374494], [-105.87590266570193, 39.64808325684736], [-105.87589101154964, 39.648083344734204], [-105.87588816939069, 39.64785811233496], [-105.87587651527615, 39.64785820021992], [-105.87587492370226, 39.647732070072074], [-105.87588657779563, 39.647731982187494], [-105.87588680516573, 39.64775000078016], [-105.87589845926209, 39.647749912894355], [-105.87589868663542, 39.64776793148691], [-105.87591034073475, 39.64776784359988], [-105.87591045442299, 39.64777685289611], [-105.87593376262451, 39.64777667711849], [-105.87593387631584, 39.64778568641464], [-105.87594553041804, 39.647785598524045], [-105.8759458714969, 39.64781262641237], [-105.87595752560357, 39.64781253852052], [-105.87595763929814, 39.64782154781655], [-105.87596929340627, 39.64782145992351], [-105.87596940710239, 39.64783046921952], [-105.87598106121199, 39.647830381325285], [-105.87598128860742, 39.64784839991719], [-105.87595798038213, 39.64784857570461], [-105.87595809407689, 39.647857585000594], [-105.87593478584836, 39.64785776078339], [-105.87593489954016, 39.647866770079425], [-105.87594655365595, 39.64786668218858], [-105.87594678104273, 39.64788470078053], [-105.87593512692389, 39.64788478867144]], [[-105.87589982350518, 39.647858024448816], [-105.87589959613082, 39.64784000585655], [-105.87588794201936, 39.64784009374263], [-105.87588816939069, 39.64785811233496], [-105.87589982350518, 39.647858024448816]], [[-105.87593467215662, 39.64784875148735], [-105.87592301804379, 39.64784883937696], [-105.87592313173403, 39.647857848673034], [-105.87593478584836, 39.64785776078339], [-105.87593467215662, 39.64784875148735]], [[-105.87592279066348, 39.64783082078478], [-105.87591113655363, 39.64783090867317], [-105.87591136393091, 39.647848927265414], [-105.87592301804379, 39.64784883937696], [-105.87592279066348, 39.64783082078478]], [[-105.87589914138272, 39.647803968671845], [-105.87589902769581, 39.64779495937563], [-105.87588737359191, 39.64779504726158], [-105.87588748727728, 39.64780405655782], [-105.87589914138272, 39.647803968671845]]], [[[-105.8764626337583, 39.64812408337621], [-105.87646251999696, 39.64811507408184], [-105.87645086584106, 39.648115162024915], [-105.8764506383216, 39.648097143436104], [-105.87646229247447, 39.648097055493096], [-105.8764621787133, 39.648088046198694], [-105.8764738328646, 39.64808795825454], [-105.87647371910198, 39.648078948960155], [-105.87650868155104, 39.648078685120765], [-105.8765092503874, 39.648123731592136], [-105.8764975962302, 39.648123819539904], [-105.87649770999612, 39.648132828834164], [-105.87647440167854, 39.64813300472626], [-105.87647428791564, 39.64812399543194], [-105.8764626337583, 39.64812408337621]]], [[[-105.8765798579893, 39.64817725964512], [-105.87656820382333, 39.64817734760007], [-105.8765679762729, 39.64815932901202], [-105.87657963043584, 39.648159241057115], [-105.8765794028826, 39.648141222469064], [-105.87662601952175, 39.648140870638], [-105.87662658843551, 39.648185917107476], [-105.87661493426823, 39.64818600506713], [-105.87661504804963, 39.64819501436102], [-105.8765917397119, 39.64819519027688], [-105.87659162593353, 39.64818618098295], [-105.87657997176609, 39.64818626893909], [-105.8765798579893, 39.64817725964512]]], [[[-105.87615718302013, 39.648856210285985], [-105.87614552873885, 39.64885629819978], [-105.876145642462, 39.64886530749376], [-105.87611067961335, 39.648865571228214], [-105.8761105658947, 39.64885656193415], [-105.87609891161323, 39.64885664984327], [-105.87609857046216, 39.64882962196096], [-105.876121879016, 39.64882944614171], [-105.87612176529606, 39.64882043684763], [-105.87614507384667, 39.64882026102377], [-105.87614530129265, 39.64883827961181], [-105.8761569555709, 39.648838191698076], [-105.87615706929549, 39.64884720099204], [-105.8761687235752, 39.64884711307711], [-105.8761686098491, 39.64883810378316], [-105.87618026412726, 39.64883801586709], [-105.87618037785487, 39.64884702516101], [-105.87619203213448, 39.64884693724373], [-105.87619214586364, 39.64885594653761], [-105.87618049158252, 39.6488560344549], [-105.87618071903799, 39.64887405304266], [-105.87619237332213, 39.6488739651253], [-105.87619248705145, 39.64888297441914], [-105.8761691784801, 39.648883150252736], [-105.87616906475378, 39.64887414095884], [-105.87615741046953, 39.64887422887386], [-105.87615718302013, 39.648856210285985]]]]}, "properties": {"source": "auto_detect"}}]}